id_alm,id_marca,id_categoria,codigo,cod_fab,existencia,descripcion,cunidad,serie_lote,vcto,maneja_serie_lote
0001,ACCUMAX,03,AT-1000-SLFB,AT-1000-S-L-F-B,7.000,PUNTA GRADUADA UNIVERSAL DE 1000 µL  ESTERIL  PK/1000  ACCUA,PK,-,,0
0001,ACCUMAX,03,AT-100-SLFB,AT-100-S-L-F-B,7.000,PUNTA GRADUADA UNIVERSAL DE 100 µL  ESTERIL  PK/1000 ACCUMAX,PK,-,,0
0001,ACCUMAX,03,AT-200-SLFB,AT-200-S-L-F-B,9.000,PUNTA GRADUADA UNIVERSAL  200 µL  ESTERIL  PK/1000   ACCUMAX,PK,-,,0
0001,ACCUMAX,03,AT-50-SLFB,AT-50-S-L-F-B,7.000,PUNTA GRADUADA UNIVERSAL DE 50 µL  ESTERIL  PK/1000  ACCUAMA,PK,-,,0
0001,AS100,03,T-2000-6,NO.COD.FAB,1.000,TERMOMETRO P/LABORAT.YELLOW BACK -10 a 400¦C. ACCU,UND,-,,0
0001,AS100,03,T-2002,NO.COD.FAB,2.000,TERMOMETRO P/HORNO 0 - 200¦C - ACCURACY SCIENTIFIC,UND,-,,0
0001,AS100,03,T-2265-1,NO.COD.FAB,1.000,TERMOMETRO MAX / MIN -40 a 120¦F. ACCURACY SCIENT,UND,-,,0
0001,AELAB,01,B20T,B20T,1.000,LAVADOR ULTRASONICO DE 20 LT. AELAB,UND,208SB0066,,1
0001,AELAB,01,B20T,B20T,1.000,LAVADOR ULTRASONICO DE 20 LT. AELAB,UND,208SB0076,,1
0001,AELAB,01,B20T,B20T,1.000,LAVADOR ULTRASONICO DE 20 LT. AELAB,UND,208SB0086,,1
0001,AELAB,01,B20T,B20T,1.000,LAVADOR ULTRASONICO DE 20 LT. AELAB,UND,208SB0096,,1
0001,AELAB,01,B20T,B20T,1.000,LAVADOR ULTRASONICO DE 20 LT. AELAB,UND,208SB0106,,1
0001,AELAB,01,B20T,B20T,1.000,LAVADOR ULTRASONICO DE 20 LT. AELAB,UND,208SB0116,,1
0001,AELAB,08,BASKET-12,,12.000,BANDEJAS ACERO INOX. P/LAVADOR ULTRASONICO AELAB,UND,-,,0
0001,AH4140,08,65638-X,,1.000,BOMBA DE ASPIRACION 220V-60CY. MOD. 3040 GOMCO U.S,UND,-,,0
0001,AH4140,08,65650-015,,6.000,BOTELLA PLASTICA UN GALON P/BOMBA D/SUCCION GOMCO,UND,-,,0
0001,ANQING,03,YTR-075,YTR-075,1.000,ROLLO DE PAPEL TYVEK 75MM.x 100M. P/ESTERILIZACION ANQING,ROL,-,,0
0001,ANQING,03,YTR-100,YTR-100,1.000,ROLLO DE PAPEL TYVEK 100MM.x100M. P/ESTERILIZACION ANQING,ROL,-,,0
0001,ANQING,03,YTR-150,YTR-150,1.000,ROLLO DE PAPEL TYVEK 150MM.x 100M. P/ESTERILIZACION ANQING,ROL,-,,0
0001,ANQING,03,YTR-200,YTR-200,1.000,ROLLO DE PAPEL TYVEK 200MM.x 100M.  P/ESTERILIZACION ANQING,ROL,-,,0
0001,ANQING,03,YTR-250,YTR-250,1.000,ROLLO DE PAPEL TYVEK 250MM. x 100M.  P/ESTERILIZACION ANQING,ROL,-,,0
0001,ANQING,03,YTR-350,YTR-350,1.000,ROLLO DE PAPEL TYVEK  350MM.x 100M P/ESTERILIZACION ANQING,ROL,-,,0
0001,ANQING,03,YTR-500,YTR-500,1.000,ROLLO DE PAPEL TYVEK 500MM.x 100M. P/ESTERILIZACION ANQING,ROL,-,,0
0001,AM0706,06,600607,600607,1.000,MICA VISOR DE ALARMA DERECHA P/BOMBA CODAN ARGUS,UND,-,,0
0001,AM0706,06,600608,600608,1.000,MICA VISOR DE ALARMA IZQUIERDA CODAN ARGUS,UND,-,,0
0001,AM0706,03,68050-707,18.1110,1.000,BOMBA DE INFUSION VOLUMETRICA MOD. 707 ARGUS MEDIC,UND,-,,0
0001,AT964,03,S-2033-00,3300,1.000,ANALIZADOR QUIMICO STAT FAX 3300 220V. AWARENESS,UND,-,,0
0001,BC2380,03,S-2056-X,NO.COD.FAB,6.000,CUBETAS 19x150MM. UNIDAD COLEMAN PERKIN ELMER,UND,-,,0
0001,BT1140,08,N-8090-480,SH480XI,3.000,BANDEJA D/CERAMICA 6.9x6.9 P/HORNO MUFLA BARNSTEAD,UND,-,,0
0001,BD1280,03,P-5230-X,NO.COD.FAB,12.000,GOTEROS MEDICINALES CAJA/12 BECTON DICKINSON USA,UND,-,,0
0001,BA1310,03,B609000400,B609000400,1.000,TERMOMETRO DIGITAL  DURAC  50/200C  125MM. BEL ART,UND,E185326,,1
0001,BA1310,03,B609000400,B609000400,1.000,TERMOMETRO DIGITAL  DURAC  50/200C  125MM. BEL ART,UND,E185343,,1
0001,BR1421,03,C-3850-015,10-0152,50.000,TUBO DE CENTRIFUGA GRADUADO 15ML PLASTICO BIOLOGIX,UND,-,,0
0001,BR1421,03,C-3850-050,10-0501,25.000,TUBO DE CENTRIFUGA GRADUADO 50ML PLASTICO BIOLOGIX,UND,-,,0
0001,BI1437,08,7330506,7330506,2.000,CABLE OPTO 14L ASBY PARA LAVADOR ELX50 BIO-TEK,UND,-,,0
0001,BI1437,08,7332508,7332508,1.000,JIG AUTOCAL P/LECTOR DE MICROPLACAS BIOTEK,UND,-,,0
0001,BI1437,03,B-6783-6,75053,8.000,CABLE SERIAL DB9F A DB25F P/LECTOR PLACAS BIOTEK,UND,-,,0
0001,BI1437,08,CAB-26P,NO.COD.FAB,1.000,CABLE D/CONEXION DE 26 PINES P/LECTOR BIOTEK,UND,-,,0
0001,BI1437,08,GEN5CL,NO.COD.FAB,3.000,GEN5 CLINICAL SOFTWARE V1.06.10 BIOTEK,UND,-,,0
0001,BM1425,08,B-2950-6899,TW-103,3.000,CASETTES DE 250 SOLDADURAS P/SELLADOR BMS,UND,-,,0
0001,B1550,03,C-8285,NO.COD.FAB,15.000,AFILADOR DE TALADRO-CORCHOS BOEKEL USA,UND,-,,0
0001,CA1921,03,65641-350,310356,1.000,ASPIRADOR D/SECRECIONES RODAB. HOSPIVAC350 C/2000L,UND,-,,0
0001,CA1921,08,65650-003,NO.COD.FAB,6.000,VALVULA PARA ASPIRADOR DE SECRECION CAMI,UND,-,,0
0001,CA1921,06,65650-073,SP0073,1.000,MEDIDOR DE VACIO P/ASPIRADOR NEW HOSPIVAC350,UND,-,,0
0001,CA1921,04,65650-083,SP0046/01,46.000,FILTRO BACTERIAL SP0046 P/ASPIRADOR ASKIR 20 / 30,UND,-,,0
0001,CA1921,08,65650-312,RE210351,74.000,BASE PLASTICA PARA JARRA 2 LT. CA.MI.,UND,-,,0
0001,CA1921,08,65650-351,RE210351/05,1.000,FRASCO AUTOCLAVABLE C/TAPA 2LT. P/HOSPIVA350 CAMI,UND,-,,0
0001,CA1921,08,65650-353,RE210006,4.000,FRASCO CON TAPA 4000 ML. P/HOSPIVAC350 CAMI,UND,-,,0
0001,CA1921,08,65650-355,RE210352,1.000,TAPAS PARA FRASCO 2000ML. P/NEW ASKIR 30 CAMI,UND,-,,0
0001,CA1921,08,65650-356,NO.COD.FAB,35.000,TAPAS PARA FRASCO 4000ML. P/HOSPIVAC350 CAMI,UND,-,,0
0001,CA1921,08,65650-360,31841,19.000,JARRA FLOVAC 2000ML. PARA ASPIRADOR CAMI,UND,-,,0
0001,CA1921,08,65650-365,31846,4.000,BOLSA P/JARRA FLOVAC 2000 ML. P/ASPIRADOR CAMI,UND,-,,0
0001,CA1921,08,RE210001,RE210001,6.000,FRASCO AUTOCLAVABLE 1 LT. C/TAPA P/ASKIR30 CAMI,UND,-,,0
0001,CA1921,08,RE210001/02,RE210001/02,1.000,FRASCO AUTOCLAVABLE CON TAPA 1000 ML. P/ASPIRADOR,UND,-,,0
0001,CA1921,08,RE210010/01,RE210010/01,2.000,FRASCO AUTOCLAVABLE CON TAPA  5000ML  CAMI,UND,-,,0
0001,CA1921,08,RE210351/01,RE210351/01,5.000,FRASCO AUTOCLAVABLE CON TAPA  2000ML.  CAMI,UND,-,,0
0001,CA1921,08,RE210352,RE210352,6.000,TAPA PARA FRASCO DE 1000-2000ML. CAMI,UND,-,,0
0001,CA1921,04,RE310100/02,RE310100/02,1.000,ASPIRADOR D/SECRECIONES N. ASKIR30 FRASCO 1LT. CAM,UND,123039,,1
0001,CA1921,04,RE310100/02,RE310100/02,1.000,ASPIRADOR D/SECRECIONES N. ASKIR30 FRASCO 1LT. CAM,UND,123040,,1
0001,CA1921,04,RE310100/02,RE310100/02,1.000,ASPIRADOR D/SECRECIONES N. ASKIR30 FRASCO 1LT. CAM,UND,123041,,1
0001,CA1921,04,RE310100/02,RE310100/02,1.000,ASPIRADOR D/SECRECIONES N. ASKIR30 FRASCO 1LT. CAM,UND,123042,,1
0001,CA1921,04,RE310100/02,RE310100/02,1.000,ASPIRADOR D/SECRECIONES N. ASKIR30 FRASCO 1LT. CAM,UND,123043,,1
0001,CA1921,04,RE310100/02,RE310100/02,1.000,ASPIRADOR D/SECRECIONES N. ASKIR30 FRASCO 1LT. CAM,UND,123044,,1
0001,CA1921,04,RE310100/02,RE310100/02,1.000,ASPIRADOR D/SECRECIONES N. ASKIR30 FRASCO 1LT. CAM,UND,123045,,1
0001,CA1921,04,RE310100/02,RE310100/02,1.000,ASPIRADOR D/SECRECIONES N. ASKIR30 FRASCO 1LT. CAM,UND,123046,,1
0001,CA1921,04,RE310100/02,RE310100/02,1.000,ASPIRADOR D/SECRECIONES N. ASKIR30 FRASCO 1LT. CAM,UND,123047,,1
0001,CA1921,04,RE310211,RE310211,1.000,ASPIRADOR DE SECRECCIONES ELECTRICO NEW ASKIR 230,UND,053073,,1
0001,CA1921,04,RE310211,RE310211,1.000,ASPIRADOR DE SECRECCIONES ELECTRICO NEW ASKIR 230,UND,053074,,1
0001,CA1921,04,RE310211,RE310211,1.000,ASPIRADOR DE SECRECCIONES ELECTRICO NEW ASKIR 230,UND,053081,,1
0001,CA1921,04,RE310211,RE310211,1.000,ASPIRADOR DE SECRECCIONES ELECTRICO NEW ASKIR 230,UND,053082,,1
0001,CA1921,04,RE310211,RE310211,1.000,ASPIRADOR DE SECRECCIONES ELECTRICO NEW ASKIR 230,UND,053083,,1
0001,CA1921,04,RE310211,RE310211,1.000,ASPIRADOR DE SECRECCIONES ELECTRICO NEW ASKIR 230,UND,053084,,1
0001,CA1921,04,RE310211,RE310211,1.000,ASPIRADOR DE SECRECCIONES ELECTRICO NEW ASKIR 230,UND,053085,,1
0001,CA1921,04,RE310211,RE310211,1.000,ASPIRADOR DE SECRECCIONES ELECTRICO NEW ASKIR 230,UND,053086,,1
0001,CA1921,04,RE410350/36,RE410350/36,1.000,ASPIRADOR DE SECRECIONES NEW HOSPIVAC 400 BASIC 5  CAMI,UND,18582,,1
0001,CA1921,04,RE410350/36,RE410350/36,1.000,ASPIRADOR DE SECRECIONES NEW HOSPIVAC 400 BASIC 5  CAMI,UND,18584,,1
0001,CA1921,04,RE410356,RE410356,1.000,ASPIRADOR D/SECRECIONES NEW HOSPIVAC 350 BASIC 2,UND,074805,,1
0001,CA1921,04,RE410356,RE410356,1.000,ASPIRADOR D/SECRECIONES NEW HOSPIVAC 350 BASIC 2,UND,074806,,1
0001,CA1921,04,RE410356/39,RE410356/39,1.000,ASPIRADOR DE SECRECION MOD. NEW HOSPIVAC BASIC 5   CAMI,UND,49217,,1
0001,CA1921,08,SP0006/04,SO0006/04,5.000,REGULADOR PARA MOD. FLO CLINEB CAMI,UND,-,,0
0001,CA1921,04,SP0046,SP0046,19.000,FILTRO ANTIBACTERIAL PARA ASPIRADOR DE SECRECION CAMI,UND,WO-AFS-2011,30/09/2026,1
0001,CA1921,04,SP0047,SP0047,52.000,FILTRO ANTIBACTERIAL P/HOSPIVAC 400 CAMI,UND,SIN/LOTE,,1
0001,CA1921,04,SP0048,SP0048,5.000,SET PARA BOMBA P/MOD. FLO CLINEB CAMI,UND,-,,0
0001,CA1921,08,SP0134,SP0134,3.000,BASE DE GOMA ANTIVIBRACION P/ASPIRADOR  CAMI,UND,-,,0
0001,CT2078,08,102-008-4,102-008-4,1.000,MOTOR REDUCTOR GM35BE 12V. P/MEZCLADOR CENTRON,UND,-,,0
0001,CT2078,08,102-061-5A,102-061-5A,6.000,PACK DE BATERIAS  BN128A  12V/ 4.5 AH  CENTRON,PK,-,,0
0001,CT2078,03,102-100-2,102-100-2,2.000,CELDA  DE  PESO   6KG.  CENTRON,UND,-,,0
0001,CT2078,08,200-069,200-069,1.000,UNIDAD DE CONTROL REMOTO P/HEMOBASCULA  CENTRON,UND,-,,0
0001,CT2078,08,302-186,302-186,1.000,BARRA SUJETADORA PARA HEMOBASCULA  CENTRON,UND,-,,0
0001,CT2078,08,B-2950-0045,100-045,3.000,MODULO COLECTION DATA MANAGER (CDM)  KIT PARA MOD. CM760,KIT,-,,0
0001,CT2078,08,B-2950-0069,102-069,1.000,PESAS DE 500 GR. CENTRON,UND,-,,0
0001,CT2078,01,B-2950-735,CM735A,1.000,AGITADOR DE BOLSAS DE SANGRE MOD. CM735A CENTRON,UND,,,1
0001,CT2078,08,B-2950-7602,102-061-5,6.000,KIT DE BATERIAS BN128 P/COLECTOR MEZCLADOR 760,UND,-,,0
0001,CT2078,01,ES315,ES315,1.000,EXTRACTOR DE PLASMA MOD.  ES315  CENTRON,UND,4123,,1
0001,CT2078,01,ES315,ES315,1.000,EXTRACTOR DE PLASMA MOD.  ES315  CENTRON,UND,4124,,1
0001,CH2140,08,70665,,1.000,GANCHO METALICO (HOOK TXM) CHATTANOOGA,UND,-,,0
0001,CH2140,08,70680-2051,2051,1.000,EQUIPO DE PARAFINA MOD. PARACARE 220V 60HZ.,UND,-,,0
0001,CL2246,08,312,312,1.000,CUBETAS DE 450ML. CJA/144 P/AGREGOMETRO CHRONOLOG,UND,-,,0
0001,CL2246,08,362,362,1.000,EXTRACTOR MAGNETICO P/AGREGOMETRO CHRONOLOG,UND,-,,0
0001,CL2246,08,365,365,1.000,ESPACIADORES DE JEBE CJA/100 P/AGREGOMETRO CHRONOL,UND,-,,0
0001,CL2246,08,366,366,1.000,INSERT IN BLOK P/AGREGOMETRO CHRONOLOG,UND,-,,0
0001,CL2246,08,367,367,1.000,CUBETAS DE 1ML. CJA/144 P/AGREGOMETRO,UND,-,,0
0001,CISA,08,AT-RV-000016-00,AT-RV-000016-00,1.000,GUARNICAO  DIAMET.  14MM PARA AUTOCLAVE MOD. 640 CISA,UND,-,,0
0001,CISA,08,AT-RV-000029-00,AT-RV-000029-00,1.000,KIT DE CONSUMIBLES PARA AUTOCLAVE MARCA  CISA,UND,-,,0
0001,CISA,08,AT-RV-000059-00,AT-RV-000059-00,1.000,ACEITE SINTETICO PARA BOMBA DE VACIO  CISA,UND,-,,0
0001,CISA,08,HD-ST-000005-00,HD-ST-000005-00,1.000,SONDA PT 100  CLASE A   CISA,UND,-,,0
0001,CISA,08,HD-ST-000008-00,HD-ST-000008-00,1.000,TERMOSTATO DE REARME MANUAL   CISA,UND,-,,0
0001,CISA,08,HD-VS-000001-00,HD-VS-000001-00,1.000, VALVULA DE SEGURIDAD  3.5 BAR.  3/4  x1     CISA ,UND,-,,0
0001,CISA,08,ME-DE-037581-01,ME-DE-037581-01,1.000, ARANDELA TEFLON  1/2     CISA ,UND,-,,0
0001,CISA,08,ME-DE-037582-00,ME-DE-037582-00,1.000, ARANDELA TEFLON  3/4     CISA ,UND,-,,0
0001,CISA,08,ME-DE-050406-01,ME-DE-050406-01,1.000, SONDA  NIVEL  3/4      CISA ,UND,-,,0
0001,CISA,08,PN-BP-000001-00,PN-BP-000001-00,1.000,BLOQUE NEUMATICO     CISA,UND,-,,0
0001,CISA,08,PN-TB-000001-00,PN-TB-000001-00,2.000,MANGUERA DE TEFLON DIAMETRO 4MM EXT. 2.5MM INT. CISA,UND,-,,0
0001,CISA,08,PN-TB-000002-00,PN-TB-000002-00,2.000,MANGUERA DE TEFLON DIAMETRO 6MM EXT. 4MM INT.  CISA,UND,-,,0
0001,CISA,08,PN-TB-000003-01,PN-TB-000003-01,2.000,MANGUERA DE TEFLON DIAMETRO 8MM. EXT.  6MM. INT.  CISA,UND,-,,0
0001,CISA,08,PN-VR-000002-00,PN-VR-000002-00,1.000, REGULADOR DE PRESION  1/4     CISA ,UND,-,,0
0001,CM0706,08,600393,600393,1.000, DETECTOR DE GOTEO CODAN ARGUS,UND,10078323,,1
0001,CM0706,08,600393,600393,1.000, DETECTOR DE GOTEO CODAN ARGUS,UND,10078736,,1
0001,CM0706,08,600393,600393,1.000, DETECTOR DE GOTEO CODAN ARGUS,UND,10078737,,1
0001,CM0706,08,600393,600393,1.000, DETECTOR DE GOTEO CODAN ARGUS,UND,10078738,,1
0001,CM0706,08,600393,600393,1.000, DETECTOR DE GOTEO CODAN ARGUS,UND,10078739,,1
0001,CM0706,08,600393,600393,1.000, DETECTOR DE GOTEO CODAN ARGUS,UND,10078740,,1
0001,CM0706,08,600393,600393,1.000, DETECTOR DE GOTEO CODAN ARGUS,UND,10078741,,1
0001,CM0706,08,600393,600393,1.000, DETECTOR DE GOTEO CODAN ARGUS,UND,10078742,,1
0001,CM0706,08,600393,600393,1.000, DETECTOR DE GOTEO CODAN ARGUS,UND,10078743,,1
0001,CM0706,08,600393,600393,1.000, DETECTOR DE GOTEO CODAN ARGUS,UND,10078744,,1
0001,CM0706,08,600393,600393,1.000, DETECTOR DE GOTEO CODAN ARGUS,UND,10078745,,1
0001,CM0706,08,600393,600393,1.000, DETECTOR DE GOTEO CODAN ARGUS,UND,10078746,,1
0001,CM0706,08,600393,600393,1.000, DETECTOR DE GOTEO CODAN ARGUS,UND,10078747,,1
0001,CM0706,08,600486,600486,3.000,TOMACORRIENTE PRINCIPAL P/BOMBA DE INFUSION CODAN,UND,-,,0
0001,CM0706,08,600586,600586,2.000,CABLE DE INTERFACE RS-232 3M. P/BOMBA DE INFUSION,UND,-,,0
0001,CM0706,08,600744,600744,9.000,GUIA DE JERINGA   CODAN ARGUS,UND,-,,0
0001,CM0706,08,600862,600862,1.000,CABLE DMS PARA TARJETA DE SENSOR  CODAN ARGUS,UND,-,,0
0001,CM0706,08,601060,601060,1.000,CUBIERTA P/BOMBA DE INFUSION CON PANTALLA CODAN,UND,-,,0
0001,CM0706,08,601164,601164,4.000,CABLE FLEX V3 P/606S,UND,-,,0
0001,CM0706,08,601240,601240,5.000,MICA VISOR DE ALARMA IZQUIERDO PARA BOMBA  CODAN,UND,-,,0
0001,CM0706,08,601254,601254,5.000,MICA VISOR DE ALARMA DERECHO  PARA BOMBA  CODAN,UND,-,,0
0001,CM0706,08,601259,601259,47.000,BATERIA P/MOD. A707 / A708 CODAN ARGUS,UND,-,,0
0001,CM0706,08,601506,601506,1.000,MANOMETRO DE 2.5 BAR CONTROL DE PRESION ARGUS,UND,-,,0
0001,CM0706,08,601592,601592,3.000,CABEZAL DE CONDUCCION P/BOMBA DE INFUSION CODAN,UND,-,,0
0001,CM0706,08,601955,601955,1.000,SENSOR DE PRESION  Z 1.0  A71X/ A70X,UND,-,,0
0001,CM0706,06,601956,601956,4.000,DETECTOR DE AIRE CODAN ARGUS,UND,-,,0
0001,CM0706,03,602226,602226,13.000,DETECTOR DE GOTAS    CODAN  ARGUS,UND,-,,0
0001,FS3894,01,E200X,E200X,1.000,CAMILLA MOD. E200X C/ACCESORIOS COMPLETA COGENT,UND,-,,0
0001,JL5110,08,021060,021060,3.000,CARGADOR TRANSFORMADOR MOD. SYS1183-6524 P/ESPECTR,UND,-,,0
0001,JL5110,08,027-500,027500,1.000,SONDA DE TEMPERATURA P/3505/3510/3520/3540 TECHNE,UND,-,,0
0001,JL5110,03,452-201,452201,1.000,CONDUCTIVIMETRO MOD. 4520 230V. JENWAY,UND,-,,0
0001,JL5110,08,7019920,7019920,1.000,MANUAL DE SERVICIO PARA MOD. 6300 EN CD JENWAY,UND,-,,0
0001,JL5110,08,903-300,903-300,1.000,PORTA ELECTRODO MARCA JENWAY,UND,-,,0
0001,JL5110,08,EW-83070-39,EW-83070-39,1.000,IMPRESORA P/ESPECTROFOTOMETRO  660-101 JENWAY,UND,18A00341,,1
0001,JL5110,06,EW-83070-50,EW-83070-50,1.000,CELDA DE FLUJO DE VIDRIO 80UL P/ESPECTROFOTOMET.,UND,-,,0
0001,JL5110,06,S-2060,NO.COD.FAB,1.000,MICROCUBETA P/ESPECTROFOT. MOD.6400 PK/100 JENWAY,UND,-,,0
0001,JL5110,06,S-2140X,NO.COD.FAB,1.000,LAMPARA HALOGENA D/TUNSGTENO P/MOD. 6300-6400 JENW,UND,-,,0
0001,CP2385,03,EW-83056-93,EW-83056-93,1.000,CAMARA DE MODULOS DE SERIE SIPPER Y PELTIER,UND,71788,,1
0001,CP2385,03,EW-83056-93,EW-83056-93,1.000,CAMARA DE MODULOS DE SERIE SIPPER Y PELTIER,UND,71789,,1
0001,CP2385,03,EW-83056-93,EW-83056-93,1.000,CAMARA DE MODULOS DE SERIE SIPPER Y PELTIER,UND,71792,,1
0001,CP2385,03,FF-35440-06,FF-35440-06,1.000,MEDIDOR DE PH P/LABORATORIO  (451201)  COLE PARMER,UND,70993,,1
0001,CP2385,03,FF-35440-06,FF-35440-06,1.000,MEDIDOR DE PH P/LABORATORIO  (451201)  COLE PARMER,UND,70994,,1
0001,CP2385,01,FF-83056-65,FF-83056-65,1.000,ESPECTROFOTOMETRO MOD. 6705  LUZ  UV/ VISIBLE - JENWAY,UND,71876,,1
0001,CP2385,08,FF-83070-76,FF-83070-76,2.000,CUBETAS DE CUARZO 3.5 ML.  10MM.  COLE PARMER,UND,-,,0
0001,CP2385,08,FF-99610-30,FF-99610-30,4.000,CUBETAS DE VIDRIO  10x10 MM.  COLE PARMER,UND,-,,0
0001,CP2385,06,FF-99956-15,FF-99956-15,2.000,LAMPARA D/TUNGSTENO HALOGENO P/ESPECTROFOTOMETRO,UND,-,,0
0001,CP2385,06,S-2060-X,,84.000,MICROCUBETA P/ESPECTROFOT. MOD.6400 C/U JENWAY,UND,-,,0
0001,C2400,03,004210,004210,4.000,FAJA SUJETADORA  ALTERNA BELT P/PLACA 2 PIEZAS COLOPLAST,UND,8580933,11/01/2027,1
0001,C2400,03,004210,004210,45.000,FAJA SUJETADORA  ALTERNA BELT P/PLACA 2 PIEZAS COLOPLAST,UND,9935108,03/07/2028,1
0001,C2400,04,05008,05008,170.000,CATETER EASICATH PEDIATRICO2  CH8 COLOPLAST,UND,10288131,01/04/2028,1
0001,C2400,04,05010,05010,15.000,CATETER  EASICATH  PEDIATRICO CH10  COLOPLAST,UND,10275529,31/03/2028,1
0001,C2400,04,05010,05010,55.000,CATETER  EASICATH  PEDIATRICO CH10  COLOPLAST,UND,10216916,18/02/2028,1
0001,C2400,04,05230,05230,6.000,COLECTOR URINARIO EXTERNO CONVEEN  CT.  5230   COLOPLAST,UND,10462980,25/07/2028,1
0001,C2400,04,05235,05235,2130.000,COLECTOR URINARIO EXTERNO CONVEEN   COLOPLAST,UND,10132218,01/01/2028,1
0001,C2400,04,05235,05235,4377.000,COLECTOR URINARIO EXTERNO CONVEEN   COLOPLAST,UND,10029702,28/10/2027,1
0001,C2400,04,05372,05372,25.000,CATETER  EASICATH   FEMENINO CH12  COLOPLAST,UND,10288132,04/04/2028,1
0001,C2400,04,10366,10366,358.000,BOLSA OST. SENSURA CLICK 2 PC  ABIERTA OPACA MAXI ACOP.Ø60MM,UND,10142923,19/10/2027,1
0001,C2400,04,10367,10367,1041.000,BOLSA OST. SENSURA CLICK 2 PC ABIERTA OPACA MAXI ACOP. Ø70MM,UND,10142921,12/10/2027,1
0001,C2400,04,11035,11035,7.000,PLACA BASE SENSURA CLICKXPRO C/O/P/CINT.ACOP Ø 60MM  15-43MM,UND,10186699,17/11/2027,1
0001,C2400,04,11035,11035,484.000,PLACA BASE SENSURA CLICKXPRO C/O/P/CINT.ACOP Ø 60MM  15-43MM,UND,10142922,31/10/2027,1
0001,C2400,04,11045,11045,125.000,PLACA BASE SENSURA CLICKXPROC/O/P/CINT.ACOP.  Ø70MM  15-53MM,UND,10001555,09/10/2027,1
0001,C2400,04,11045,11045,327.000,PLACA BASE SENSURA CLICKXPROC/O/P/CINT.ACOP.  Ø70MM  15-53MM,UND,10001557,07/10/2027,1
0001,C2400,04,11045,11045,861.000,PLACA BASE SENSURA CLICKXPROC/O/P/CINT.ACOP.  Ø70MM  15-53MM,UND,10001556,08/10/2027,1
0001,C2400,04,11812,11812,580.000,BOLSA UROSTOMIA SENSURA 1PC OPACA LIG.CVX MAXI   15-43MM,UND,9733744,08/03/2027,1
0001,C2400,04,12010,12010,78.000,REMOVEDOR DE ADHESIVOS SPRAY  BRAVA  50 ML  COLOPLAST,UND,871049,16/07/2028,1
0001,C2400,04,12020,12020,14.000,BARRERA LIQUIDA PROTECTOR SKIN BARRIER SPRAY COLOPLAST,UND,89374,18/08/2029,1
0001,C2400,04,12020,12020,352.000,BARRERA LIQUIDA PROTECTOR SKIN BARRIER SPRAY COLOPLAST,UND,89388,15/02/2030,1
0001,C2400,04,12030,12030,1.000,ANILLO MOLDEABLE  BRAVA  2.0 MM  COLOPLAST,UND,9740084,05/05/2027,1
0001,C2400,04,12030,12030,3.000,ANILLO MOLDEABLE  BRAVA  2.0 MM  COLOPLAST,UND,10216947,02/03/2028,1
0001,C2400,04,12030,12030,88.000,ANILLO MOLDEABLE  BRAVA  2.0 MM  COLOPLAST,UND,10445416,14/07/2028,1
0001,C2400,04,12042,12042,545.000,ANILLO MOLDEABLE  BRAVA  4.2MM  UNIDAD  COLOPLAST,UND,10777990,10/02/2029,1
0001,C2400,01,12042-CJA,,21.000,ANILLO MOLDEABLE BRAVA 4.2MM  CJA/10   COLOPLAST,CJA,10777990,10/02/2029,1
0001,C2400,04,12050,12050,1.000,PASTA PARA COLOSTOMIA BRAVA SIN ALCOHOL,UND,10085795,01/12/2026,1
0001,C2400,04,12050,12050,96.000,PASTA PARA COLOSTOMIA BRAVA SIN ALCOHOL,UND,10373386,30/05/2027,1
0001,C2400,04,13830,13830,189.000,BOLSA PARA OSTOMIA ALTERNA  TRANSP.  12 - 65 MM  COLOPLAST,UND,10735261,01/04/2028,1
0001,C2400,04,13830,13830,577.000,BOLSA PARA OSTOMIA ALTERNA  TRANSP.  12 - 65 MM  COLOPLAST,UND,9733746,15/02/2027,1
0001,C2400,04,13860,13860,1.000,BOLSA PARA OSTOMIA ALTERNA TRANSP. 12 - 75 MM  COLOPLAST,UND,10409722,02/07/2028,1
0001,C2400,04,13860,13860,9.000,BOLSA PARA OSTOMIA ALTERNA TRANSP. 12 - 75 MM  COLOPLAST,UND,10949683,07/06/2029,1
0001,C2400,04,13860,13860,17.000,BOLSA PARA OSTOMIA ALTERNA TRANSP. 12 - 75 MM  COLOPLAST,UND,10949688,03/06/2029,1
0001,C2400,04,13976,13976,154.000,BOLSA PARA OSTOMIA  ALTERNA 2 PIEZAS ABIERTA  COLOPLAST,UND,10193356,10/07/2027,1
0001,C2400,04,13976,13976,660.000,BOLSA PARA OSTOMIA  ALTERNA 2 PIEZAS ABIERTA  COLOPLAST,UND,10772712,01/02/2029,1
0001,C2400,04,15202,15202,218.000,BOLSA OST SENSURA 1PC OPEN C/V OPACA LIGVX C/CO MIDI 15-43MM,UND,9733741,16/02/2027,1
0001,C2400,04,15251,15251,912.000,BOLSA OST. SENSURA 1PC ABIERTA C/V OPACA C/CO MIDI 10-66MM,UND,9733745,08/01/2027,1
0001,C2400,04,15281,15281,262.000,BOLSA OST. SENSURA 1PC ABIERTA C/V OPACA  C/CO MAXI 10-76MM,UND,9733740,25/01/2027,1
0001,C2400,04,15570,15570,1384.000,BOLSA OSTOMIA SENSURA 1PC ABIERTA TRANSP. C/CO MAXI 10-76MM,UND,9733746,15/02/2027,1
0001,C2400,04,1759,1759,1014.000,BOLSA D/UROSTOMIA MAXI TRANSP. 60MM ALTERNA 2 PIEZAS COLOPLA,UND,10852451,22/02/2031,1
0001,C2400,04,17720,17720,150.000,DISCO BASE PLANO P/OSTOMIA  2 PIEZAS COLOPLAST,UND,10951184,17/03/2029,1
0001,C2400,04,17720,17720,2025.000,DISCO BASE PLANO P/OSTOMIA  2 PIEZAS COLOPLAST,UND,10852450,12/03/2029,1
0001,C2400,04,17763,17763,35.000,DISCO BASE CONVEXO P/OSTOMIA  2 PIEZAS  COLOPLAST,UND,10186597,01/12/2027,1
0001,C2400,04,21880-15,3900,1.000,PURILON GEL COMFEEL 15GR. COD. 3900  COLOPLAST,UND,103798,03/01/2023,1
0001,C2400,04,28410,28410,35.000,CATETER SPEEDICATH STANDAR  CH10  MASCULINO CLOPLAST,UND,10530675,06/09/2027,1
0001,C2400,04,28410,28410,870.000,CATETER SPEEDICATH STANDAR  CH10  MASCULINO CLOPLAST,UND,10533981,06/09/2027,1
0001,C2400,04,28414,28414,2461.000,CATETER SPEEDICATH STANDAR  CH14  MASCULINO COLOPLAST,UND,10476690,29/07/2027,1
0001,C2400,04,28708,28708,6.000,CATETER SPEEDICATH STANDAR  CH08  PEDIATRICO  COLOPLAST,UND,10557696,22/09/2027,1
0001,C2400,04,28708,28708,570.000,CATETER SPEEDICATH STANDAR  CH08  PEDIATRICO  COLOPLAST,UND,10481640,02/08/2027,1
0001,C2400,04,33115,33115,349.000,APOSITO  COMFEEL  PLUS  15x15    COLOPLAST,UND,10337573,07/05/2028,1
0001,C2400,04,33421,33421,20.000,APOSITO BIATAIN HIDROPOLIMERO ADHESIVO  15x15CM  COLOPLAST,UND,10192589,11/02/2028,1
0001,C2400,04,33539,33539,248.000,APOSITO TRANSPARENTE COMFEEL PLUS 15x15 COLOPLAST,UND,10740094,01/02/2029,1
0001,C2400,04,3903,3903,1010.000,PURILON GEL COMFEEL 25 GR.   COLOPLAST,UND,109746,25/04/2028,1
0001,C2400,04,39636,39636,55.000,APOSITO BIATAIN SILICONE AG  COLOPLAST,UND,10768899,02/02/2029,1
0001,C2400,04,39638,39638,171.000,APOSITO BIATAIN SILICONE  AG  COLOPLAST,UND,10738939,14/01/2029,1
0001,C2400,04,39639,39639,1044.000,APOSITO BIATAIN SILICONE  Ag  COLOPLAST,UND,9728654,21/05/2027,1
0001,C2400,04,39640,39640,69.000,APOSITO BIATAIN SILICONE  AG  COLOPLAST,UND,10834477,16/01/2029,1
0001,C2400,04,5585,5585,3.000,BOLSA DE UROSTOMIA MAXI 10-55MM UNA PIEZA  COLOPLAST,UND,9853793,06/06/2027,1
0001,C2400,04,5585,5585,5.000,BOLSA DE UROSTOMIA MAXI 10-55MM UNA PIEZA  COLOPLAST,UND,10765272,24/11/2028,1
0001,C2400,04,5585,5585,115.000,BOLSA DE UROSTOMIA MAXI 10-55MM UNA PIEZA  COLOPLAST,UND,10772711,24/11/2028,1
0001,C2400,04,8002,8002,5.000,BOLSA DE OSTOMIA ALTERNA UNA PIEZA 10-35 MM PEDIATRICA COLOP,UND,10313094,25/03/2028,1
0001,CS2501,03,D-4016-X,,1.000,DESTILADOR ELECTRICO DE UN GALON 220V, CONSOLIDATE,UND,-,,0
0001,CG2590,03,B-2650-10,NO.COD.FAB,2.000,VASO DE PRECIPITACION FORMA BAJA 10 ML.CORNING GLA,UND,-,,0
0001,CG2590,03,B-2650-400A,1000-400,1.000,VASO DE PRECIPITACION FORMA BAJA 400 ML. CORNING,UND,-,,0
0001,CG2590,03,B-7581-95L,NO.COD.FAB,10.000,BOTELLA ASPIRADORA CON LLAVE 9500 ML.(2 1/2 GL)COR,UND,-,,0
0001,CG2590,03,C-3804-50,NO.COD.FAB,1.000,TUBO CONICO P/CENTRIFUGA S/GRADUAR 50 ML.CORNING G,UND,-,,0
0001,CG2590,03,C-3973-250,NO.COD.FAB,84.000,TUBO D/CENTRIFUGA C/TAPA 250 ML. ESTERIL DESCART.,UND,-,,0
0001,CG2590,03,C-4052-050,3114-0050,5.000,TUBO P/CENTRIFUGA OAK RIDGE FEP 50ML. (3114-0050),UND,-,,0
0001,CG2590,03,C-8530-6,NO.COD.FAB,7.000,CRISOLES TIPO GOOCH FORMA BAJA 15ML. POROSIDAD F.,UND,-,,0
0001,CG2590,03,C-8530-7,32960-30C,55.000,CRISOL TIPO GOOCH FORMA BAJA POROSIDAD C 30ML,UND,-,,0
0001,CG2590,03,D-1435-1,3121-200,2.000,DESECADOR COMPLETO 5.8LT C/TAPON 200ML CORNING,UND,-,,0
0001,CG2590,03,D-1460-4X,NO.COD.FAB,3.000,MANGO PARA DESECADOR PYREX DE 200 MM CORNING GLAS,UND,-,,0
0001,CG2590,03,D-2005-5,3160-150,1.000,PLACAS PETRI COMPLETO 150X15ML PYREX CORNING,UND,-,,0
0001,CG2590,03,F-4000-125B,NO.COD.FAB,6.000,BALON FONDO PLANO, PYREX 125 ML. CORNING,UND,-,,0
0001,CG2590,03,F-4003-1L,4320-1L,4.000,BALON FONDO REDONDO PYREX 1 LT. BOCA 24/40 CORNING,UND,-,,0
0001,CG2590,03,F-4250-25,NO.COD.FAB,11.000,FRASCO ERLENMEYER SIN TAPA, 25 CC. PYREX,UND,-,,0
0001,CG2590,03,F-4250-6L,4980-6L,2.000,MATRAZ ERLENMEYER GRADUADO 6000ML PYREX CORNING GL,UND,-,,0
0001,CG2590,03,F-4380-250,NO.COD.FAB,4.000,KITASATO DE 250 ML. PYREX CORNING GLASS,UND,-,,0
0001,CG2590,03,F-4430-500,NO.COD.FAB,1.000,MATRAZ KJELDAHL 500 ML. PYREX CORNING GLASS,UND,-,,0
0001,CG2590,03,F-4665-200,NO.COD.FAB,1.000, MATRAZ VOLUMETRICO CLASE   A   200 ML. C/TAPA VIDRIO ,UND,-,,0
0001,CG2590,03,F-4665-250,NO.COD.FAB,18.000,MATRAZ VOLUMETRICO (FIOLA) 250 ML. C/TAPA CLASE A,UND,-,,0
0001,CG2590,03,F-4665-50,NO.COD.FAB,2.000, MATRAZ VOLUMETRICO (FIOLA) 50 ML. C/TAPA CLASE   A   ,UND,-,,0
0001,CG2590,03,F-4666-500,NO.COD.FAB,20.000,MATRAZ VOLUMETRICO 500 ML. LINEA ROJA C/TAPA V.,UND,-,,0
0001,CG2590,03,F-4670-10,NO.COD.FAB,4.000,MATRAZ VOLUMETRICO (FIOLA) 10 ML. MICRO CORNING,UND,-,,0
0001,CG2590,03,F-7215-1,NO.COD.FAB,10.000,EMBUDO TALLO CORTO, 50 MM. RANURADOS CORNING GLASS,UND,-,,0
0001,CG2590,03,F-7220-2,NO.COD.FAB,1.000,EMBUDO TALLO CORTO 150 MM. CORNING GLASS,UND,-,,0
0001,CG2590,03,F-7250-1M,NO.COD.FAB,104.000,EMBUDO TALLO LARGO , 50 MM. PLANO CORNING,UND,-,,0
0001,CG2590,03,F-7355-6,36060,24.000,EMBUDO TIPO BUCHNER 30M/DISC 30 ml. FORMA BAJA,UND,-,,0
0001,CG2590,03,G-6005-3,7268-5,2.000,PERLAS DE VIDRIO X 1 LB. 5MM. CORNING GLASS,UND,-,,0
0001,CG2590,03,G-6050-10,NO.COD.FAB,62.000,TUBERIA DE VIDRIO X 1 LB. DE 10 MM. CORNING GLASS,UND,-,,0
0001,CG2590,03,G-6050-11,NO.COD.FAB,160.000,TUBERIA DE VIDRIO X 1 LB. DE 11 MM. CORNING GLASS,UND,-,,0
0001,CG2590,03,G-6050-8,NO.COD.FAB,1.000,TUBERIA DE VIDRIO X 1 LB. DE 8 MM. CORNING GLASS,UND,-,,0
0001,CG2590,03,G-6050-9,234090,62.000,TUBERIA DE VIDRIO DE 9 MM. X 1 LB. CORNING,UND,-,,0
0001,CG2590,03,G-6051-11X,NO.COD.FAB,5.000,TUBERIA DE VIDRIO (11 MM.x 7 MM.) X 1 LB CORNING G,UND,-,,0
0001,CG2590,03,G-6165-5,NO.COD.FAB,39.000,VARILLA DE VIDRIO 5 MM. X 1 LB. CORNING GLASS,UND,-,,0
0001,CG2590,03,G-6165-7,NO.COD.FAB,124.000,VARILLA DE VIDRIO BOROSILICATO 7MM X 1 LIBRA,UND,-,,0
0001,CG2590,03,G-7710-7,NO.COD.FAB,1.000,COPAS GRADUADAS 250 ML. CORNING GLASS,UND,-,,0
0001,CG2590,03,G-7710-8,NO.COD.FAB,1.000,COPAS GRADUADAS 500 ML. CORNING GLASS,UND,-,,0
0001,CG2590,03,M-8070,NO.COD.FAB,28.000,BOTELLA DE DILUCION DE LECHE, PLANA CORNING GLASS,UND,-,,0
0001,CG2590,03,P-4185-05,NO.COD.FAB,1.000, PIPETA VOLUMETRICA DE 1/2 ML. CLASE   A   CORNING ,UND,-,,0
0001,CG2590,03,P-4334-2,NO.COD.FAB,5.000,PIPETA ACCU-RED, PYREX 2 X 1/10 CORNING GLASS,UND,-,,0
0001,CG2590,03,P-4395-5Z,NO.COD.FAB,2.000,PIPETA SEROLOGICA V.D.R.L. 0.5 X 0.01ML. CORNING G,UND,-,,0
0001,CG2590,03,P-5201-1,NO.COD.FAB,21.000, PIPETA PASTEUR 5-3/4   PQ/200 CORNING GLASS ,UND,-,,0
0001,CG2590,03,P-5201-1X,NO.COD.FAB,84.000, PIPETA PASTEUR 5-3/4   POR UNIDAD CORNING ,UND,-,,0
0001,CG2590,03,S-9060-8,NO.COD.FAB,8.000,TAPAS P/BOTELLAS ASPIRADORES 9,500 CC. CORNING GLA,UND,-,,0
0001,CG2590,03,T-1110-13,NO.COD.FAB,188.000,TAPAS DE BAKELITA PARA TUBOS 13x100 CORNING,UND,-,,0
0001,CG2590,03,T-1110-16,NO.COD.FAB,12.000,TAPAS DE BAKELITA PARA TUBOS DE 16x125 CORNING,UND,-,,0
0001,CG2590,03,T-1110-20,NO.COD.FAB,40.000,TAPAS DE BAKELITA PARA TUBOS 16x125 CORNING,UND,-,,0
0001,CG2590,03,T-1210-10,9800-20,294.000,TUBO DE PRUEBA CON REBORDE 20x150 CORNING,UND,-,,0
0001,CG2590,03,T-1310-3X,99445-12,12.000,TUBO D/PRUEBA S/TAPA 12x75 DESCARTABLE PK/250,UND,-,,0
0001,CG2590,03,W-2500-100,9985-100,103.000,LUNA DE RELOJ P/LABORATORIO 100 MM. CORNING GLASS,UND,-,,0
0001,CG2590,03,W-2500-90,9985-90,2.000,LUNAS DE RELOJ P/LABORATORIO 90 MM. CORNING GLASS,UND,-,,0
0001,CM2590,03,431220,431220,100.000,FILTRO P/JER  26MM. 0.45UM EST,  CORNING,UND,-,,0
0001,CM2590,03,8422-50,8422-50,6.000,TUBO PARA CENTRIFUGA T/ROSCA PYREX,UND,-,,0
0001,CM2590,03,B-2650-100M,1000-100,3.000,VASO DE PRECIPITAC. FORMA BAJA 100 ML. (1000-100,UND,-,,0
0001,CM2590,03,B-2650-10M,1000-10,3.000,VASO DE PRECIPITACION FORMA BAJA 10ML. CORNING,UND,-,,0
0001,CM2590,03,B-2650-150M,1000-150,5.000,VASO DE PRECIPITACION FORMA BAJA 150 ML. CORNING,UND,-,,0
0001,CM2590,03,B-2650-50M,1000-50,1.000,VASOS DE PRECIPITACION FORMA BAJA 50 ML. CORNING,UND,-,,0
0001,CM2590,03,B-2655-1000A,1003-1L,5.000,VASO DE PRECIPITACION REFORZADA 1 LT. CORNING,UND,-,,0
0001,CM2590,03,B-2655-250A,1003-250,2.000,VASO D/PRECIPITACION FORMA BAJA PARED GRUESA 250ML,UND,-,,0
0001,CM2590,03,B-2655-600A,1003-600,3.000,VASO DE PRECIPITACION REFORZADA 600 ML CORNING,UND,-,,0
0001,CM2590,03,B-2660-200,1060-200,36.000,VASO DE PRECIPITACION FORMA ALTA 200ML. CORNING,UND,-,,0
0001,CM2590,03,B-4456-M,NO.COD.FAB,40.000,TUBO DE HEMATOCRITO WINTROBE CORNING GLASS,UND,-,,0
0001,CM2590,03,B-4500-1M,7998-200,46.000,TUBO DE WESTERGREEN CORNING GLASS,UND,-,,0
0001,CM2590,03,B-7662-1000A,1395-1L,38.000,BOTELLA GRADUADA VIDRIO TRANSP. TAPA ROSCA 1000ML.,UND,-,,0
0001,CM2590,03,B-7662-100A,1395-100,6.000,BOTELLA GRADUADA VIDRIO TRANSP. TAPA ROSCA100 ML.,UND,-,,0
0001,CM2590,03,B-7662-2000A,1395-2L,3.000,BOTELLA GRADUADA VIDRIO TRANSP. TAPA ROSCA 2LT.,UND,-,,0
0001,CM2590,03,B-7662-250A,1395-250,11.000,BOTELLA GRADUADA VIDRIO TRANSP. TAPA ROSCA 250 ML,UND,-,,0
0001,CM2590,03,B-7662-25A,1395-25,10.000,BOTELLA GRADUADA VIDRIO TRANSP. TAPA ROSCA 25ML,UND,-,,0
0001,CM2590,03,B-7662-500A,1395-500,2.000,BOTELLA GRADUADA VIDRIO TRANSP. TAPA ROSCA 500 ML,UND,-,,0
0001,CM2590,03,B-7662-50A,1395-50,1.000,BOTELLA GRADUADA VIDRIO TRANSP. TAPA ROSCA 50ML,UND,-,,0
0001,CM2590,03,B-7663-1000,51395-1000,12.000,BOTELLA GRADUADA VIDRIO AMBAR TAPA ROSCA 1000 ML,UND,-,,0
0001,CM2590,03,B-7663-100A,51395-100,4.000,BOTELLA GRADUADA BAJO ACTINICO 100ML. CORNING,UND,-,,0
0001,CM2590,03,B-7663-250,51395-250,2.000,BOTELLA GRADUADA VIDRIO AMBAR TAPA ROSCA 250 ML,UND,-,,0
0001,CM2590,03,B-7663-500,51395-500,4.000,BOTELLA GRADUADA VIDRIO AMBAR TAPA ROSCA 500 ML,UND,-,,0
0001,CM2590,03,B-7663-500X,,2.000,BOTELLA GRAD. VIDRIO TRANSP.TAPA ROSCA 500ML BOECO,UND,-,,0
0001,CM2590,03,B-7670-300M,1510-300,12.000,BOTELLA PARA DBO C/TAPA ESMERILADO 300ML. CORNING,UND,-,,0
0001,CM2590,03,B-9080-10M,2103-10,2.000, BURETA C/LLAVE DE TEFLON 10 ML. CLASE   A   CORNING ,UND,-,,0
0001,CM2590,03,B-9080-25MC,2103C-25,10.000, BURETA C/LLAVE CLASE   A   CERTIFICADA 25ML. CORNING ,UND,-,,0
0001,CM2590,03,B-9080-50MC,2103C-50,1.000, BURETA C/LLAVE CLASE   A   CERTIFICADA 50ML. CORNING ,UND,-,,0
0001,CM2590,03,B-9087-100M,NO.COD.FAB,1.000,BURETA ACCU-RED CON LLAVE DE VIDRIO 100 ML. CORNI,UND,-,,0
0001,CM2590,03,B-9345-25M,NO.COD.FAB,3.000,BURETA AUTOMATICA 25 ML. CORNING,UND,-,,0
0001,CM2590,03,C-3804-015,,207.000,MICROTUBO PARA CENTRIFUGA 1.5 ML.,UND,-,,0
0001,CM2590,03,C-3804-15B,,124.000,TUBO DE CENTRIFUGA SIN GRADUAR CONICO 15 ML. CORN,UND,-,,0
0001,CM2590,03,C-3904-50M,8080-50,5.000,TUBO DE CENTRIFUGA GRADUADO C/REBORDE CORNING,UND,-,,0
0001,CM2590,03,C-3905-50M,8082-50,40.000,TUBO CENTRIFUGA GRADUADO 50 ML. TAPA ROSCA CORNING,UND,-,,0
0001,CM2590,03,C-3973-050,430291,2.000,TUBO DE CENTRIFUGA DESCART. 50 ML. PK/25 CORNING,UND,-,,0
0001,CM2590,03,C-4071M,NO.COD.FAB,2.000,TUBO DE PRUEBA PENNY HEAD 16x150 CORNING,UND,-,,0
0001,CM2590,03,C-8530-7F,32960-30F,39.000,CRISOL TIPO GOOCH FORMA BAJA POROSIDAD F 30 ML.,UND,-,,0
0001,CM2590,03,C-8530-7M,32960-30M,24.000,CRISOL TIPO GOOCH FORMA BAJA POROSIDAD M 30 ML.,UND,-,,0
0001,CM2590,03,C-9050-100M,2982-100,28.000,PROBETA GRADUADA PYREX 100 ML. CORNING MEXICO,UND,-,,0
0001,CM2590,03,C-9055-1000MC,3022C-1L,6.000,PROBETA GRADUADA CERTIFICADA PYREX  1000ML  CORNING,UND,-,,0
0001,CM2590,03,C-9055-100MC,3022C-100,1.000,PROBETA GRADUADA CERTIFICADA PYREX 100ML CORNING,UND,-,,0
0001,CM2590,03,C-9055-10M,3022-10,3.000,PROBETA GRADUADA PYREX DE 10 ML. CORNING,UND,-,,0
0001,CM2590,03,C-9055-250MC,3022C-250,11.000,PROBETA GRADUADA CERTIFICADA 250ML. PYREX CORNING,UND,-,,0
0001,CM2590,03,C-9055-25M,3022-25,4.000,PROBETA GRADUADA PYREX DE 25 ML. CORNING GLASS,UND,-,,0
0001,CM2590,03,C-9055-2LMC,3022C-2L,5.000,PROBETA GRADUADA PYREX CERTIFICADA 2000ML CORNING,UND,-,,0
0001,CM2590,03,C-9055-50MC,3022C-50,2.000,PROBETA GRADUADA CERTIFICADA 50ML. PYREX CORNING,UND,-,,0
0001,CM2590,03,C-9060-250,3023-250,3.000,PROBETA GRADUADA DOBLE ESCALA CLASE A 250ML PYREX,UND,-,,0
0001,CM2590,03,C-9060-500M,3023-500,3.000,PROBETA GRADUADA DOBLE ESCALA CLASE A 500ML PYREX,UND,-,,0
0001,CM2590,03,C-9065-100M,3042-100,2.000,PROBETA GRADUADA LINEA ROJA 100 ML. CORNING,UND,-,,0
0001,CM2590,03,C-9065-500M,3042-500,7.000,PROBETA GRADUADA LINEA ROJA 500 ML. CORNING,UND,-,,0
0001,CM2590,03,C-9066-1000M,3062-1000,1.000, PROBETA GRADUADA CLASE   A   1000ML. CORNING GLASS ,UND,-,,0
0001,CM2590,03,C-9066-100M,3062-100,6.000, PROBETA GRADUADA CLASE   A   100ML. CORNING GLASS ,UND,-,,0
0001,CM2590,03,C-9066-25M,3062-25,7.000, PROBETA GRADUADA CLASE   A   25ML. CORNING ,UND,-,,0
0001,CM2590,03,C-9066-500M,3062-500,6.000, PROBETA GRADUADA CLASE   A   500 ML. CORNING ,UND,-,,0
0001,CM2590,03,C-9066-50M,3062-50,3.000, PROBETA GRADUADA CLASE   A   50 ML. CORNING GLASS ,UND,-,,0
0001,CM2590,03,C-9067-25,3046-25,7.000,PROBETA GRADUADA LINEA ROJA 25 ML. C/REBORDE CORNI,UND,-,,0
0001,CM2590,03,D-1435-101,3121-200CO,4.000,TAPA PARA DESECADOR DE 5.8 LT. CORNING,UND,-,,0
0001,CM2590,03,D-1436-2A,3121-250,2.000,DESECADOR COMPLETO 10.8LT C/TAPON 250ML. CORNING,UND,-,,0
0001,CM2590,03,D-2005-1A,3160-60X15,25.000,PLACAS PETRI COMPLETO 60x15 PYREX CORNING,UND,-,,0
0001,CM2590,03,D-2005-2M,3160,32.000,PLACAS PETRI COMPLETO 100x10 PYREX CORNING,UND,-,,0
0001,CM2590,03,D-2005-4A,3160,1.000,PLACAS PETRI COMPLETO 100x20 PYREX CORNING,UND,-,,0
0001,CM2590,03,D-2005-5A,3160-150x15,16.000,PLACAS PETRI COMPLETO 150x15 PYREX CORNING,UND,-,,0
0001,CM2590,03,D-6000-3602,3602-10,2.000,TRAMPA DESTILACION DE HUMEDAD 24/04 CORNING GLAS,UND,-,,0
0001,CM2590,03,D-6000-3M,3360-2000,2.000,DESTILADOR DE VIDRIO COMPLETO 2000 ML. CORNING,UND,-,,0
0001,CM2590,03,D-6040-500M,3340-500,1.000,DESTILADOR COMPLETO P/DETERMINAC. NITROGENO 500ML,UND,-,,0
0001,CM2590,03,F-4000-125M,4060-125,5.000,BALON FONDO PLANO PYREX 125 ML. CORNING,UND,-,,0
0001,CM2590,03,F-4000-2000M,NO.COD.FAB,2.000,BALON FONDO PLANO DE 2000 ML. CORNING GLASS,UND,-,,0
0001,CM2590,03,F-4000-250M,4060-250,13.000,BALON FONDO PLANO PYREX X 250 ML. CORNING GLASS,UND,-,,0
0001,CM2590,03,F-4003-250M,4320-250,14.000,BALON FONDO REDONDO 250ML. PYREX CORNING,UND,-,,0
0001,CM2590,03,F-4003-500M,4320-500,17.000,BALON FONDO REDONDO 500ML. PYREX CORNING,UND,-,,0
0001,CM2590,03,F-4022-125M,4100-125,36.000,BALON FONDO PLANO CUELLO ESMERILADO 125ML CORNING,UND,-,,0
0001,CM2590,03,F-4022-1LM,4100-1L,26.000,BALON FONDO PLANO CUELLO ESMERILADO 1000ML CORNIN,UND,-,,0
0001,CM2590,03,F-4155-125M,4620-125,48.000,BALON DE DESTILACION F/REDONDO 125ML. CORNING,UND,-,,0
0001,CM2590,03,F-4155-250M,4620-250,15.000,BALON DE DESTILACION F/REDONDO 250 ML. CORNING,UND,-,,0
0001,CM2590,03,F-4250-250A,4980-250,1.000,MATRAZ ERLENMEYER 250 ML. CORNING,UND,-,,0
0001,CM2590,03,F-4250-2LM,4980-2L,9.000,MATRAZ ERLENMAYER GRADUADO 2000ML. CORNING,UND,-,,0
0001,CM2590,03,F-4250-50M,4980-50,243.000,MATRAZ ERLENMEYER GRADUADO PYREX 50 ML. CORNING,UND,-,,0
0001,CM2590,03,F-4295-1000M,5020-1L,12.000,MATRAZ ERLENMEYER C/TAPA VIDRIO 1000ML CORNING,UND,-,,0
0001,CM2590,03,F-4295-250M,5020-250,6.000,MATRAZ ERLENMEYER DE 250 ML. CON TAPA CORNING,UND,-,,0
0001,CM2590,03,F-4295-500M,5020-500,5.000,MATRAZ ERLENMAYER C/TAPA 500ML BOCA ESMERILADA,UND,-,,0
0001,CM2590,03,F-4310-1000M,4985-1L,1.000,MATRAZA ERLENMEYER TAPA ROSCA 1000ML (4985-1L,UND,-,,0
0001,CM2590,03,F-4310-125M,4985-125,4.000,MATRAZ ERLENMEYER GRADUADO TAPA ROSCA 125ML,UND,-,,0
0001,CM2590,03,F-4310-500M,NO.COD.FAB,5.000,MATRAZ ERLENMAYER TAPA ROSCA 500 ML. CORNING,UND,-,,0
0001,CM2590,03,F-4310-50M,4985-50,35.000,MATRAZ ERLENMEYER TAPA ROSCA 50ML. CORNING,UND,-,,0
0001,CM2590,03,F-4351-1000A,5100-1L,3.000,MATRAZ ERLENMEYER GRADUADO 1000 ML BOCA ANCHA,UND,-,,0
0001,CM2590,03,F-4351-125A,5100-125,18.000,MATRAZ ERLENMEYER GRADUADO 125 ML BOCA ANCHA,UND,-,,0
0001,CM2590,03,F-4351-250A,5100-250,1.000,MATRAZ ERLENMEYER GRADUADO 250 ML BOCA ANCHA,UND,-,,0
0001,CM2590,03,F-4380-250M,5340-250,13.000,KITASATOS 250 ML. PYREX CORNING GLASS,UND,-,,0
0001,CM2590,03,F-4380-500M,5340-500,5.000,KITASATOS DE 500 ML. PYREX CORNING GLASS,UND,-,,0
0001,CM2590,03,F-4430-100M,NO.COD.FAB,7.000,MATRAZ KJELDAHL X 100ML. CORNING GLASS,UND,-,,0
0001,CM2590,03,F-4430-500M,5420-500,12.000,MATRAZ KJELDAHL X 500 ML. CORNING GLASS,UND,-,,0
0001,CM2590,03,F-4430-800M,5420-800,2.000,MATRAZ KJELDAHL DE 800 ML. PYREX CORNING GLASS,UND,-,,0
0001,CM2590,03,F-4658-0500M,5820-500,1.000,MATRAZ VOLUMETRICO 500ML. C/BULBO CORNING,UND,-,,0
0001,CM2590,03,F-4658-1000M,5820-1L,13.000,MATRAZ VOLUMETRICO 1000ML C/BULBO CORNING,UND,-,,0
0001,CM2590,03,F-4660-25MC,5635C-25,79.000,MATRAZ VOLUMETRICO BOCA ANCHA CERT. 25ML (5635C-25,UND,-,,0
0001,CM2590,03,F-4660-50MC,5635C-50,293.000,MATRAZ VOLUMETRICO BOCA ANCHA 50ML (5635C-50,UND,-,,0
0001,CM2590,03,F-4665-200M,5640-200,2.000,MATRAZ VOLUMETRICO (FIOLA) 200 ML. C/TAPA CLASE A,UND,-,,0
0001,CM2590,03,F-4665-250MC,5640C-250,52.000, MATRAZ VOLUMET. CLASE   A   250ML CERTIF. C/T.VIDRIO ,UND,-,,0
0001,CM2590,03,F-4665-50M,5640-50,4.000,MATRAZ VOLUMETRICO (FIOLA) 50ML. C/TAPA CLASE A,UND,-,,0
0001,CM2590,03,F-4666-25,5600-25,12.000, MATRAZ VOLUMETRICO 25ML.LINEA ROJA   A   C/TAPA PLAS ,UND,-,,0
0001,CM2590,03,F-4668-005C,5642C-5,10.000, MATRAZ VOLUMETRICO CLASE   A   CERTIFICADO 5 ML  C/TAPA ,UND,-,,0
0001,CM2590,03,F-4668-100MC,5642C-100,2.000,MATRAZ VOLUMETRICO CLASE A CERTIFICADO 100ML.C/TAP,UND,-,,0
0001,CM2590,03,F-4668-10MC,5642C-10,22.000,MATRAZ VOLUMET. CLASE A 10ML CERTIF. C/TAPA PLASTI,UND,-,,0
0001,CM2590,03,F-4668-200MC,5642C-200,7.000,MATRAZ VOLUMETRICO CLASE A CERTIFICADO 200ML.C/TAP,UND,-,,0
0001,CM2590,03,F-4668-250MC,5642C-250,55.000,MATRAZ VOLUMET. 250MM CLASE A CERTIF. C/TAPA PL,UND,-,,0
0001,CM2590,03,F-4668-25MC,5642C-25,11.000,MATRAZ VOLUMETRICO CLASE A CERTIFICADO 25ML C/TAPA,UND,-,,0
0001,CM2590,03,F-4668-2LMC,5642C-2000,5.000,MATRAZ VOLUMETRICO CLASE A CERTIFICADO 2000ML.CON,UND,-,,0
0001,CM2590,03,F-4668-500M,5642-500,7.000, MATRAZ VOLUMETRICO   A   500ML. C/TAPA PLASTICA ,UND,-,,0
0001,CM2590,03,F-4680-010M,55640-10,36.000, MATRAZ VOLUMETRICO CLASE   A   10 ML. BAJO ACTINICO ,UND,-,,0
0001,CM2590,03,F-4680-050M,55640-50,15.000, MATRAZ VOLUMETRICO CLASE   A   50 ML. BAJO ACTINICO ,UND,-,,0
0001,CM2590,03,F-4680-100M,55640-100,3.000, MATRAZ VOLUMETRICO CLASE   A   100ML BAJO ACTINICO ,UND,-,,0
0001,CM2590,03,F-4680-250M,55640-250,9.000, MATRAZ VOLUMETRICO CLASE   A   250ML BAJO ACTINICO ,UND,-,,0
0001,CM2590,03,F-4680-250MC,55680-250,1.000,MATRAZ VOLUMETRICO CERT/SER BAJO ACTINICO 250ML CORNING,UND,-,,0
0001,CM2590,03,F-4680-500M,55640-500,3.000, MATRAZ VOLUMETRICO CLASE   A   500ML BAJO ACTINICO ,UND,-,,0
0001,CM2590,03,F-4690-022,7624-22,73.000,TAPON PLASTICO No 22 P/ FIOLAS Y EMBUDOS CORNING,UND,-,,0
0001,CM2590,03,F-4690-027,7624-27,19.000,TAPON PLASTICO No 27 P/FIOLAS Y EMBUDOS CORNING,UND,-,,0
0001,CM2590,03,F-4690-038,7624-38,64.000,TAPON PLASTICO No 38 P/FIOLAS Y EMBUDOS CORNING,UND,-,,0
0001,CM2590,03,F-4690-13,7624-13,503.000,TAPON PLASTICO CON ALETA ( 7624-13) CORNING,UND,-,,0
0001,CM2590,03,F-4950-1000M,4950-1L,1.000,MATRAZ DE CUELLO MULTIPLE 1000ML. CORNING,UND,-,,0
0001,CM2590,03,F-55680-025,55680-25,12.000,MATRAZ VOLUMETRICO CERT/SER BAJO ACTINICO 25ML  CORNING,UND,-,,0
0001,CM2590,03,F-55680-050,55680-50,6.000,MATRAZ VOLUMETRICO CERT/SER BAJO ACTINICO 50ML  CORNING,UND,-,,0
0001,CM2590,03,F-55680-250,55680-250,7.000,MATRAZ VOLUMETRICO CERT/SER BAJO ACTINICO 250ML  CORNING,UND,-,,0
0001,CM2590,03,F-55680-2L,55680-2L,2.000,MATRAZ VOLUMETRICO CERT/SER BAJO ACTINICO 2 LT.  CORNING,UND,-,,0
0001,CM2590,03,F-55680-500,55680-500,6.000,MATRAZ VOLUMETRICO CERT/SER BAJO ACTINICO  500ML  CORNING,UND,-,,0
0001,CM2590,03,F-7220-2M,6120-6,24.000,EMBUDO PLANO TALLO CORTO 150MM CORNING,UND,-,,0
0001,CM2590,03,F-7240-2B,NO.COD.FAB,23.000,EMBUDO TALLO LARGO DE 65 ML. CORNING,UND,-,,0
0001,CM2590,03,F-7240-2M,6160-65,11.000,EMBUDO TALLO LARGO 65 ML. CORNING GLASS,UND,-,,0
0001,CM2590,03,F-7240-5M,6100-6,31.000,EMBUDO TALLO LARGO 150 MM. CORNING GLASS,UND,-,,0
0001,CM2590,03,F-7250-2M,6140-65,9.000,EMBUDO TALLO LARGO 65 MM. PLANO CORNING GLASS,UND,-,,0
0001,CM2590,03,F-7882-1000M,6402-1000,4.000,EMBUDO DE SEPARACION SQUIBB LLAVE TEFLON 1000ML,UND,-,,0
0001,CM2590,03,F-7882-2000M,6402-2L,1.000,EMBUDO DE SEPARACION SQUIBB LLAVE TEFLON 2000ML,UND,-,,0
0001,CM2590,03,F-7885-125M,6404-125,8.000,EMBUDO D/SEPARACION SQUIBB C/TAPA 125 ML. CORNING,UND,-,,0
0001,CM2590,03,F-7885-1LM,6404-1L,8.000,EMBUDO D/SEPARACION SQUIBB C/TAPA PLASTICA 1000ML,UND,-,,0
0001,CM2590,03,F-7885-250M,6404-250,23.000,EMBUDO D/SEPARACION SQUIBB C/TAPA PLASTICA 250ML,UND,-,,0
0001,CM2590,03,G-6050-11X,NO.COD.FAB,9.000,TUBERIA DE VIDRIO X 1 LB. 11MM. PARED GRUESA,UND,-,,0
0001,CM2590,03,G-6050-18,234180,130.000,TUBERIA DE VIDRIO 18 MM. UNIDAD CORNING,UND,-,,0
0001,CM2590,03,G-6250M,NO.COD.FAB,2.000,TRAMPA PARA VACIO ( TRAP VACCUM) CORNING,UND,-,,0
0001,CM2590,03,H-2400-420D,6798-420D,2.000,PLANCHA D/CALENTAMIENTO Y AGITADOR MOD 420D CORNI,UND,-,,0
0001,CM2590,03,M-6051-18M,NO.COD.FAB,285.000,LAMINILLA CUBRE OBJETO 18 x 18 CJ/100 CORNING,UND,-,,0
0001,CM2590,03,M-6160-7MX,NO.COD.FAB,45.000,LAMINAS PORTA OBJETOS 25 X 75 X UNIDAD CORNING(PYR,UND,-,,0
0001,CM2590,03,P-4185-100M,NO.COD.FAB,12.000, PIPETA VOLUMETRICA 100 ML. CLASE   A   CORNING ,UND,-,,0
0001,CM2590,03,P-4185-100MC,7100C-100,32.000,PIPETA VOLUMETRICA CLASE A CERTIFICADA 100ML.CORNI,UND,-,,0
0001,CM2590,03,P-4185-15M,7100-15,1.000, PIPETA VOLUMETRICA DE 15 ML. CLASE   A   CORNING ,UND,-,,0
0001,CM2590,03,P-4185-15MC,7100C-15,25.000,PIPETA VOLUMETRICA CLASE A CERTIFICADA 15ML.CORNIN,UND,-,,0
0001,CM2590,03,P-4185-1M,7100-1,31.000, PIPETA VOLUMETRICA DE 1 ML. CLASE   A   CORNING ,UND,-,,0
0001,CM2590,03,P-4185-1MC,7100C-1,46.000,PIPETA VOLUMETRICA CLASE A CERTIFICADA 1ML.CORNING,UND,-,,0
0001,CM2590,03,P-4185-20MC,7100C-20,30.000,PIPETA VOLUMETRICA CLASE A CERTIFICADA 20ML.CORNIN,UND,-,,0
0001,CM2590,03,P-4185-25M,7100-25,74.000, PIPETA VOLUMETRICA DE 25 ML. CLASE   A   CORNING ,UND,-,,0
0001,CM2590,03,P-4185-25MC,7100C-25,38.000,PIPETA VOLUMETRICA CLASE A CERTIFICADA 25ML.CORNIN,UND,-,,0
0001,CM2590,03,P-4185-2MC,7100C-2,4.000, PIPETA VOLUMET. CLASE   A   2ML. CERTIFICADA CORNI ,UND,-,,0
0001,CM2590,03,P-4185-3MC,7100C-3,121.000,PIPETA VOLUMETRICA CLASE A CERTIFICADA 3ML.CORNING,UND,-,,0
0001,CM2590,03,P-4185-4M,7100-4,16.000, PIPETA VOLUMETRICA DE 4 ML. CLASE   A   CORNING ,UND,-,,0
0001,CM2590,03,P-4185-4MC,7100C-4,56.000,PIPETA VOLUMETRICA CLASE A CERTIFICADA 4ML.CORNING,UND,-,,0
0001,CM2590,03,P-4185-50MC,7100C-50,5.000,PIPETA VOLUMETRICA CLASE A CERTIFICADA 50ML.CORNIN,UND,-,,0
0001,CM2590,03,P-4245-1M,NO.COD.FAB,84.000,PIPETA MOHR DE 1 x 1/100 CORNING GLASS,UND,-,,0
0001,CM2590,03,P-4245-25M,7065,24.000,PIPETA MOHR DE 25 X 1/10 CORNING GLASS,UND,-,,0
0001,CM2590,03,P-4245-2M,NO.COD.FAB,169.000,PIPETA MOHR DE 2 x 1/10 CORNING GLASS,UND,-,,0
0001,CM2590,03,P-4330-10M,7085-10,31.000,PIPETA SEROLOGICA 10x1/10 ML. CORNING GLASS,UND,-,,0
0001,CM2590,03,P-4330-1M,7085-1,36.000,PIPETA SEROLOGICA 1x1/10 ML. CORNING GLASS,UND,-,,0
0001,CM2590,03,P-4330-1XM,7085,79.000,PIPETA SEROLOGICA 1x1/100 ML. CORNING GLASS,UND,-,,0
0001,CM2590,03,P-4330-20M,7085-20X1/10,51.000,PIPETA SEROLOGICA 20x 1/10 CORNING GLASS,UND,-,,0
0001,CM2590,03,P-4330-25M,7085-25X1/10,1.000,PIPETA SEROLOGICA DE 25 X 1/10 CORNING GLASS,UND,-,,0
0001,CM2590,03,P-4330-2M,7085-2,90.000,PIPETA SEROLOGICA DE 2 X 1/10 CORNING GLASS,UND,-,,0
0001,CM2590,03,P-4330-2XM,7085,34.000,PIPETA SEROLOGICA 2x1/100 ML. CORNING GLASS,UND,-,,0
0001,CM2590,03,P-4330-5M,7085-5,52.000,PIPETA SEROLOGICA 5x1/10 ML. CORNING GLASS,UND,-,,0
0001,CM2590,03,P-4330-M,NO.COD.FAB,180.000,PIPETA SEROLOGICA 1/10 X 1/100 CORNING GLASS,UND,-,,0
0001,CM2590,03,P-4430-25,7087-25,66.000,PIPETA SEROLOGICA RAPIDA  CORNING GLASS,UND,-,,0
0001,CM2590,03,P-5201-2XX,,37.000, PIPETA PASTEUR 9   POR UNIDAD CORNING GLASS ,UND,-,,0
0001,CM2590,03,S-9063-13M,NO.COD.FAB,2.000,TAPON ESMERILADO HOLLOW # 13 CORNING,UND,-,,0
0001,CM2590,03,T-1210-10M,9800-20,3832.000,TUBO DE PRUEBA CON REBORDE 20x150 CORNING GLASS,UND,-,,0
0001,CM2590,03,T-1310-10M,9820-20,351.000,TUBO DE PRUEBA SIN REBORDE 20x150 PYREX CORNING GL,UND,-,,0
0001,CM2590,03,T-1310-10X,99445-20,6.000,TUBO D/PRUEBA S/TAPA 20x150 DESCARTABLE PK/250,UND,-,,0
0001,CM2590,03,T-1310-11M,9820,464.000,TUBO DE PRUEBA SIN REBORDE 22x175 CORNING,UND,-,,0
0001,CM2590,03,T-1310-13M,9820-25,62.000,TUBO DE PRUEBA SIN REBORDE 25x150 PYREX CORNING GL,UND,-,,0
0001,CM2590,03,T-1310-15M,9820-25X,439.000,TUBO DE PRUEBA SIN REBORDE 25x200 PYREX CORNING GL,UND,-,,0
0001,CM2590,03,T-1310-2M,9820-10,318.000,TUBO DE PRUEBA DE 10x75 PYREX CORNING GLASS,UND,-,,0
0001,CM2590,03,T-1310-2X,99445-10,13.000,TUBO DE PRUEBA S/TAPA 10x75 DESCARTABLE PK/250,UND,-,,0
0001,CM2590,03,T-1310-3M,9820-12,883.000,TUBO DE PRUEBA SIN REBORDE 12x75 PYREX CORNING GL,UND,-,,0
0001,CM2590,03,T-1310-3XX,99445-12X75,238.000,TUBO D/PRUEBA S/TAPA 12x75 DESCARTABLE UNIDAD,UND,-,,0
0001,CM2590,03,T-1310-4M,9820-13,14221.000,TUBO DE PRUEBA SIN REBORDE 13 X 100 PYREX CORNING,UND,-,,0
0001,CM2590,03,T-1310-4X,99445-13,9.000,TUBO D/PRUEBA S/TAPA 13X100 DESCARTABLE PK/250,UND,-,,0
0001,CM2590,03,T-1310-5M,9820-16X,4739.000,TUBO DE PRUEBA SIN REBORDE 16 X 125 MM. CORNING GL,UND,-,,0
0001,CM2590,03,T-1310-6M,NO.COD.FAB,12.000,TUBO DE PRUEBA SIN REBORDE 15x125 PYREX CORNING GL,UND,-,,0
0001,CM2590,03,T-1310-7M,NO.COD.FAB,838.000,TUBO DE PRUEBA DE 10x100 CORNING GLASS,UND,-,,0
0001,CM2590,03,T-1310-8M,9820-16XX,17.000,TUBO DE PRUEBA SIN REBORDE 16 X 150 PYREX CORNING,UND,-,,0
0001,CM2590,03,T-1310-8XM,9820-16,170.000,TUBO DE PRUEBA SIN REBORDE 16x100 PYREX CORNING,UND,-,,0
0001,CM2590,03,T-1350-01M,9825-16,403.000,TUBO P/CULTIVO C/TAPA ROSCA 16x100 CORNING,UND,-,,0
0001,CM2590,03,T-1350-02M,9825-13,64.000,TUBO DE CULTIVO TAPA ROSCA 13x100 PTFE CORNING,UND,-,,0
0001,CM2590,03,T-1350-0M,9825,1386.000,TUBO PARA CULTIVO C/TAPA ROSCA 13x100 CORNING,UND,-,,0
0001,CM2590,03,T-1350-18M,9825-18X150,190.000,TUBO DE CULTIVO C/TAPA ROSCA 18x150 CORNING,UND,-,,0
0001,CM2590,03,T-1350-1M,9825-16X,20.000,TUBO DE CULTIVO TAPA ROSCA 16x125 MM CORNING,UND,-,,0
0001,CM2590,03,T-1350-2M,9825-16XX,339.000,TUBO DE CULTIVO C/TAPA ROSCA 16x150 CORNING,UND,-,,0
0001,CM2590,03,T-1350-4M,9825-20X,857.000,TUBO P/CULTIVO C/TAPA ROSCA 20x150 CORNING,UND,-,,0
0001,CM2590,03,W-2500-125,9985-125,91.000,LUNA RELOJ P/LABORATORIO 125 MM. CORNING,UND,-,,0
0001,CM2590,03,W-2500-150,9985-150,72.000,LUNA DE RELOJ P/LABORATORIO 150MM. CORNING,UND,-,,0
0001,DT5641,03,P-1205-1,NO.COD.FAB,2415.000,LAPIZ DE CERA P/MARCAR VIDRIO CHINA MARKER ROJO,UND,-,,0
0001,DT5641,03,P-1205-2,NO.COD.FAB,3169.000,LAPIZ DE CERA P/MARCAR VIDRIO CHINA MARKER AZUL,UND,-,,0
0001,DS3049,03,2319-0050,2319-0050,5.000,BIDON CON ESPITA P/AUTOCLAVE  20 LT.  NALGENE,UND,-,,0
0001,DS3049,03,B-2670-0050,1203-0050,34.000,VASO D/PRECIPIT. TRANSP. FORMA BAJA 50ML. NALGENE,UND,-,,0
0001,DS3049,03,B-2670-0250,1203-0250,22.000,VASOS D/PRECIPIT. TRANSP. FORMA BAJA 250ML. NALGENE,UND,-,,0
0001,DS3049,03,B-2670-0400,1203-0400,22.000,VASO D/PRECIPIT. TRANSP. FORMA BAJA 400 ML NALGENE,UND,-,,0
0001,DS3049,03,B-2670-0600,1203-0600,6.000,VASO D/PRECIPIT. TRANSP. FORMA BAJA 600ML. NALGENE,UND,-,,0
0001,DS3049,03,B-2670-1000,1203-1000,3.000,VASO D/PRECIPIT. TRANSP. FORMA BAJA 1000ML NALGENE,UND,-,,0
0001,DS3049,08,B-7780-1X,,1.000,CRIOVIALES DE 1.2 ML. CAJA/1000 NALGENE USA,UND,-,,0
0001,DS3049,03,F-3201-2X,450-0045,2.000,UNIDAD D/FILTRACION C/RECEPTOR DESCART.500ml NALGE,UND,-,,0
0001,DS3049,03,F-3207-13,,5.000,FILTRO D/JERINGA 0.8MIC.NO ESTERIL 25MM.CJ/50 NALG,UND,-,,0
0001,DS3049,03,H-2401-22,NO.COD.FAB,1.000,BARRA AGITADORA TEFON 22x15 MM. NALGENE,UND,-,,0
0001,DS3049,03,S-9225-16,5930-0016,11.000,GRADILLA P/TUBO DE ENSAYO 13-16MM 40 TUBOS NALGEN,UND,-,,0
0001,DR3050,03,17600-025,NO.COD.FAB,3.000, TUBERIA LATEX 1/16 x 1/16   CJA/15 MT. DUNLAP RUBBE ,UND,-,,0
0001,DR3050,03,17600-031,402,22.000, TUBERIA LATEX 1/8 X 1/32   CJA/15 MTS DUNLAP EXPORT ,UND,-,,0
0001,DR3050,03,17600-032,406,9.000, TUBERIA LATEX 1/8 x 3/32   AMBAR CJA/15MT. DUNLAP ,UND,-,,0
0001,DR3050,03,17600-063,404,11.000, TUBERIA LATEX 1/8 X 1/16  CAJA/15 MTS. DUNLAP EXPOR ,UND,-,,0
0001,DR3050,03,17610-063,604,4.000, TUBERIA LATEX 3/16 x 1/16  CJA/15 MT. PRIMELINE DUN ,UND,-,,0
0001,DR3050,03,17610-084,602,11.000,TUBERIA LATEX 3/16 x 1/32 CJA/15 MTS. DUNLAP EXP,UND,-,,0
0001,DR3050,03,17610-094,606,19.000, TUBERIA LATEX 3/16 X 3/32  CJA/15 MTS.DUNLAP RUBBER ,UND,-,,0
0001,DR3050,03,17610-094X,NO.COD.FAB,8.000, TUBERIA LATEX 3/16 X 3/32   X 1 MT. DUNLAP RUBBER U ,UND,-,,0
0001,DR3050,03,17620-063,NO.COD.FAB,1.000, TUBERIA LATEX 5/16 X 1/16  CJA/15 MTS.DUNLAP RUBBER ,UND,-,,0
0001,DWK,03,14000-600,14000-600,36.000,VASO PRECIPITADO GRIFFIN  FORMA BAJA GRAD. 600 ML CHINA DWK,UND,-,,0
0001,DWK,03,247856608,247856608,2.000,DESECADOR DE VACIO  TIPO MOBILEX (GL 32)  DURAN DWK,UND,-,,0
0001,DWK,03,92812P-500,92812P-500,24.000, MATRAZ VOLUMETRICO   A    REFORZ. BOCA ANCHA  500ML MEXICO DWK ,UND,-,,0
0001,EB3505,08,65650-100,82-923-0000,5.000,FRASCO DE ASPIRACION AUTOCLAVAB. C/ASA Y TAPA 2LT,UND,-,,0
0001,EB3505,08,65650-105,744092,9.000,ACEITE HIDRAULICO PARA BOMBA DE SUCCION ESCHMANN,UND,-,,0
0001,EE ENVAS,03,PAR365-UND,,195.000,ROLLO DE ESTERILIZACION 20CM x MT,MT,-,,0
0001,EE ENVAS,03,PAR367-UND,,195.000,ROLLO DE ESTERILIZACION 30CM x MT,MT,-,,0
0001,EM6570,03,AE5120-2,AE5120-2,1.000,TUBO ESTANDAR  DE 23.2MM DE DIAMET. P/OXION TRINOCULAR,UND,-,,0
0001,EM6570,06,AE5581-E,AE.5581-E,5.000,OCULAR CON PUNTERO   EUROMEX,UND,-,,0
0001,EM6570,08,IS.4300,IS.4300,1.000,MALETIN DE TRANSPORTE  DE ALUMINIO PARA ISCOPE  EUROMEX,UND,-,,0
0001,EM6570,08,IS.6010-P,IS.6010-P,21.000,OCULARES  10x/20 MM  CON PUNTERO  EUROMEX,UND,-,,0
0001,EM6570,08,IS.6210,IS.6210,7.000,OCULARES  10x/22  MM   EUROMEX,UND,-,,0
0001,EM6570,06,IS.6210-P,IS.6210-P,17.000,OCULAR EWF  10x/22 MM  CON PUNTERO  EUROMEX,UND,-,,0
0001,EM6570,06,IS.7200,IS.7200,6.000,OBJETIVO PLAN PLi  S100x/1.25 IOS  EUROMEX,UND,-,,0
0001,EM6570,06,IS.7400,IS.7400,1.000,OBJETIVO  100x/30, PLI PARA iSCOPE  EUROMEX,UND,-,,0
0001,EM6570,08,IS.9700,IS.9700,23.000,FILTRO AZUL PARA MICROSCOPIO BINOCULAR EUROMEX,UND,-,,0
0001,EM6570,08,IS.9702,IS.9702,7.000,FILTRO VERDE PARA MICROSCOPIO BINOCULAR  EUROMEX,UND,-,,0
0001,EM6570,06,IS.9704,IS.9704,7.000,FILTRO AMARILLO PARA MICROSCOPIO BINOCULAR  EUROMEX,UND,-,,0
0001,EM6570,06,IS.9993,IS.9993,20.000,LAMPRA DE REPUESTO LED P/MICROSCOPIO BINOCULAR EUROMEX,UND,-,,0
0001,EM6570,06,IS7220,IS.7220,2.000,OBJETIVO PLAN ACROMATICO 20X P/MICROSCOPIO EUROMEX,UND,-,,0
0001,EM6570,08,IS9127,IS9127,1.000,CONTRASTE DE FASE KIT CAMPO OSCURO Y BRILLANTE P/MICROSCOPIO,KIT,-,,0
0001,EM6570,06,IS9993,IS9993,2.000,LAMPARA LED PARA MICROSCOPIO  EUROMEX,UND,-,,0
0001,EM6570,08,LE.6400-ADD,LE.6400-ADD,4.000,COMPLEMENTO PARA FLUORESCENCIA A MICROSCOPIO COMPATIBLE EURO,UND,-,,0
0001,EM6570,08,OND,,5.000,FUNDAS PARA MICROSCOPIO IS.1154-PLi/T  EUROMEX,UND,-,,0
0001,EM6570,08,OND-IS-101025,OND-IS-101025-1449,1.000,MANDO DE PLATINA  X-Y  PARA  ISCOPE IOS VERSION  EUROMEX,UND,-,,0
0001,EM6570,08,OND-MOUSE,,2.000,MOUSE PARA CAMARA VC.3045-HDS EUROMEX,UND,-,,0
0001,EM6570,01,OX.2053-PLPH,OX.2053-PLPH,1.000,MICROSCOPIO TRINOCULAR INVERTIDO DE CONTRASTE DE FASE OXION,UND,EC2313500,,1
0001,EM6570,01,OX.2053-PLPH,OX.2053-PLPH,1.000,MICROSCOPIO TRINOCULAR INVERTIDO DE CONTRASTE DE FASE OXION,UND,EC2313501,,1
0001,EM6570,01,OX.2053-PLPH,OX.2053-PLPH,1.000,MICROSCOPIO TRINOCULAR INVERTIDO DE CONTRASTE DE FASE OXION,UND,EC2313502,,1
0001,EM6570,01,OX.2053-PLPH,OX.2053-PLPH,1.000,MICROSCOPIO TRINOCULAR INVERTIDO DE CONTRASTE DE FASE OXION,UND,EC2313504,,1
0001,EM6570,01,OX.2053-PLPH,OX.2053-PLPH,1.000,MICROSCOPIO TRINOCULAR INVERTIDO DE CONTRASTE DE FASE OXION,UND,EC2313505,,1
0001,EM6570,01,OX.2053-PLPH,OX.2053-PLPH,1.000,MICROSCOPIO TRINOCULAR INVERTIDO DE CONTRASTE DE FASE OXION,UND,EC2313506,,1
0001,EM6570,01,OX.2053-PLPH,OX.2053-PLPH,1.000,MICROSCOPIO TRINOCULAR INVERTIDO DE CONTRASTE DE FASE OXION,UND,EC2313508,,1
0001,EM6570,01,OX.2053-PLPH,OX.2053-PLPH,1.000,MICROSCOPIO TRINOCULAR INVERTIDO DE CONTRASTE DE FASE OXION,UND,EC2313509,,1
0001,EM6570,01,OX.2053-PLPH,OX.2053-PLPH,1.000,MICROSCOPIO TRINOCULAR INVERTIDO DE CONTRASTE DE FASE OXION,UND,EC2313510,,1
0001,EM6570,01,OX.2053-PLPH,OX.2053-PLPH,1.000,MICROSCOPIO TRINOCULAR INVERTIDO DE CONTRASTE DE FASE OXION,UND,EC2313511,,1
0001,EM6570,01,OX.2053-PLPH,OX.2053-PLPH,1.000,MICROSCOPIO TRINOCULAR INVERTIDO DE CONTRASTE DE FASE OXION,UND,EC2313512,,1
0001,EM6570,01,OX.2053-PLPH,OX.2053-PLPH,1.000,MICROSCOPIO TRINOCULAR INVERTIDO DE CONTRASTE DE FASE OXION,UND,EC2313513,,1
0001,EM6570,01,OX.2053-PLPH,OX.2053-PLPH,1.000,MICROSCOPIO TRINOCULAR INVERTIDO DE CONTRASTE DE FASE OXION,UND,EC2313514,,1
0001,EM6570,01,OX.2053-PLPH,OX.2053-PLPH,1.000,MICROSCOPIO TRINOCULAR INVERTIDO DE CONTRASTE DE FASE OXION,UND,EC2313515,,1
0001,EM6570,01,OX.2053-PLPH,OX.2053-PLPH,1.000,MICROSCOPIO TRINOCULAR INVERTIDO DE CONTRASTE DE FASE OXION,UND,EC2313516,,1
0001,EM6570,01,OX.2053-PLPH,OX.2053-PLPH,1.000,MICROSCOPIO TRINOCULAR INVERTIDO DE CONTRASTE DE FASE OXION,UND,EC2313517,,1
0001,EM6570,01,OX.2053-PLPH,OX.2053-PLPH,1.000,MICROSCOPIO TRINOCULAR INVERTIDO DE CONTRASTE DE FASE OXION,UND,EC2313518,,1
0001,EM6570,01,OX.2053-PLPH,OX.2053-PLPH,1.000,MICROSCOPIO TRINOCULAR INVERTIDO DE CONTRASTE DE FASE OXION,UND,EC2313519,,1
0001,EM6570,01,OX.2053-PLPH,OX.2053-PLPH,1.000,MICROSCOPIO TRINOCULAR INVERTIDO DE CONTRASTE DE FASE OXION,UND,EC2313523,,1
0001,EM6570,01,OX.2053-PLPH,OX.2053-PLPH,1.000,MICROSCOPIO TRINOCULAR INVERTIDO DE CONTRASTE DE FASE OXION,UND,EC2313529,,1
0001,EM6570,08,OX.8404,OX.8404,20.000,OBJETIVO DE  4X/0.10  PARA MICROSCOPIO OXION INVERSO,UND,-,,0
0001,EM6570,08,OX.9599,OX.9599,20.000,SOPORTE UNIVERSAL PARA PLACAS DE CULTIVO  EUROMEX,UND,-,,0
0001,EM6570,08,PB.5255-5,,2.000,ACEITE DE INMERSION  BOTELLA DE 5 ML  EUROMEX,UND,-,,0
0001,EM6570,03,PB5255,PB.5255,12.000,BOTELLIN DE ACEITE DE INMERSION MARCA EUROMEX,UND,-,,0
0001,EM6570,08,PB5276,PB.5276,4.000,KIT DE MANTENIMIENTO P/MICROSCOPIO EUROMEX,UND,-,,0
0001,EM3544,01,PRF25,PRF25,1.000,REFRIGERADORA CONGELADORA PORTATIL MOD.  PRF25  EVERMED,UND,-,,0
0001,FS3730,08,02080011,02080011,1.000,ANILLOS DE IRIDIO Y PLATINO P/MEDIDOR TENSION FISH,UND,-,,0
0001,FS3730,03,02261840,02261840,1.000,RELOJ  CRONOMETRO CON ALARMA   FISHER,UND,SIN/SERIE,,1
0001,FS3730,03,02912615,02912615,8.000,CANASTILLA PARA LAMINAS,UND,-,,0
0001,FS3730,08,02912616,02912616,6.000,RECIPIENTE DE VIDRIO PARA COLORACION DE LAMINAS,UND,-,,0
0001,FS3730,03,033132D,,142.000,FRASCO HDPE X 250ML,UND,1229872,14/08/2028,1
0001,FS3730,03,033132E,,334.000,FRASCO HDPE X 500ML,UND,1231149,14/08/2028,1
0001,FS3730,03,03902PQ,03902PQ,1.000,MECHERO P/LABORATORIO A GAS FISHER,UND,-,,0
0001,FS3730,03,03902Q,03902Q,4.000,MECHERO BUNSEN P/GAS NATURAL FISHER,UND,-,,0
0001,FS3730,08,05-888E,05-888E,66.000,TAPAS DE ACERO  25 MM.  FISHER SC,UND,-,,0
0001,FS3730,03,08-772-22,08-772-22,1.000,PLACAS DE CULTIVO  100x20MM  CJA/500  CORNING,CJA,-,,0
0001,FS3730,08,08812,08812,3.000,CANASTILLA ( GRADILLA) DE COLORACION 20 LAMINAS  FISHER,UND,-,,0
0001,FS3730,03,08813A,08813A,2.000,CANASTILLA PARA LAMINAS DE LABORAT. 50 SLIDE,UND,-,,0
0001,FS3730,03,12006916,12006916,5.000,CAJA PARA  TRANSPORTE DE MUESTRA  FISHER,UND,-,,0
0001,FS3730,08,13641259,13641259,3.000,ELECTRODO DE CALIBRACION 3 EN 1 PH/ATC FISHER,UND,-,,0
0001,FS3730,03,14366B,14366B,1.000, ESPATULA  FISHERBRAND HANDI-HOLD 4    PK/12  FISHER ,PK,-,,0
0001,FS3730,03,146483,146483,1.000,CRONOMETRO DIGITAL TRAZABLE JUMBO C/BATERIA FISHER,UND,-,,0
0001,FS3730,01,15336106,15336106,1.000,BAÑO DE ULTRASONIDO  DE 2.8 LT.  FISHER,UND,BHS041923980B,,1
0001,FS3730,03,19706028,19706028,1.000,PROTECTOR OCULAR -FACIALMOD. XTR SHIELD FISHER,UND,-,,0
0001,FS3730,03,22309245,22309245,1.000,CANASTILLA PARA LAMINAS DE LABORAT. 16/30/40,UND,-,,0
0001,FS3730,08,22309246,22309246,7.000,TAPA DE RECIPIENTE DE VIDRIO PARA COLORACION,UND,-,,0
0001,FS3730,03,479456-4501,479456-4501,3.000,DISTILING HEAD  FISHER,UND,-,,0
0001,FS3730,08,50-550-284,50-550-284,12.000,RACK FRIO PARA MICROPLACAS  PK/2   MARCA  FISHER,UND,-,,0
0001,FS3730,02,A277500,A277500,12.000,ACIDO SALICILICO CERTIFICADO 500GR. FISHER,UND,165816,,1
0001,FS3730,02,A3934,A3934,3.000,ALCOHOL ISO-AMILICO CERTIFICADO 4LT. FISHER,UND,-,,0
0001,FS3730,02,A3944,A3944,1.000,ALCOHOL N-AMYL CERTIFICADO 4LT. FISHER,UND,-,,0
0001,FS3730,02,A686500,A686500,11.000,FOSFATO DE AMONIO DIBASICO 500 GR. FISHER,UND,SIN/LOTE,,1
0001,FS3730,02,AA0065306,AA0065306,1.000,BARIO AL 99.2%  5G MARCA ALFA AESAR  FISHER,UND,X08E073,08/10/2019,1
0001,FS3730,03,B-2665-0100,103105,1.000,VASO FORMA ALTA SIN PICO 100ML. FISHER SC.,UND,-,,0
0001,FS3730,03,B-9530-6220,S49107,1.000,MECHERO HUMBOLT MOD. H-6220 EMD FISHER,UND,-,,0
0001,FS3730,03,C-6662-44,0666244,5.000,CRONOMETRO 2 MEMORIAS INDICADORAS FISHER,UND,-,,0
0001,FS3730,02,D1434,D1434,136.000,CLORURO DE METILENO CERTIFICADO HPLC 4 LT. FISHER,UND,234890,17/02/2029,1
0001,FS3730,02,D1434,D1434,464.000,CLORURO DE METILENO CERTIFICADO HPLC 4 LT. FISHER,UND,234884,01/01/2029,1
0001,FS3730,02,D1544,D1544,77.000,METILENO CLORURO GC 4 LT. FISHER,UND,243575,11/05/2029,1
0001,FS3730,02,E13920,E13920,1.000,ETER DE PETROLEO CERTIFICADO 20 LT. FISHER,UND,242401,31/07/2029,1
0001,FS3730,02,E13920,E13920,1.000,ETER DE PETROLEO CERTIFICADO 20 LT. FISHER,UND,244364,31/10/2029,1
0001,FS3730,02,E13920,E13920,1.000,ETER DE PETROLEO CERTIFICADO 20 LT. FISHER,UND,252835,15/05/2030,1
0001,FS3730,02,E13920,E13920,5.000,ETER DE PETROLEO CERTIFICADO 20 LT. FISHER,UND,233394,24/12/2028,1
0001,FS3730,03,F-7360-040,03865,10.000,EMBUDO DE VIDRIO 40MM. FISHER SC.,UND,-,,0
0001,FS3730,03,F-7365-065,10329B,7.000,EMBUDO DE FILTRACION 65MM. FISHER SC.,UND,-,,0
0001,FS3730,03,FB965F,FB965F,5.000,CRISOL DE PORCELANA FORMA ALTA 40 ML CJA/6  FISHER,CJA,-,,0
0001,FS3730,03,FB965K,FB965K,48.000,CRISOL DE PORCELANA FORMA ANCHA 30 ML FISHER,UND,-,,0
0001,FS3730,03,FB965L,FB965L,1.000,CRISOL DE PORCELANA FORMA ANCHA 50 ML. FISHER,UND,-,,0
0001,FS3730,02,O4068100,O4068100,1.000,ACIDO PENTANOSULFONICO HPLC 100GR. FISHER,UND,-,,0
0001,FS3730,02,O611725,O611725,5.000,TETRABUTILAMONIOFOSFATO HPLC 2GR. FISHER,UND,-,,0
0001,FS3730,02,P232500,P232500,1.000,FERRICIANURO POT-SICO CERTIFICADO 500 GR. FISHER,UND,101070A,31/12/2030,1
0001,FS3730,02,P236500,P236500,1.000,FERROCIANURO POT-SICO CRISTALINO 500 GR. FISHER,UND,-,,0
0001,FS3730,02,S3741,S3741,11.000,FOSFATO DE SODIO DIBASICO ANHIDRO 1 KG FIS,UND,-,,0
0001,FS3730,02,S377500,S377500,5.000,FOSFATO DE SODIO TRIBASICO 500 GR. 12 HID FISHER,UND,-,,0
0001,FS3730,02,SA442500,SA442500,6.000,SOLUCION ESTANDAR DE REFERENCIA DE ALUMINIO 500ML,UND,-,,0
0001,FS3730,02,SC192500,SC192500,6.000,SOLUCION ESTANDAR DE REFERENCIA DE CROMO 500ML,UND,-,,0
0001,FS3730,02,SI1061,SI1061,4.000,SOLUCION DE YODO WIJS 1 LT. FISHER,UND,-,,0
0001,FS3730,02,SS139500,SS139500,6.000,SOLUCION ESTANDAR DE REFERENCIA DE SODIO 500ML,UND,-,,0
0001,FS3730,02,SS464500,SS464500,6.000,SOLUCION ESTANDAR DE REFERENCIA DE SELENIO 500ML,UND,-,,0
0001,FOUR ES,01,CF0201001,CF0201001,1.000,MINI CENTRIFUGA MARCA FOUR E´S SCIENTIFIC,UND,MCN000214,,1
0001,FOUR ES,01,CF0201001,CF0201001,1.000,MINI CENTRIFUGA MARCA FOUR E´S SCIENTIFIC,UND,MCN000461,,1
0001,FOUR ES,01,CF0201001,CF0201001,1.000,MINI CENTRIFUGA MARCA FOUR E´S SCIENTIFIC,UND,MCN000470,,1
0001,FOUR ES,06,HSZ506105200000A,HSZ506105200000A,1.000,TARJETA CPU PRINCIPAL ANDROID,UND,-,,0
0001,FOUR ES,06,HSZ5061-1000-03270D,HSZ5061-1000-03270D,1.000,Panel frontal LCD,UND,-,,0
0001,FOUR ES,03,LH0301002,LH0301002,3.000,MICROPIPETA VOL. AJUST.  0.5 - 10ul  MARCA FOUR E´S SCIENTIF,UND,-,,0
0001,FOUR ES,03,LH0301003,LH0301003,5.000,MICROPIPETA  VOLUMEN AJUSTABLE  2 - 20 UL  FOUR E´S SCIENTIF,UND,-,,0
0001,FOUR ES,03,LH0301004,LH0301004,4.000,MICROPIPETA VOLUMEN AJUSTABLE 5 - 50 UL  FOUR E´S SCIENTIFIC,UND,-,,0
0001,FOUR ES,03,LH0301005,LH0301005,4.000,MICROPIPETA VOL. AJUST.  10 - 100ul MARCA FOUR E´S SCIENTIFI,UND,-,,0
0001,FOUR ES,03,LH0301006,LH0301006,5.000,MICROPIPETA VOL. AJUST.  20 - 200ul MARCA FOUR E´S SCIENTIFI,UND,-,,0
0001,FOUR ES,03,LH0301007,LH0301007,5.000,MICROPIPETA VOL. AJUST. 100 - 1000ul MARCA FOUR E´S SCIENTIF,UND,-,,0
0001,FOUR ES,03,MI0101002D,MI0101002D,1.000,AGITADOR VORTEX MIXER  MARCA FOUR E´S SCIENTIFIC,UND,DMS000256,,1
0001,FOUR ES,03,MI0101002D,MI0101002D,1.000,AGITADOR VORTEX MIXER  MARCA FOUR E´S SCIENTIFIC,UND,DMS000258,,1
0001,FOUR ES,03,MI0101002D,MI0101002D,1.000,AGITADOR VORTEX MIXER  MARCA FOUR E´S SCIENTIFIC,UND,DMS000265,,1
0001,FOUR ES,03,MI0101002D,MI0101002D,1.000,AGITADOR VORTEX MIXER  MARCA FOUR E´S SCIENTIFIC,UND,DMS000267,,1
0001,FOUR ES,03,MI0102005,MI0102005,1.000,AGITADOR MAGNETICO MARCA FOUR E´S  SCIENTIFIC,UND,SS72P050080,,1
0001,FOUR ES,03,MI0102005,MI0102005,1.000,AGITADOR MAGNETICO MARCA FOUR E´S  SCIENTIFIC,UND,SS72P050092,,1
0001,FOUR ES,03,TS-PC-02,TS-PC-02,10.000,CONTROLADOR DE PIPETA COLOR VERDE MARCA FOUR E´S SCIENTIFIC,UND,-,,0
0001,FOUR ES,03,TS-PC-03,TS-PC-03,10.000,CONTROLADOR DE PIPETA COLOR ROJO MARCA FOUR E´S SCIENTIFIC,UND,-,,0
0001,GI4011,08,S-8248-900,,9.000,SOPORTE DE JEBE P/AGITADOR VORTEX,UND,-,,0
0001,GI4011,08,S-8248-950,,3.000, SOPORTE DE JEBE 3   P/AGITADOR VM 300 GEMMY ,UND,-,,0
0001,GI4011,03,S-8250-360,VRN360,2.000,AGITADOR ORBITAL MOD. VRN360 220V. 60HZ. GEMMY,UND,-,,0
0001,GF3900,08,0012505,0012505,1.000,VALVULA SELENOIDE MARCA GFL,UND,-,,0
0001,GF3900,08,0013415,0013415,1.000,CIRCUITO DE CORTE DE NIVEL BAJO DE AGUA  GFL,UND,-,,0
0001,GF3900,08,0014213,0014213,1.000,REGULADOR DE CANTIDAD VERDE ENSAMBLADA C/VALVULA,UND,-,,0
0001,GF3900,01,D-4010-20012,2001/2,1.000,DESTILADOR DE AGUA MOD. 2001/2  CAP. 2 L/H S/TANQUE GFL,UND,10958818G,,1
0001,GF3900,01,D-4010-20012,2001/2,1.000,DESTILADOR DE AGUA MOD. 2001/2  CAP. 2 L/H S/TANQUE GFL,UND,10960318G,,1
0001,GF3900,01,D-4010-20012,2001/2,1.000,DESTILADOR DE AGUA MOD. 2001/2  CAP. 2 L/H S/TANQUE GFL,UND,10960618G,,1
0001,GF3900,01,D-4010-20012,2001/2,1.000,DESTILADOR DE AGUA MOD. 2001/2  CAP. 2 L/H S/TANQUE GFL,UND,10960718G,,1
0001,GF3900,01,D-4010-20012,2001/2,1.000,DESTILADOR DE AGUA MOD. 2001/2  CAP. 2 L/H S/TANQUE GFL,UND,10960818G,,1
0001,GF3900,01,D-4010-2004,2004,1.000,DESTILADOR DE AGUA CAP. 4 L/H C/TANQUE 8LT. GFL,UND,,,1
0001,GF4190,08,15980-200,,9.000,JERINGAS DE ALIMENTACION POR 2 ONZAS GRAHAM FIELD,UND,-,,0
0001,GF4190,03,29725-010,NO.COD.FAB,147.000,ESCOBILLA PARA CIRUJANO GRAHAM FIELD,UND,-,,0
0001,GF4190,03,B-7715-4,NO.COD.FAB,1.000,GOTERO DE VIDRIO 4 OZ. GRAHAM FIELD,UND,-,,0
0001,GF4190,03,B-9765-2,NO.COD.FAB,79.000,LAMPARA DE ALCOHOL 4OZ. GRAHAM FIELD (MECHERO ALCO,UND,-,,0
0001,GF4190,03,S-1505-1,NO.COD.FAB,4.000, ESPATULAS PARA LABORATORIO 3   GRAHAM FIELD ,UND,-,,0
0001,GF4190,03,S-1505-3,NO.COD.FAB,5.000, ESPATULAS PARA LABORATORIO 5   GRAHAM FIELD ,UND,-,,0
0001,GF4190,03,S-1505-4,NO.COD.FAB,1.000, ESPATULAS PARA LABORATORIO 6   GRAHAM FIELD ,UND,-,,0
0001,GF4190,02,S-7788-2X,NO.COD.FAB,28.000,FIJADOR CITOLOGICO AEROCELL SPRAY 3.5 oz. GRAHAM F,UND,-,,0
0001,H4316,04,00205-00,00205-00,19.000,RESERVORIO 2600ML. P/CELL SAVER HAEMONETICS,UND,0426045,15/04/2031,1
0001,H4316,04,00208-00,00208-00,26.000,LINEA DE ASPIRACION ANTICOAGULANTE HAEMONETICS,UND,250923H2,01/08/2030,1
0001,H4316,04,00263-00,00263-00,7.000,RECOLECTOR DE SANGRE KIT 225ML. P/CELL SAVER 5+,UND,0424063,01/04/2029,1
0001,H4316,04,07-601,07-601,5.000,SISTEMA DE HEMOSTASIA  CITRATADO  HAEMONETICS,UND,C421120245,31/10/2026,1
0001,H4316,04,07-601,07-601,6.000,SISTEMA DE HEMOSTASIA  CITRATADO  HAEMONETICS,UND,C420416262,31/03/2028,1
0001,H4316,04,07-601,07-601,90.000,SISTEMA DE HEMOSTASIA  CITRATADO  HAEMONETICS,UND,C420623262,31/05/2028,1
0001,H4316,05,07-604,07-604,10.000, TEG® 6S CITRATED: K, KH, RTH, FFH    HAEMONETICS,UND,C430713265,31/07/2027,1
0001,H4316,04,07-614,07-614,60.000,SISTEMA DE HEMOSTASIA  MAPEO DE PLAQUETAS  HAEMONETICS,UND,C500610255,31/05/2027,1
0001,H4316,05,07-664,07-664,1.000,CONTROL DE CALIDAD DE REACTIVOS NIVEL 1 CJA/10  HAEMONETICS,CJA,HMO2302,30/09/2027,1
0001,H4316,05,07-665,07-665,1.000,CONTROL DE CALIDAD DE REACTIVOS  NIVEL 2  CJA/10  HAEMONETIC,CJA,HMO2365,31/05/2028,1
0001,H4316,08,101834-00,101834-00,1.000,DETECTOR DE AIRE PARA  CELL SAVER ELITE  HAEMONETICS,UND,-,,0
0001,H4316,06,108628-00,108628-00,1.000,PORTADOR DE MUESTRAS HAEMONETICS,UND,-,,0
0001,H4316,06,116121-00,116121-00,1.000,CARTUCHO  PWM   HAEMONETICS,UND,-,,0
0001,H4316,06,116230-00,116230-00,2.000,CARTUCHO  REJADJ    HAEMONETICS,UND,-,,0
0001,H4316,08,118998-ES,118998-ES,2.000,TARJETA DE PROTOCOLO UPP A2-ES P/MOD. MCS-9000-E HAEMONETICS,UND,SIN/SERIE,,1
0001,H4316,06,36649-00,36649-00,36.000,ROLLER ASSEMBLY URETHANE HAEMONETICS,UND,-,,0
0001,H4316,06,38243-00,38243-00,1.000,TARJETA ELECTRONICA  DE DISTRIBUCION  HAEMONETICS,UND,-,,0
0001,H4316,06,47536-00,47536-00,1.000,TARJETA DE DIAGNOSTICO P/MCS+2 VERS. C.1 HAEMONET,UND,-,,0
0001,H4316,06,52303-02,52303-02,4.000,BRAZALETE  LATEX ADULTO PARA MCS+9000  HAEMONETICS,UND,-,,0
0001,H4316,04,6211,6211,150.000,COPAS Y PINES, NATURAL PK/20 HAEMONETICS,CJA,-,,0
0001,H4316,04,6211-01,6211,4.000,COPAS Y PINES NATURAL UNIDAD HAEMONETICS,UND,-,,0
0001,H4316,04,6212,6212,8.000,COPAS Y PINES, HEPARINASA PK/20 HAEMONETICS,CJA,HMO2141,31/12/2026,1
0001,H4316,04,6212,6212,32.000,COPAS Y PINES, HEPARINASA PK/20 HAEMONETICS,CJA,HMO2249,31/01/2027,1
0001,H4316,04,6212-01,6212,5.000,COPAS Y PINES HEPARINASA x UNIDAD HAEMONETICS,UND,HMO2122,30/11/2026,1
0001,H4316,04,6300,,27.000,KAOLIN    25  x 40uL    HAEMONETICS,CJA,HMO2260,01/12/2028,1
0001,H4316,04,6300-25,,1.000,KAOLIN    25  x 40uL    HAEMONETICS,CJA,HMO2134,01/10/2027,1
0001,H4316,04,6300-25,,4.000,KAOLIN    25  x 40uL    HAEMONETICS,CJA,HMO2147,01/12/2027,1
0001,H4316,04,6300-25,,37.000,KAOLIN    25  x 40uL    HAEMONETICS,CJA,HMO2260,01/12/2028,1
0001,H4316,04,6300-K,6300,11.000,KAOLIN POR UNIDAD HAEMONETICS,UND,HMO1832,01/05/2027,1
0001,H4316,04,8001-CJ,,66.000,CONTROL DE CALIDAD NIVEL I   12x1 ML   HAEMONETICS,CJA,HMO2218,22/09/2028,1
0001,H4316,04,8002-CJ,,66.000,CONTROL DE CALIDAD NIVEL II   12x1 ML   HAEMONETICS,CJA,HMO2208,22/09/2028,1
0001,H4316,01,8150-110,08150-110-E,1.000,SISTEMA DE AFERESIS MOD. MCS+ 8150-110E HAEMONETIC,UND,,,1
0001,H4316,04,832F-00,0832F-00,24.000,KIT DE RECOLECCION 2 UNID. GLOBULOS ROJOS C/FILTRO,UND,0624043,05/06/2027,1
0001,H4316,06,85230-06,85230-06,1.000,BINDER ASSY  PARA  MCS+9000  HAEMONETICS,UND,-,,0
0001,H4316,06,85943-00,85943-00,1.000,SCANNER CCD BAR CODE P/TARJETA DE DATOS HAEMONETIC,UND,-,,0
0001,H4316,08,89961-06,89961-06,1.000,TARJETA DE PROTOCOLO LDP P/ EQUIPO AFERESIS MCS+,UND,20LL630,,1
0001,H4316,08,89961-06,89961-06,1.000,TARJETA DE PROTOCOLO LDP P/ EQUIPO AFERESIS MCS+,UND,24AA558,,1
0001,H4316,08,89967-06,89967-06,1.000,TARJETA DE PROTOCOLO TPE P/EQUIPO MCS+ 9000-E,UND,19MM026,,1
0001,H4316,04,971-E,971E-00,12.000,KIT PARA COMPONENTES TERAPEUTICOS MNC x 125ML,UND,8524121,10/05/2027,1
0001,H4316,04,980,980,21.000,KIT DE RECAMBIO PLASMA TERAPEUTICO HAEMONETICS,UND,0425010,01/04/2030,1
0001,H4316,04,980E-00,980E-00,1.000,KIT DE RECAMBIO PLASMA TERAPEUTICO HAEMONETICS,UND,8122069,31/01/2027,1
0001,H4316,04,981,981,16.000,KIT DE RECAMBIO PLASMA TERAPEUTICO VOL. PEQUEÑO HAEMONETICS,UND,0226056,11/02/2031,1
0001,H4316,04,981E-00,981E-00,1.000,KIT DE RECAMBIO PLASMA TERAPEUTICO VOL. PEQUEÑO HAEMONETICS,UND,9024240,20/10/2029,1
0001,H4316,04,994CF,994CF-CPP,1.000,KIT DE RECOLECCION DE PLAQUETAS CON FILTRO HAEMONE,UND,0324076,14/03/2027,1
0001,H4316,04,994CF,994CF-CPP,16.000,KIT DE RECOLECCION DE PLAQUETAS CON FILTRO HAEMONE,UND,0724018,12/07/2027,1
0001,H4316,04,997CF-E,997CF-E,85.000,KIT DE RECOLECCION DE PLAQUETAS CON FILTRO HAEMONETICS,UND,8425046,05/04/2028,1
0001,H4316,08,CSE-EA-1000,CSE-EA-1000,1.000,CARRO ELITE P/RECUPERADOR SANGUINEO CELL SAVER ELITE,UND,-,,0
0001,H4316,04,CSE-P-125,CSE-P-125,12.000,CELL SAVER ELITE PROCESSING KIT  125 ML  HAEMONETICS,UND,0326042,01/03/2029,1
0001,H4316,04,CSE-P-225,CSE-P-225,12.000,CELL SAVER ELITE PROCESSING KIT  225 ML HAEMONETICS,UND,0326050,05/03/2029,1
0001,H4316,04,CSE-P-70,CSE-P-70,8.000,KIT PROCESAMIENTO CELL SAVER  ELITE 70   HAEMONETICS,UND,0124066,10/01/2027,1
0001,H4316,08,ECC-01-000,ECC-01-000,1.000,CARTUCHO  ECC        HAEMONETICS,UND,SP092303367G,,1
0001,H4316,08,ECC-01-000,ECC-01-000,1.000,CARTUCHO  ECC        HAEMONETICS,UND,SP102306594G,,1
0001,H4316,08,ETE5321-00,ETE5321-00,1.000,REMOVEDOR TIPO CHUCK HAEMONETICS,UND,-,,0
0001,H4316,08,F9000-01,NO.COD.FAB,4.000,FUNDA PROTECTORA PARA MAQUINA DE AFERESIS,UND,-,,0
0001,H4316,04,HAR-A1000,HAR-A-1000,19.000,LINEA DE VACIO CON FILTRO P/CELL SAVER CS5+ HAEMON,UND,0126010,13/01/2029,1
0001,H4316,04,PL3VAE,PL3VAE,50.000,FILTRO DESLEUCOSITADORA PURECELL PL PL3  HAEMONETICS,UND,2550155,26/11/2030,1
0001,H4316,04,PL3VAE,PL3VAE,370.000,FILTRO DESLEUCOSITADORA PURECELL PL PL3  HAEMONETICS,UND,2558044,06/02/2031,1
0001,H4316,04,RN1,RN1,10.000,FILTRO P/GLOBULOS ROJOS  LEUKO RN1 NEO RC/175ML HAEMONETICS,UND,2450260,29/10/2027,1
0001,H4316,04,RN1,RN1,30.000,FILTRO P/GLOBULOS ROJOS  LEUKO RN1 NEO RC/175ML HAEMONETICS,UND,2350312,10/12/2026,1
0001,H4316,08,T1234-00,T1234-00,2.000,CABLE DE PODER  AC  PARA MOD.  TEG 6S  HAEMONETICS,UND,-,,0
0001,HM4325,01,HBC-260,HBC-260,1.000,REFRIGERADORA DE VACUNAS  MOD. HBC-260  HAIER,UND,2EAS0 0QEK6 Q0003,,1
0001,HM4325,01,HBC-260,HBC-260,1.000,REFRIGERADORA DE VACUNAS  MOD. HBC-260  HAIER,UND,2EAS0 0QEK6 Q0005,,1
0001,HM4325,01,HBC-260,HBC-260,1.000,REFRIGERADORA DE VACUNAS  MOD. HBC-260  HAIER,UND,2EAS0 0QEK7 F0001,,1
0001,HM4325,01,HBC-260,HBC-260,1.000,REFRIGERADORA DE VACUNAS  MOD. HBC-260  HAIER,UND,2EAS0 0QEK7 F0002,,1
0001,HM4325,01,HBC-260,HBC-260,1.000,REFRIGERADORA DE VACUNAS  MOD. HBC-260  HAIER,UND,2EAS0 0QEK7 F0003,,1
0001,HM4325,01,HBC-260,HBC-260,1.000,REFRIGERADORA DE VACUNAS  MOD. HBC-260  HAIER,UND,2EAS0 0QEK7 F0004,,1
0001,HM4325,01,HBC-260,HBC-260,1.000,REFRIGERADORA DE VACUNAS  MOD. HBC-260  HAIER,UND,2EAS0 0QEK7 F0005,,1
0001,HM4325,01,HBC-260,HBC-260,1.000,REFRIGERADORA DE VACUNAS  MOD. HBC-260  HAIER,UND,2EAS0 0QEK7 F0006,,1
0001,HM4325,01,HBD-116,HBD-116,1.000,CONGELADORA HORIZONTAL P/PAQUETES FRIOS  HBD-116 HAIER,UND,0GAS00QEM3A0152,,1
0001,HM4325,01,HBD-116,HBD-116,1.000,CONGELADORA HORIZONTAL P/PAQUETES FRIOS  HBD-116 HAIER,UND,0GAS00QEM3A0155,,1
0001,HM4325,01,HBD-116,HBD-116,1.000,CONGELADORA HORIZONTAL P/PAQUETES FRIOS  HBD-116 HAIER,UND,0GAS00QEM3A0166,,1
0001,HM4325,01,HBD-116,HBD-116,1.000,CONGELADORA HORIZONTAL P/PAQUETES FRIOS  HBD-116 HAIER,UND,BE2600QEK6J0001,,1
0001,HM4325,01,HBD-116,HBD-116,1.000,CONGELADORA HORIZONTAL P/PAQUETES FRIOS  HBD-116 HAIER,UND,BE2600QEK6J0004,,1
0001,HM4325,01,HBD-116,HBD-116,1.000,CONGELADORA HORIZONTAL P/PAQUETES FRIOS  HBD-116 HAIER,UND,BE2600QEK6J0005,,1
0001,HM4325,06,HYC-1029,HYC-1029,1.000,SENSOR DE TEMPERATURA,UND,-,,0
0001,HM4325,08,ST-45,ST-45,8.000,GUANTES PARA CRIOPROTECCION PAR   HAIER,PAR,-,,0
0001,HM4325,08,U-COOL,U-COOL,3.000,MONITOREO DE TEMPERATURA,UND,-,,0
0001,HM4428,08,1321-300,1321-300-0001,3.000,EMPAQUETADURA PARA PUERTA AUTOCLAVE HANSHIN,UND,-,,0
0001,HM4428,08,22BL-300-0701,22BL-300-0701,3.000,TANQUE DE RESERVORIO P/ESTERILIZADOR HS-2321BL HANSHIN,UND,-,,0
0001,HM4428,08,22BL-500-0009,22BL-500-0009,1.000, VALVULA DE SOLENOIDE   NC.  1/8      HANSHIN ,UND,-,,0
0001,HM4428,08,2321-700-001,2321-700-001,2.000,FILTRO DE AIRE PARA AUTOCLAVE  HS3041BL  HANSHIN,UND,-,,0
0001,HM4428,08,AT-650,AT-650,1.000,MESA RODABLE PARA ESTERILIZADOR HS-3041V HANSHIN,UND,-,,0
0001,HM4428,01,HS-60VD,HS-60VD,1.000,ESTERILIZADOR A VAPOR MOD. HS-60VD 220V. HANSHIN,UND,ML10003,,1
0001,HG4493,08,HM-630T,1.724.004,1.000,BANDEJA DE ALMACENAMIENTO P/SELLADORA HAWO,UND,-,,0
0001,HG4493,08,HM-631S,HM 631 S,1.000,DISPOSITIVO DE CORTE (GUILLOTINA) P/SELLADOR DE BOLSAS HAWO,UND,-,,0
0001,HG4493,03,HPL/HM-500BMS,0.611.073,1.000,SELLADORA DE BOLSAS MOD. HPL/HM 500 BMS LONG. CORTE 50CM,UND,503634-1217,,1
0001,HG4493,08,HPL-630R,1.724.001,1.000,RODILLO PARA SELLADORA HPL 500BMS HAWO,UND,-,,0
0001,HB100,03,13-201-472,13-201-472,4.000,TERMOMETRO DE LIQUIDO EN VIDRIO C/REVESTIMIENTO DOUBLE SAFE,UND,-,,0
0001,HB100,03,C-6560-585,585,1.000,CRONOMETRO ELECTRONICO BASICO LCD H-B,UND,-,,0
0001,HB100,03,H-8850-X,4750,17.000,HYDROMETRO BAUME PLAIN DE 0¦ a 70¦C H-B INST.,UND,-,,0
0001,HB100,03,T-30720,30720,1.000,TERMOMETRO PROMO BOX H-B INSTRUMENT,UND,-,,0
0001,HB100,03,T-3720-070,3720,7.000,TERMOMETRO DIGITAL RANGO DUAL -20/-50 a 70¦C. H-B,UND,-,,0
0001,HI4499,03,120280,120280,1.000,CINTA ADHESIVA TERMICA   HELMER,UND,-,,0
0001,HI4499,08,120624,120624,2.000,FUENTE DE PODER P/LIGHTING HELMER,UND,-,,0
0001,HI4499,08,120999-X,NO.COD.FAB,2.000,LAMPARA FLUORSCENTE P/REFRIGERADORA BCO S. HELMER,UND,-,,0
0001,HI4499,06,220273,220273,4.000,PAPEL CIRCULAR P/REGISTRADOR GRAFICO P/INCUBADOR PLAQUETAS,UND,-,,0
0001,HI4499,08,220625,220625,1.000, GUANTES CRIOGENICOS P/LABORATORIO TALLA    M   HELMER ,PAR,-,,0
0001,HI4499,06,400273-1,400273-1,12.000,PROTECTOR PARA BOLSA DE CRIOPRESERVACION HELMER,UND,-,,0
0001,HI4499,08,400276-1,400276-1,1.000,CUBIERTA DE CAMARA   CT8  ( PARA MOD. DH-8 )   HELMER,UND,-,,0
0001,HI4499,08,400414-1,400414-1,3.000,REJILLA PARA CONGELADORA MOD. ILF125 HELMER,UND,-,,0
0001,HI4499,08,400591-1,400591-1,1.000,CONTROLADOR PROGRAMABLE HELMER,UND,-,,0
0001,HI4499,08,400613-1,400613-1,1.000,BANDEJA ADICIONAL P/AGITADOR PF48i HELMER,UND,-,,0
0001,HI4499,08,400759-1,400759-1,1.000,CONTROL BOARD KIT P/KIT DISPLAY 400651 HELMER,UND,-,,0
0001,HI4499,08,400954-1,400954-1,4.000,TARJETA ELECTRONICA LED UNIDAD P/REFRIGERADRA HEL,UND,-,,0
0001,HI4499,08,500607-1,500607-1,1.000,ALARMA REMOTA P/REFRIGERADORA /CONGELAD. HELMER,UND,2050134,,1
0001,HI4499,08,500607-1,500607-1,1.000,ALARMA REMOTA P/REFRIGERADORA /CONGELAD. HELMER,UND,2184246,,1
0001,HI4499,08,500607-1,500607-1,1.000,ALARMA REMOTA P/REFRIGERADORA /CONGELAD. HELMER,UND,2184247,,1
0001,HI4499,08,500607-1,500607-1,1.000,ALARMA REMOTA P/REFRIGERADORA /CONGELAD. HELMER,UND,2184249,,1
0001,HI4499,01,5122120-1,5122120-1,1.000,REFRIGERADORA VERTICAL DE LABORATORIO ILR120-GXC,UND,2190594,,1
0001,HI4499,08,800084-1,800084-1,1.000,PAPEL REGISTRADOR , KIT,  -30 C.  I. SERIES HELMER,UND,-,,0
0001,HI4499,08,800285-1,800285-1,5.000,TARJETA ELECTRONICA UPDATE HELMER,UND,-,,0
0001,HI4499,06,801015-1,801015-1,1.000,TARJETA ELECTRONICA DE CONTROL  HELMER,UND,-,,0
0001,HI4499,06,801016-1,801016-1,1.000,TARJETA ELECTRONICA DISPLAY HORIZON   HELMER,UND,-,,0
0001,HI4499,08,801116-1,801116-1,1.000,BANDEJA /REJILLA  PARA REFRIGERADORA MOD.  ILR120-GX  HELMER,UND,-,,0
0001,HI4499,01,B-2995-100,500352-3,1.000,INCUBADORA DE PLAQUETAS MOD. PC100i 220V. HELMER,UND,2052335,,1
0001,HI4499,01,DH-4,500810-1,1.000,DESCONGELADOR DE PLASMA MOD. DH-4   MARCA HELMER,UND,2191759,,1
0001,HI4499,01,DH-4,500810-1,1.000,DESCONGELADOR DE PLASMA MOD. DH-4   MARCA HELMER,UND,2191760,,1
0001,HI4499,01,IBF120-GX,5220120-I,1.000,CONGELADORA MOD.  IBF120-GX  HELMER,UND,2190026,,1
0001,HI4499,01,IBF120-GX,5220120-I,1.000,CONGELADORA MOD.  IBF120-GX  HELMER,UND,2190027,,1
0001,HI4499,01,IBF120-GX,5220120-I,1.000,CONGELADORA MOD.  IBF120-GX  HELMER,UND,2190028,,1
0001,HI4499,01,ILR120-GX,5112120-1,1.000,REFRIGERADORA DE LABORATORIO MOD. ILR120-GX   HELMER,UND,2107442,,1
0001,HI4499,01,PC100PRO,5410010-1,1.000,INCUBADOR DE PLAQUETAS MOD.  PC100 Pro  HELMER,UND,2190948,,1
0001,HI4499,01,PF15PRO,5610015-1,1.000,AGITADOR DE PLAQUETAS  MOD. PF15 Pro  HELMER,UND,2132783,,1
0001,HI4499,01,PF15PRO,5610015-1,1.000,AGITADOR DE PLAQUETAS  MOD. PF15 Pro  HELMER,UND,2190628,,1
0001,HI4499,01,PF48PRO,5610048-1,1.000,ROTADOR DE PLAQUETAS MOD.  PF48 PRO   HELMER,UND,2181410,,1
0001,HI4499,01,PF48PRO,5610048-1,1.000,ROTADOR DE PLAQUETAS MOD.  PF48 PRO   HELMER,UND,2181411,,1
0001,HI4499,01,PF48PRO,5610048-1,1.000,ROTADOR DE PLAQUETAS MOD.  PF48 PRO   HELMER,UND,2181412,,1
0001,HENAN,03,1160500401,1160500401,15.000,DESTILADOR DE AGUA   HENAN BAISTRA,UND,-,,0
0001,HERMAN,08,241729 3D01 G1,241729 3D01 G1,2.000,REPUESTO RESPALDO DE SILLA TAMAÑO B,UND,-,,0
0001,HERMAN,08,241733BK,241733BK,2.000,ALMOHADILLA LUMBAR PARA SILLA,UND,-,,0
0001,HERMAN,08,255410 BK,255410 BK,1.000,ALMOHADILLA PARA BRAZO DE SILLA,UND,-,,0
0001,HERMAN,08,5/ORP4482,5/ORP4482,1.000,RUEDAS PARA SILLA,UND,-,,0
0001,HR4609,08,8380570,8380570,1.000,BASE PARA LAMPARA D/FOTOTERAPIA MICROLITE HILL-ROM,UND,-,,0
0001,HH4475,08,30780-1X,,1.000,DETECTOR D/LATIDOS FET.(DOPPLER)MOD.FD-1 HUNTLEIGH,UND,-,,0
0001,JP4316,02,6303-JP,,119.000,SOLUCION ANTICOAGULANTE PARA  AFERESIS 800 ML JP INDUSTRIA,UND,954325,31/08/2027,1
0001,JP4316,02,6303-JP,,1470.000,SOLUCION ANTICOAGULANTE PARA  AFERESIS 800 ML JP INDUSTRIA,UND,E074226,30/05/2028,1
0001,JW5155,08,Weight Scale,,1.000,BALANZA CON TALLIMETRO PARA EQUIPO JW-W2000,UND,-,,0
0001,JW,08,CHS-0002X,,200.000,PAPEL P/IMPRESORA UNIDAD ROLLO JW MEDICAL,UND,-,,0
0001,JW,08,CHS-0003,,11.000,MANGO DE EXTRACCION P/ESTERILIZADOR CHS-ST065,UND,-,,0
0001,JW,08,CHS-0004,,2.000,BANDEJA P/ESTERILIZADOR MOD. CHS-ST065 JW MEDICAL,UND,-,,0
0001,KI5226,03,B-4121-02,CCS-02,5.000,CONTADOR DE CELULAS SANGUINEAS MOD. CCS02 KACIL IN,UND,-,,0
0001,KI5226,03,BT02C-BVS,BT02C-BVS,1.000,BAÑO SECO  KACIL,UND,-,,0
0001,KI5226,03,MMTS,MMTS,1.000,MARCADOR DE TIEMPO MULTIPLE   MARCA KACIL,UND,2983-00,,1
0001,KI5226,03,MMTS,MMTS,1.000,MARCADOR DE TIEMPO MULTIPLE   MARCA KACIL,UND,2984-00,,1
0001,KI5226,03,MMTS,MMTS,1.000,MARCADOR DE TIEMPO MULTIPLE   MARCA KACIL,UND,2985-00,,1
0001,KI5226,03,MMTS,MMTS,1.000,MARCADOR DE TIEMPO MULTIPLE   MARCA KACIL,UND,2986-00,,1
0001,KI5226,03,MMTS,MMTS,1.000,MARCADOR DE TIEMPO MULTIPLE   MARCA KACIL,UND,2987-00,,1
0001,K05282,08,A-40018,A-40018,1.000,SUJETADOR SIMPLE P/MESA OPERAC. KENKAR,UND,-,,0
0001,K05282,08,A-70260,A-70260,1.000,CUBIERTA COMFORT P/WING SET ALLEN PK/5 KENKAR,UND,-,,0
0001,K05282,08,A-70310,A-70310,1.000,ALMOHADILLA C-PRONE COMFORT ADULTO PK/5 KENKAR,UND,-,,0
0001,K05282,08,A-70510,A-70510-EUR,2.000,CLAMP P/MARCO DE COLUMNA ALLEN KENKAR,UND,-,,0
0001,K05282,08,A-70702,A-70702,1.000,COBERTOR DESCARTABLE C-FLEX PK/10 KENKAR,UND,-,,0
0001,K05282,08,A-70800,A-70800,1.000,SISTEMA DE SOPORTE P/MESA DE OPERACIONES KENKAR,UND,-,,0
0001,K05282,08,A-70810,A-70810,2.000,COBERTORES PARA MARCO DE SOPORTE CJA/6 KENKAR,UND,-,,0
0001,K05282,08,A-70825,A-70825,1.000,SOSTENEDOR DE ESPUMA PARA CABEZA KENKAR,UND,-,,0
0001,K05282,08,BD2410,BD2410,2.000, ROLLO POSICIONADOR VERSATIL 5x13x4   P/MESA KENKAR ,UND,-,,0
0001,K05282,08,BD44009,440.0940S,1.000,TABLA DE TRANSFERENCIA PEQUEÐA P/CAMILLA KENKAR,UND,-,,0
0001,K05282,08,R-64436,R-644-36,1.000,SISTEMA DE SUSPENSION DE HOMBRO P/MESA KENKAR,UND,-,,0
0001,KERN,08,316-07,316-07,1.000,PESA PARA CALIBRACION  100GR  BALANZA ANALITICA  KERN,UND,-,,0
0001,KERN,08,317-070-400,317-070-400,1.000,ESTUCHE DE PLASTICO PAR PESA 100GR.  KERN,UND,-,,0
0001,KERN,01,ABP200-5DM,ABP200-5DM,1.000, BALANZA ANALITICA  MAX 102G., 220G,   E=0.001G  KERN ,UND,BB24AY0023,,1
0001,KERN,01,ABP200-5DM,ABP200-5DM,1.000, BALANZA ANALITICA  MAX 102G., 220G,   E=0.001G  KERN ,UND,WB24AY0016,,1
0001,KERN,01,ABP200-5DM,ABP200-5DM,1.000, BALANZA ANALITICA  MAX 102G., 220G,   E=0.001G  KERN ,UND,WB24AY0019,,1
0001,KERN,01,ABP200-5DM,ABP200-5DM,1.000, BALANZA ANALITICA  MAX 102G., 220G,   E=0.001G  KERN ,UND,WB24AY0020,,1
0001,KERN,01,ABP200-5DM,ABP200-5DM,1.000, BALANZA ANALITICA  MAX 102G., 220G,   E=0.001G  KERN ,UND,WB24AY0025,,1
0001,KERN,01,ABP200-5DM,ABP200-5DM,1.000, BALANZA ANALITICA  MAX 102G., 220G,   E=0.001G  KERN ,UND,WB24AY0030,,1
0001,KERN,01,ABP200-5DM,ABP200-5DM,1.000, BALANZA ANALITICA  MAX 102G., 220G,   E=0.001G  KERN ,UND,WB24AY0033,,1
0001,KERN,01,ABP200-5DM,ABP200-5DM,1.000, BALANZA ANALITICA  MAX 102G., 220G,   E=0.001G  KERN ,UND,WB24AY0034,,1
0001,KERN,01,ABP200-5DM,ABP200-5DM,1.000, BALANZA ANALITICA  MAX 102G., 220G,   E=0.001G  KERN ,UND,WB24AY0036,,1
0001,KERN,01,ABP200-5DM,ABP200-5DM,1.000, BALANZA ANALITICA  MAX 102G., 220G,   E=0.001G  KERN ,UND,WB24AY0037,,1
0001,KERN,01,ABP200-5DM,ABP200-5DM,1.000, BALANZA ANALITICA  MAX 102G., 220G,   E=0.001G  KERN ,UND,WB24AY0040,,1
0001,KERN,01,FOB7K-4NLO,FOB7K-4NLO,1.000,BALANZA DIGITAL PARA PESAR ORGANOS MARCA  KERN,UND,WOC24003530,,1
0001,KERN,01,FOB7K-4NLO,FOB7K-4NLO,1.000,BALANZA DIGITAL PARA PESAR ORGANOS MARCA  KERN,UND,WOC24003531,,1
0001,KERN,01,FOB7K-4NLO,FOB7K-4NLO,1.000,BALANZA DIGITAL PARA PESAR ORGANOS MARCA  KERN,UND,WOC24003538,,1
0001,KERN,01,MPE250K100HM,MPE250K100HM,1.000,BALANZA DIGITAL CON TALLIMETRO PEDIATRICO  KERN,UND,WF22009379,,1
0001,KERN,01,MPS200K100PM,MPS200K100PM,1.000,BALANZA DIGITAL  P/ TALLIMETRO 200KG MOD. MPS 200K100PM KERN,UND,W0C20001782,,1
0001,KERN,08,RFS-A02,RFS-A02,3.000,´PLATILLO DE TARA  ACERO INOX.  MARCA KERN,UND,-,,0
0001,KERN,08,YKA-29,YKA-29,3.000,FUENTE DE ALIMENTACION DE ENCHUFE 12V INPUT 100-240V KERN,UND,-,,0
0001,KO5532,08,30W,NO.COD.FAB,9.000,LAMPARA 30W DE ALTO VOLTAJE KYOWA OPTICAL JAPON,UND,-,,0
0001,LC5580,08,1270000-01,1270000,1.000,TOMACORRIENT4E DE ENTRADA PRINCIPAL PARA CABINA,UND,-,,0
0001,LC5580,08,1270000-02,NO.COD.FAB,1.000,POLEAS DEL CABLE DE PUERTA P/CABINA LABCONCO,UND,-,,0
0001,LC5580,08,1270000-03,NO.COD.FAB,1.000,ESQUINERO DECORATIVO P/CABINA LABCONCO,UND,-,,0
0001,LC5580,08,1270000-04,NO.COD.FAB,1.000,INTERRUPTOR RESET PARA CABINA LABCONCO,UND,-,,0
0001,LC5580,08,1271300,1271300,8.000,LAMPARA ULTRA VIOLETA GERMICIDA 30 W. LABCONCO,UND,-,,0
0001,LC5580,06,1278400,1278400,1.000,LAMPARA FLUORESCENTE P/CABINA CLASE II TIPO A2,UND,-,,0
0001,LC5580,08,1280000-01,NO.COD.FAB,1.000,CORTINA DE VIDRIO COMPLETO P/CABINA 4´ LABCONCO,UND,-,,0
0001,LC5580,08,1297504,1297504,15.000,KIT DE LAMPARAS LED PARA CABINA DE BIOSEGURIDAD LABCONCO,CU,-,,0
0001,LC5580,08,1327200,1327200,2.000,TERMICO DE 3 AMP.- CIRCUITO BREAKER LABCONCO,UND,-,,0
0001,LC5580,08,1327209,1327209,2.000,TERMICO DE 4 AMP. - CIRCUITO BREAKER LABCONCO,UND,-,,0
0001,LC5580,08,1488100,1488100,10.000,GANCHOS PARA MANGUERA PARA LIOFILIZADOR LABCONCO,UND,-,,0
0001,LC5580,08,1644001,1644001,2.000,ARO DE SILICONA O-RING LABCONCO,UND,-,,0
0001,LC5580,08,3012801,3012801,16.000,GANCHO IV PARA BOLSAS CORTO  LABCONCO,UND,-,,0
0001,LC5580,01,302411112,302411112,1.000,CABINA DE BIOSEGURIDAD CLASE II TIPO  A2  4 PIES  LABCONCO,UND,260610305,,1
0001,LC5580,08,3277600,3277600,1.000,KIT  SENSOR DE FLUJO DE AIRE  LABCONCO,KIT,-,,0
0001,LC5580,08,3329700,3329700,1.000,SPEAKER  PARA CABINA DE BIOSEGURIDAD  LABCONCO,UND,-,,0
0001,LC5580,08,3401004,3401004,1.000,BASE PARA CABINA DE BIOSEGURIDAD DE 4´ LABCONCO,UND,-,,0
0001,LC5580,08,3405500,3405500,5.000,SENSOR DE FLUJO DE AIRE KIT P/CABINA FLUJO LAMINAR,UND,-,,0
0001,LC5580,08,3629402,3629402,2.000,FILTRO HEPA EXHAUST 4PIES P/CABINA FLUJO 4´ LABCON,UND,-,,0
0001,LC5580,08,36639,36639-00,1.000,BLOWER (EXTRTACTOR) P/CABINA TOTAL EXHST LABCONCO,UND,-,,0
0001,LC5580,08,3747500,3747500,1.000,ENTRADA DE SERVICIO LABCONCO,UND,-,,0
0001,LC5580,08,3829100,3829100,1.000,CABLE DE INTERFACE PARA CABINA LABCONCO,UND,-,,0
0001,LC5580,08,3835710,3835710,1.000,TAPA TERMINAL  DERECHO  LABCONCO,UND,-,,0
0001,LC5580,08,3838100,3838100,1.000,BALASTRO PARA FLUORESCENTE BLANCOS,UND,-,,0
0001,LC5580,08,3838100-01,NO.COD.FAB,1.000,KIT DE CABLES PARA CABINA LOGIC 4´ LABCONCO,UND,-,,0
0001,LC5580,08,3838200-01,NO.COD.FAB,1.000,CUBIERTA FRONTAL PARA CABINA 4´ LOGIC LABCONCO,UND,-,,0
0001,LC5580,08,3838200-02,NO.COD.FAB,1.000,POSTES COMPLETO CON MICROSWITCH Y TECLADO LABCONCO,UND,-,,0
0001,LC5580,06,3841800,3841800,1.000,PLACA METALICA DE PROTECCIÓN,UND,-,,0
0001,LC5580,08,3852500,3852500,1.000,SENSOR DE FLUJO DE AIRE P/CABINA  LABCONCO,UND,-,,0
0001,LC5580,08,3858400,3858400,2.000,KIT DE CERTIFICACION P/CABINAS DE BIOSEGURIDAD,UND,-,,0
0001,LC5580,08,3868500,3868500,1.000,BALASTRO PARA LAMPARA UV LABCONCO,UND,-,,0
0001,LC5580,08,5328701P,5328701P,1.000,ENSAMBLE DE CORTINA CONTRA ULTRAVIOLETA,UND,-,,0
0001,LC5580,06,5328703P,5328703P,1.000,ENSAMBLE DE CORTINA CONTRA RADIACIÓN ULTRAVIOLETA DE 6 PIES,UND,-,,0
0001,LC5580,01,5340810,5340810,1.000,CABINA DE FLUJO LAMINAR HORIZONTAL  4 PIES NEXUS  LABCONCO,UND,241010488,,1
0001,LC5580,08,7373436,7373436,1.000,MANGUERA DE ENTRADA PARA LIOFILIZADOR LABCONCO,UND,-,,0
0001,LC5580,08,7543800,7543800,6.000,ADAPTADOR  DE  ACERO  INOXIDABLE   LABCONCO,UND,-,,0
0001,LC5580,08,8007000,8007000,1.000,CARRO UTILITARIO DE LABORATORIO  LABCONCO,UND,-,,0
0001,LC5580,08,8020000,8020000,1.000,COCHE PARA USO LABORATORIO LABCONCO,UND,-,,0
0001,LC5580,08,9721900,9721900,5.000,LAMPARA FLUORESCENTE 32W. P/CABINA DE 4 PIES LABCO,UND,-,,0
0001,LC5580,03,B-2650-600K,1935000,1.000,VASO  DE 600 ML. BOROSILICATO MARCA KIMAX,UND,-,,0
0001,LIFE TEC,03,4306737,4306737,2.000,PLACA DE PCR  DE 96  POCILLOS  CJA/100    LIFE TECH,CJA,-,,0
0001,LIFE TEC,02,4316567,4316567,1.000,TIRAS MICROAMP OPTICAL 8 TUBE STRIP  CJA/125  APPLIED BIOSYS,CJA,-,,0
0001,LIFE TEC,03,4323032,4323032,2.000,TAPAS MICROAMP OPTICAL 8-CAP STRIPS  CJA/300  APPLIED BIOSYS,CJA,-,,0
0001,LIFE TEC,08,4351979,4351979,1.000,PLACA DE VERIFICACION DE CALIBRACION  PARA QUANTSTUDIO5,UND,-,,0
0001,LIFE TEC,08,4425562,4425562,1.000,KIT DE CALIBRACION MELTDOCTOR  MARCA  APPLIED,UND,-,,0
0001,LIFE TEC,08,4432364,4432364,1.000,KIT DE CALIBRACION ROI Y FLUORESCIENCIA 96 POZOS LIFE TECHNO,UND,2510570,15/10/2026,1
0001,LIFE TEC,03,A26333,A26333,1.000,PLACA 3 DE 96 POCILLOS PARA USO EN BLOQUE  0.2ML  LIFE TECH,UND,-,,0
0001,LIFE TEC,08,A26343,A26343,1.000,KIT DE CALIBRACION DE FLUOROFOROS 96 POCILLOS LIFE TECHNOLO,UND,-,,0
0001,LIFE TEC,02,A48067,A48067,1.000,KIT MULTIPLEX TAQPATH  COVID-19  CE-IVD RT-PCR KIT (1000 REA,KIT,-,,0
0001,LIFE TEC,03,A51315,A51315,1.000,TUBOS EN TIRAS PARA  QBT FLEX   LIFE TECH,BLS,-,,0
0001,LIFE TEC,08,AMEP4644,AMEP4644,1.000,CABLE DE PODER  P/MICROSCOPIO EVOS FL/XL THERMO,UND,-,,0
0001,LIFE TEC,08,AMEP4650,AMEP4650,1.000,CUBO DE LUZ /DAPI P/MICROSCOPIO EVOS  LIFE TECH,UND,-,,0
0001,LIFE TEC,08,AMEP4651,AMEP4651,1.000,CUBO DE LUZ / GFP P/MICROSCOPIO EVOS  LIFE TECH,UND,-,,0
0001,LIFE TEC,08,AMEP4655,AMEP4655,1.000,CUBO DE LUZ / TX  RED P/MICROSCOPIO EVOS LIFE TECH,UND,-,,0
0001,LIFE TEC,08,AMEP4981,AMEP4981,1.000,OBJETIVO CONTRASTE DE FASE 10X  P/MICROSCOPIO LIFE TECH,UND,-,,0
0001,LIFE TEC,08,AMEP4983,AMEP4981,1.000,OBJETIVO CONTRASTE DE FASE MOD. 40X   P/MICROSCOPIO  LIFE TE,UND,-,,0
0001,LIFE TEC,08,AMEPVH001,AMEPVH001,1.000,SOPORTE PARA LAMINAS   MARCA  THERMO,UND,-,,0
0001,LIFE TEC,01,AMF5000,AMF5000,1.000,MICROSCOPIO MOD. EVOS M5000 C/IMAGEN  THERMO,UND,E1519-225A-0301,,1
0001,LIFE TEC,02,Q32850,Q32850,1.000,KIT DE QUBIT PARA  dsDNA BR ASSAY KIT   INVITROGEN,KIT,-,,0
0001,LIFE TEC,03,Q32856,Q32856,24.000,TUBO DE POLIPROPILENO  500ul  QUBIT  THERMO GIBCO,UND,I2829,30/08/2029,1
0001,LT5890,01,TS-10008,TS-10008,2.000,HOMOGENIZADOR AUTOMATICO DE SANGRE MARCA LMB,UND,-,,0
0001,MN6114,03,E-4530,NO.COD.FAB,3.000,PAPEL P/CROMATOGRAFIA MN218 58X60CM. PK/100 MACHER,UND,-,,0
0001,MN6114,03,F-2414-6X,434012,29.000,PAPEL FILTRO MN617=(#4) 12.5CM. PK/100 MACHEREY,UND,-,,0
0001,MN6114,03,F-2501-4X,431009,13.000,PAPEL FILTRO 9CM MN615 (#1) CIRCULO PK/100 MACHER,UND,-,,0
0001,MN6114,03,F-2501-6X,NO.COD.FAB,13.000,PAPEL FILTRO 12.5CM. #MN615 = (# 1) CIRCULO PK/100,UND,-,,0
0001,MN6114,03,F-2501-8X,431015,3.000,PAPEL FILTRO 15 CM. MN615 (# 1) CJA/100 CIRCULO,UND,-,,0
0001,MN6114,03,F-2502-5X,432011,18.000,PAPEL FILTRO 11 CM. MN616 (#2) PK/100 MACHEREY,UND,-,,0
0001,MN6114,03,F-2502-6X,NO.COD.FAB,28.000,PAPEL FILTRO 12.5 CM. #MN-616=(# 2) PAQ/100 MACHER,UND,-,,0
0001,MN6114,03,F-2502-8X,,6.000,PAPEL FILTRO 15 CM. #MN616=(# 2) PK/100 MACHEREY,UND,-,,0
0001,MN6114,03,F-2540-4X,203009,20.000,PAPEL FILTRO MN640m=(#40) 9CM. PK/100 MACHEREY,UND,-,,0
0001,MN6114,03,F-2540-5X,NO.COD.FAB,29.000,PAPEL FILTRO 11 CM. #MN-640M=(# 40) PAQ/100 MACHER,UND,-,,0
0001,MN6114,03,F-2540-6X,NO.COD.FAB,11.000,PAPEL FILTRO 12.5 CM #MN640M=(# 40) PK/100 MACHERE,UND,-,,0
0001,MN6114,03,F-2541-4X,202009,5.000,PAPEL FILTRO MN640w=(#41) 9CM. PK/100 MACHEREY,UND,-,,0
0001,MN6114,03,F-2541-6X,NO.COD.FAB,31.000,PAPEL FILTRO 12.5 CM #MN-640W=(# 41) PAQ/100 MACHE,UND,-,,0
0001,MN6114,03,F-2542-4X,205009,20.000,PAPEL FILTRO MN640d=(#42) 9CM. PK/100 MACHEREY,UND,-,,0
0001,MN6114,03,F-2542-6X,NO.COD.FAB,24.000,PAPEL FILTRO 12.5 CM #MN-640D=(# 42) PAQ/100 MACHE,UND,-,,0
0001,MN6114,03,F-2542-8X,205015,53.000,PAPEL FILTRO MN640d=(#42) 15CM. PK/100 MACHEREY,UND,-,,0
0001,MN6114,03,F-2591-1,NO.COD.FAB,12.000,PAPEL FILTRO MN751 45x45CM. ( #91) UNIDAD MACHEREY,UND,-,,0
0001,MN6114,03,F-2600-3X,131050,6.000,PAPEL FILTRO MN615=(#1) 50x50CM. PK/100 MACHEREY,UND,-,,0
0001,MN6114,03,F-2605-3X,NO.COD.FAB,1.000,PAPEL FILTRO MN616=(# 2) 58x58CM. PK/100 MACHEREY,UND,-,,0
0001,MN6114,03,F-2607-3X,134010,4.000,PAPEL FILTRO MN617=(#4) 58x58CM. PK/100 MACHEREY,UND,-,,0
0001,MN6114,03,F-2708-3X,139010,4.000,PAPEL FILTRO MN619=(#5) 58x58CM. PK/100 MACHEREY,UND,-,,0
0001,MN6114,03,F-2708-3XX,NO.COD.FAB,49.000,PAPEL FILTRO MN619=(#5) 58x58 CM. UNIDAD MACHEREY,UND,-,,0
0001,MN6114,03,P-1055X,418101,7.000,PAPEL PARA LENTES 12X12 CM. PAQ/500 MACHEREY ALEMA,UND,-,,0
0001,MN6114,03,P-1064-2X,91108,43.000,PAPEL TORNASOL ROJO DISPENSADOR x ROLLO MACHEREY,UND,-,,0
0001,MI6112,03,1602SED,1602SED,3.000,CILINDRO DE ALUMINIO P/OXIGENO C/VALVULA MADA,UND,-,,0
0001,MI6183,08,7100R,7100R,8.000,HUMIDIFCADOR MOD. 891M-15L P/BALON D/OXIGENO MAGIK,UND,-,,0
0001,M6272,06,10665-1,,1.000,BASE Y TAPA PARA BANDEJA DESAYUNO MATACHANA,UND,-,,0
0001,M6272,08,78499,78499,1.000,PUERTA FRONTAL INOX EN ZONA DESCARGA S1000 MATACHA,UND,-,,0
0001,M6272,08,78545,78545,1.000,BOMBA DE VACIO PARA ESTERILIZADORES S1000 MATACHAN,UND,-,,0
0001,M6272,08,85103.1,85103.1,4.000,CESTA CARGA APILABLE S1000 58x29x28CM. MATACHANA,UND,-,,0
0001,M6272,08,85103-1,85103-1,9.000,CESTA DE CARGA APILABLE S1000 DE 58x30x28CM. MAT,UND,-,,0
0001,M6272,03,85208,85208,1.000,INCUBADORA P/CONTROL BIOLOGICO MATACHANA,UND,A078-01379,,1
0001,M6272,03,85208,85208,1.000,INCUBADORA P/CONTROL BIOLOGICO MATACHANA,UND,Z170829094046,,1
0001,M6272,03,85208,85208,1.000,INCUBADORA P/CONTROL BIOLOGICO MATACHANA,UND,Z170829094076,,1
0001,M6272,03,85208,85208,1.000,INCUBADORA P/CONTROL BIOLOGICO MATACHANA,UND,Z170829094086,,1
0001,M6272,03,85208,85208,1.000,INCUBADORA P/CONTROL BIOLOGICO MATACHANA,UND,Z170829094088,,1
0001,M6272,03,85208,85208,1.000,INCUBADORA P/CONTROL BIOLOGICO MATACHANA,UND,Z170829094128,,1
0001,M6272,03,85208,85208,1.000,INCUBADORA P/CONTROL BIOLOGICO MATACHANA,UND,Z170829094177,,1
0001,M6272,03,85208,85208,1.000,INCUBADORA P/CONTROL BIOLOGICO MATACHANA,UND,Z170829094190,,1
0001,M6272,08,85699,85699,1.000,INCUBADORA P/INDICADOR BIOLOGICO BIONOVA IC10/20,UND,-,,0
0001,MI6405,08,13965-60,,2.000,CAJA P/INSTRUMENTAL CON TAPA 30.5x20.5x5CM. MEDICO,UND,-,,0
0001,MI6405,08,14067-4X,,1.000,TAMBORES DE ESTERILIZACION 24X24 CM. MEDICON ALEMA,UND,-,,0
0001,MI6405,08,24586-X,,2.000,SONDAS AURICULARES # 3 HARTMAN MEDICON ALEMANIA,UND,-,,0
0001,MI6405,08,30624-B,,1.000,CLAVO STEINMAN 2 MM X 18 CMS. MEDICON ALEMANIA,UND,-,,0
0001,MI6405,08,32111-25,,3.000,ABREBOCA DOYEN-JANSEN 15 CM. MEDICON ALEMANIA,UND,-,,0
0001,MI6405,08,32115-065,,2.000,PINZA COLLIN PARA COGER, 16 CM. MEDICON ALEMANIA,UND,-,,0
0001,ME6416,08,0003717-0003,0003717-0003,1.000,CABLE PARA CONTROL MANUAL-CONECTOR PEQUEÑO  MEDILAND,UND,-,,0
0001,ME6416,08,0003837-0001,0003837-0001,1.000,CABLE PARA CONTROL  DE MESA DE OPERACIONES  MEDILAND,UND,-,,0
0001,ME6416,08,0004161-300,0004161-300,1.000,TECLADO  MEDILAND,UND,-,,0
0001,SC9451,08,9003223,9003223,1.000,POWER SOURCE TO CEELING LAMP MEDILAND,UND,-,,0
0001,ME6416,08,9125015-0000,9125015-0000,1.000,BATERIAS WP50-12NE    SET/2   MEDILAND,SET,-,,0
0001,ME6416,06,A4080-0000,A4080-0000,1.000,PANTALLA TACTIL PARA LAMPARA QUIRURGICA  MEDILAND,UND,-,,0
0001,SC9451,08,A5001-0100,A5001-0100,1.000,TARJETA ELECTRONICA DE CONTROL LED LIGHTING MEDILA,UND,-,,0
0001,SC9451,08,MD000-01,NO.COD.FAB,3.000,O RING P/BOMBA DE PIE PARA MESA OPERACIONES,UND,-,,0
0001,SC9451,08,MD0002257,0002257,1.000,CABLE DE PODER MEDILAND,UND,-,,0
0001,SC9451,08,MD0003836,0003836,1.000,CABLE P/POTENCIOMETRO P/MESA OPERACIONES,UND,-,,0
0001,SC9451,08,MD0003839,0003839,1.000,CABLE 0003839 PARA MESA DE OPERACIONES MEDILAND,UND,-,,0
0001,SC9451,06,MD0003863,0003863,1.000,WATERPROOF RUBBER P/MESA OPERACIONES,UND,-,,0
0001,SC9451,08,MD0004254,0004254,1.000,GAS SPRING ( AMORTIGUADOR ) P/MESA OPER.MEDILAND,UND,-,,0
0001,SC9451,08,MD000572,000572,2.000,TARJETA ELECTRONICA P/CONTROL REMOTO MESA OPERAC,UND,-,,0
0001,SC9451,08,MD0008237,0008237,3.000,CUBIERTA PLASTICA PARA BASE DE MESA OPERACIONES,UND,-,,0
0001,SC9451,08,MD0010185,0010185,1.000,CUBIERTA FUNDA YOKE MEDILAND,UND,-,,0
0001,SC9451,08,MD9127051,9127051,1.000,CARGADOR DE BATERIA P/LAMPARA MEDILAND,UND,-,,0
0001,SC9451,08,MDA157,A157-0100,1.000,ESCOBILLA ROTATIVA P/LAMPARA CIALITICA MEDILAND,UND,-,,0
0001,SC9451,08,MDA2756,A2756,8.000,COBERTOR PLASTICO PARA MEDILED MEDILAND,UND,-,,0
0001,SC9451,08,MDA2879,A2879,1.000,CONTROLADOR WALL MOUNT P/MESA OPERACIONES MEDILAND,UND,-,,0
0001,SC9451,08,MDA2880,A2880,1.000,CONECTOR WAALL MOUNT VISION P/MESA OPERACIONES MED,UND,-,,0
0001,SC9451,08,MDA403-102,A403-0102,2.000,MOTOR COMPLETO P/MESA DE OPERACIONES MEDILAND,UND,-,,0
0001,SC9451,08,MDA422,A422,3.000,SOCKETPARA CABLE DE PODER P/MESA OPERAC. MEDILAND,UND,-,,0
0001,SC9451,08,MDA506,A506,2.000,POTENCIOMETRO PARA MESA OPERACIONES MEDILAND,UND,-,,0
0001,SC9451,08,MDCM340,CM340-HI,1.000,ELEVADOR DE LUCES P/LAMPARA MOD. ML600D/S MEDILAND,UND,-,,0
0001,SC9451,08,MDPA01.02,PA01.02,1.000,FIJADOR RIEL LATERAL P/MESA OPERACIONES ( PA24 ),UND,-,,0
0001,SC9451,08,MDPA04,PA04,1.000,SOPORTE P/HOMBROS IZQUIERDO P/MESA OPERAC.MEDILAND,UND,-,,0
0001,SC9451,08,MDPA05,PA05,1.000,SOPORTE P/HOMBROS DERECHO P/MESA OPERAC.MEDILAND,UND,-,,0
0001,SC9451,08,MDPA06.02,PA06.02,3.000,APOYA BRAZOS PARA MESA DE OPERACIONES ( PA97),UND,-,,0
0001,SC9451,08,MDPA07,PA07.01,3.000,SOPORTE LATERAL P/MESA OPERACIONES MEDILAND,UND,-,,0
0001,SC9451,08,MDPA08,PA08.01,2.000,SOPORTE PARA PIERNA P/MESA OPERACIONES (PA94),UND,-,,0
0001,ME6416,01,OCEANLED-I6MB,OCEANLED-I6MB,1.000,LAMPARA QUIRURGICA RODABLE OCEANLED  MOD. i6MB  MEDILAND,UND,2250414001001,,1
0001,SC9451,08,S151031.01,S151031.01,1.000,PROCESADOR DE MULTIMAGEN C/ACCESORIOS MEDILAND,UND,-,,0
0001,ML6414,08,39865-06,,194.000,TUBO DE ASPIRACION FRAZIER 6 FG. MEDISPOREX,UND,-,,0
0001,M6525,08,B00450,B00450,1.000,PUERTA DE METAL P/MOD. 600 DERECHA MEMMERT,UND,-,,0
0001,M6525,08,B00452,B00452,1.000,PUERTA DE METAL P/MOD. 600 IZQUIERDA MEMMERT,UND,-,,0
0001,M6525,08,B02642,B02642,1.000,TAPA  INCLINADA PARA MOD. WNB/WNE MEMMERT,UND,-,,0
0001,M6525,08,B02643,B02643,2.000,TAPA INCLINADA PARA MOD. WNB/WNE  MEMMERT,UND,-,,0
0001,M6525,08,B02682,B02682,1.000,TAPA PLANA ACERO INOX.  PARA MOD. WNB/ONE  14/22  (L0),UND,-,,0
0001,M6525,08,B03916,B03916,1.000,ESTANTE PERFORADO P/MOD. 55/75/400 MEMMERT,UND,-,,0
0001,M6525,08,B04390,WPE45,1.000,TAPA INCLINADA P/BAÑO DE AGUA MOD. WPE45  MEMMERT,UND,-,,0
0001,M6525,08,B04552,B04552,1.000,TAPA PLANA PARA BAÑO MARIA WNB   MEMMERT,UND,-,,0
0001,M6525,08,B23798,B23798,5.000,MANGUERAS - NITROGENO  PARA INCUBADORA DE CO2  MEMMERT,UND,-,,0
0001,M6525,08,B28719,B28719,1.000,PUERTA  PARA MODELOS  IN / IF / IPP - 30  MEMMERT,UND,-,,0
0001,M6525,08,B30818,B30818,1.000,MANIJA IZQUIERDA P/PUERTA DE VIDRIO INTERIOR  MEMMERT,UND,-,,0
0001,M6525,08,B49800,B49800,1.000,FILTRO HEPA  DE ENVASADO ESTERIL  MEMMERT,UND,-,,0
0001,M6525,08,B50763,B50763,2.000,TAPA INCLINADA  PARA MOD.  WTB15/24  MEMMERT,UND,-,,0
0001,M6525,08,B-7025-24,,1.000,GRADILLAS N23 24 ORIF.18MM P/BAÐO MARIA MEMMERT,UND,-,,0
0001,M6525,08,E02013,E02013,7.000,GRADILLA  N21 40 ORIFICIOS 2 HILERAS D=12MM  MEMMERT,UND,-,,0
0001,M6525,08,E02014,E02014,7.000,GRADILLA  N22  24 ORIFICIOS 2 HILERAS D=14.5MM MEMMERT,UND,-,,0
0001,M6525,08,E02022,E02022,4.000,GRADILLA  N23  24 ORIFICIOS 2 HILERAS D=18MM  MEMMERT,UND,-,,0
0001,M6525,08,E06192,E06192,3.000,ADAPTADOR  USB  ETHERNET   MEMMERT,UND,-,,0
0001,M6525,08,E20164,E20164,8.000,BANDEJA P/ESTUFAS MOD. 55/75/400 MEMMERT,UND,-,,0
0001,M6525,08,E20165,E20165,3.000,REJILLA P/ESTERILIZADOR MOD. SF110 MEMMERT,UND,-,,0
0001,M6525,08,E28884,E28884,14.000,BANDEJA P/ESTERILIZADOR  SN30 / IN30   MARCA MEMMERT,UND,-,,0
0001,M6525,03,E29705,E29705,4.000,TORNILLO M3x7 MEMMERT,CU,-,,0
0001,M6525,08,E35158,E35158,2.000,ESTANTE PERFORADO ACERO INOX. PARA INCUBADORA MEMMERT,UND,-,,0
0001,M6525,08,E35160,E35160,2.000,ESTANTE PERFORADO P/INCUBADORA CO2,UND,-,,0
0001,M6525,08,FDAQ1,FDAQ1,2.000,SOFTWARE ATMO CONTROL FDA  EDICION Q1 USB  MEMMERT,UND,-,,0
0001,M6525,08,J-2100-209,NO.COD.FAB,1.000,BANDEJA PARA INCUBADORA MOD. INE-200 MEMMERT,UND,-,,0
0001,M6525,08,J-2209-749,B00328,2.000,BANDEJA P/INCUBADORA IN750 MEMMERT,UND,-,,0
0001,M6525,08,N-8049-108,E20165,2.000,BANDEJA E20165 P/ESTUFA MOD. UF110 MEMMERT,UND,-,,0
0001,M6525,08,N-8059-074,E20164,1.000,BANDEJA E20164 P/INCUBADORA MOD. UN75 MEMMERT,UND,-,,0
0001,MP6570,06,910131,910131,2.000,LENTE OCULAR P/MICROSCOPIO MARCA MICROS,UND,-,,0
0001,MB6750,03,P-5069-0120,94060120,3.000,PUNTAS FINNTIP FLEX 10 PK/1000 MOLECULAR BIOPROD,UND,-,,0
0001,MB6750,03,P-5069-0500,9420500,1.000,BASE PARA E1-CLIP TIP INCLUYE FUENTE DE PODER MBP,UND,-,,0
0001,MB6750,03,P-5069-2080,4672080,1.000,PUNTAS E1-CLIP EQUALIZER 8 CANALES 10-300UL MBP,UND,-,,0
0001,MB6750,03,P-5069-2139,2139-05,2.000,PUNTAS ART 10 LR P/MICROPIPETA 10ul. PK/96 MBP,UND,-,,0
0001,MB6750,03,P-5069-2149,5149P-05,2.000,PUNTAS ART 20P LR P/MICROPIPETA 20ul. PK/96 MBP,UND,-,,0
0001,MB6750,03,P-5069-2179R,2179-05-RI,3.000,PUNTAS C/FILTRO RI P/MICROPIPETA 1000ul PK/96 MBP,UND,-,,0
0001,MB6750,03,P-5069-2279,2279-05,2.000,PUNTAS ART1000 LR P/MICROPIPETA 1000ul. PK/100 MBP,UND,-,,0
0001,MB6750,03,P-5069-3901,3901,2.000,PUNTAS P/MICROPIPETA 200ul. AMARILLO PK/96 MBP,UND,-,,0
0001,MB6750,03,P-5069-3921,3921,3.000,PUNTAS HLT P/MICROPIPETA 200ul AMARILLO PK/96 MBP,UND,-,,0
0001,MB6750,03,P-5069-3951,3951,3.000,PUNTAS HLT P/MICROPIPETA 1000ul AZUL PK/100 MBP,UND,-,,0
0001,MB6750,06,TFLR102-10-Q,,1.000,TIPS C/FILTRO DE BAJA RETENCION 0.5 - 10ul. CJA/96,UND,-,,0
0001,NC6940,03,1201-0100,1201-0100,1.000,VASO CHATO FORMA BAJA PP 100 ML. NALGENE,UND,-,,0
0001,NC6940,03,140156,140156,6.000,CUBETA SIMPLE TRANSPARENTE 128x86MM NUNC,UND,-,,0
0001,NC6940,03,159625,159625,1.000,PIPETA SEROLOGICA GRADUADA DE PLASTICO 5 ML. NUNC,UND,-,,0
0001,NC6940,03,2003-0004,2003-0004,2.000,BOTELLA LAB QUALITY CJA/72 NALGENE NUNC,UND,-,,0
0001,NC6940,03,2099-0032,2099-0032,1.000,FRASCO DE BOCA ESTRECHA 1000ML. CJA/24 NALGENE,UND,-,,0
0001,NC6940,03,2105-0004-X,2105-0004,189.000,FRASCO DE BOCA ANCHA x 125 ML. UNIDAD NALGENE,UND,-,,0
0001,NC6940,03,2256-7020,2256-7020,2.000,BIDON AMBAR CON ASA 10 LT. HDPE NALGENE,UND,-,,0
0001,NC6940,03,2318-0130,2318-0130,3.000,BOTELLA PLASTICA CON LLAVE DISPENSADORA NALGENE U,UND,-,,0
0001,NC6940,03,2324-0008,2324-0008,4.000,GALON LOW BOY AUTOCLAVABLE PP 8 LT. NALGENE,UND,-,,0
0001,NC6940,03,236105,236105,1.000,PLATO DE POLIESTIRENO CON 96 POZOS NUNC,UND,-,,0
0001,NC6940,03,2401-0500,2401-0500,1.000,BOTELLA CONTENEDOR DE LIQUIDOS ECONOMICA 500ML.,UND,-,,0
0001,NC6940,03,2425-0501,2425-0501,2.000,BOTELLA CONTENEDOR DE LIQUIDOS 500 ML. NALGENE,UND,-,,0
0001,NC6940,03,2436-0505,2436-0505,1.000,BOTELLA CONTENEDOR DE LIQUIDOS 500ML. NALGENE,UND,-,,0
0001,NC6940,03,2752-9050,2752-9050,22.000,GOTERO DE PLASTICO P/LABORATORIO NALGENE,UND,-,,0
0001,NC6940,03,3110-1000,3110-1000,1.000,TUBO REDONDO x 100 ML PK/40 NALGE,UND,1174750,31/12/2030,1
0001,NC6940,03,3146-0050,146-0050,9.000,TUBO CONICO OAK RIDGE 35 ML. NALGENE,UND,-,,0
0001,NC6940,03,342820-0110,342820-0110,3.000,TAPAS PARA CRIOVIAL PK/1000 NALGENE NUNC,UND,-,,0
0001,NC6940,03,362150-0130,362150-0130,20.000,TAPAS PARA BOTELLA PK/100 1.5 CM. DIAMETRO NALGE,UND,-,,0
0001,NC6940,03,362150-0384,362150-0384,12.000,TAPA DE POLIPROPILENO COLOR NATURAL PK/250 NALGENE,UND,-,,0
0001,NC6940,03,362150-1130,362150-1130,20.000,TAPAS PARA BOTELLA PK/100 1.5 CM. DIAMETRO NALGEN,UND,-,,0
0001,NC6940,08,362150-1200,362150-1200,1.000,TAPAS PARA BOTELLA PP 20-415 COLOR BLANCO PK/2000,UND,-,,0
0001,NC6940,03,3662-0100,3662-0100,2.000,PROBETA GRADUADA PP 100 ML. NALGENE,UND,-,,0
0001,NC6940,03,377267,377267,12.000,TUBO CRIOGENICO ESTERIL 1.8ML CJA/450   NALGENE,CJA,172780,28/02/2027,1
0001,NC6940,03,4101-0500,4101-0500,1.000,MATRAZ DE FILTRACION PLASTICO 500ML. NALGENE,UND,-,,0
0001,NC6940,03,4150-4000,4150-4000,1.000,FRASCO DEWAR HDPE 4 LT. NALGENE,UND,7187502010,31/12/2027,1
0001,NC6940,03,4301-2000,4301-2000,4.000,EMBUDO DE PLASTICO CON LLAVE DE PASO UNIDAD NALGE,UND,-,,0
0001,NC6940,03,434797-UN,,60.000,MICROPLACAS DE POLIESTIRENO 96 POCILLOS -  UNIDAD -  NUNC,UND,-,,0
0001,NC6940,03,439454,439454,1.000,MICROPLACA DE POLIESTIRENO 96 POCILLOS FONDO PLANO CJA/60,CJA,-,,0
0001,NC6940,03,442404,442404,40.000,MICROPLACAS DE POLIESTIRENO 96 POZOS FONDO PLANO CJA x 60,UND,,,1
0001,NC6940,03,5000-0020,5000-0020,25.000,FRASCO PROLIPOPILENO DE ALTA DENSIDAD 2ML.  CJA/500  NALGENE,CJA,-,,0
0001,NC6940,03,5026-0909,5026-0909,1.000,CAJA DE POLICARBONATO P/81 TUBOS NALGEN,UND,-,,0
0001,NC6940,03,5317-0180,5317-0180,1.000,DESECADOR ACRILICO CABINETE x 45.7CM. NALGENE,UND,-,,0
0001,NC6940,03,5970-0030,5970-0030,4.000,GRADILLA DE PLASTICO P/TUBOS 50MM UNIDAD NALGENE,UND,-,,0
0001,NC6940,03,6900-0010,6900-0010,1.000,BANDEJA DE POLIPROPILENO P/ESTERILIZACION NALGENE,UND,-,,0
0001,NC6940,08,A-1151-X,6530-0010,2.000,TRASEGADORA DE LIQUIDOS COMPLETO C/ADAPTADOR NALGE,UND,-,,0
0001,NC6940,03,B-1190-096,163320,46.000,MICROPLACAS 96 POZOS C/TAPA (163320) FONDO REDONDO,UND,-,,0
0001,NC6940,03,B-1192-096,168055,49.000,MICROPLACAS 96 POZOS C/TAPA (168055) FONDO V NUNC,UND,-,,0
0001,NC6940,03,B-2675-0150,1201-0150,11.000,VASO D/PRECIPITACION FORMA BAJA 150ML PP(1201-0150,UND,-,,0
0001,NC6940,03,B-2675-0250,1201-0150,16.000,VASO D/PRECIPITAC. FORMA BAJA 250ML. PP (1201-0250,UND,-,,0
0001,NC6940,03,B-2675-0400,1201-0400,18.000,VASO D/PRECIPITAC. FORMA BAJA 400ML. PP (1201-0400,UND,-,,0
0001,NC6940,03,B-2680-1L,NO.COD.FAB,1.000,VASO GRADUADO, CON ASA, X 1000 ML. NALGE USA (PLAS,UND,-,,0
0001,NC6940,03,B-2680-3L,NO.COD.FAB,7.000,VASOS GRADUADOS, CON ASA, X 3000 ML. NALGE USA,UND,-,,0
0001,NC6940,03,B-2685-0250,1510-0250,8.000,VASO DE TEFLON 250ML. (1510-0250) NALGENE,UND,-,,0
0001,NC6940,03,B-7512-16,NO.COD.FAB,8.000,BOTELLAS BOCA ESTRECHA, 500/16 OZ. NALGE USA (PLAS,UND,-,,0
0001,NC6940,03,B-7512-8,NO.COD.FAB,28.000,BOTELLA BOCA ESTRECHA 250/8 OZ. NALGE USA,UND,-,,0
0001,NC6940,03,B-7515-0500,2104-0016,7.000,BOTELLA P/LABORATORIO HDPE 500ML.(2104-0016)NALGEN,UND,-,,0
0001,NC6940,03,B-7515-1000,2104-0032,18.000,BOTELLA P/LABORATORIO HDPE 1 LT.(2104-0032)NALGEN,UND,-,,0
0001,NC6940,03,B-7516-2000,2121-0005,12.000,BOTELLA P/LABORATORIO PP 2 LT.(2121-0005) NALGENE,UND,-,,0
0001,NC6940,03,B-7520-1000,1600-0032,4.000,BOTELLA P/LABORATORIO FEP 1 LT. (1600-0032)NALGENE,UND,-,,0
0001,NC6940,03,B-7586-613,2318-0130,1.000,BIDON DISPENSADORA 13 GALONES LDPE(2318-0130)NALGE,UND,-,,0
0001,NC6940,03,B-7586-831,2162-831,1.000,TAPON DE LLENADO/VENTILACION P/BOTELLON 10/20 LT.,UND,-,,0
0001,NC6940,03,B-7590-300,2685-0300,1.000, ABRAZADERA 3   PARA BIDON NALGENE ,UND,-,,0
0001,NC6940,03,B-7591-001,7131-0001,10.000,CANASTILLA P/TOMA DE MUESTRA 38.1x35.6x26.7 HDPE,UND,-,,0
0001,NC6940,03,B-7591-500,7211-0500,1.000, TRI-CLAMP SANITARIO 1   CONECTOR P/BIDON NALGENE ,UND,-,,0
0001,NC6940,03,B-7591-7135,7135-0001,4.000,CAJA D/BIO TRANSPORTE 6.8x18.4x17.1CM PC(7135-0001,UND,-,,0
0001,NC6940,03,B-7592-010,6169-0010,72.000,VARILLA AGITADORA PP (6169-0010) NALGENE,UND,-,,0
0001,NC6940,03,B-7665-002,DS2205-0210,1.000,BOTELLA BOCA ANGOSTA PC 2LT. (DS2205-0210) NALGEN,UND,-,,0
0001,NC6940,03,B-7665-1000,2187-0032,47.000,BOTELLA ECONOMICA 1000ML. PP (2187-0032) NALGENE,UND,-,,0
0001,NC6940,03,B-7680-550,2422-5500,1.000,BOTELLA P/LAVADO 500ML. LDPE ROJO (2422-5500)NALGE,UND,-,,0
0001,NC6940,03,B-7685-0250,2401-0250,3.000,BOTELLA P/LAVADO ECONOMICA 250ML. LDPE(2401-0250),UND,-,,0
0001,NC6940,03,B-7685-0500,2401-0500,2.000,BOTELLA P/LAVADO ECONOMICA 500ML. LDPE(2401-0500),UND,-,,0
0001,NC6940,03,B-7690-0250,DS2404-0250,4.000,BOTELLA P/LAVADO C/SEGURIDAD ROJO (DS2404-0250),UND,-,,0
0001,NC6940,03,B-7730-250,,1.000,GOTERO DE PLASTICO 250 ML. NALGENE,UND,-,,0
0001,NC6940,03,B-7750-1,5026-0909,1.000,PORTA VIAL (CRYOBOX) 1.2/2.0 ml. PC,9x9 NALGENE,UND,-,,0
0001,NC6940,03,B-7750-2,5027-0909,72.000,PORTA VIAL ( CRYOBOX ) 5.0 ML. 9X9 NALGENE,UND,-,,0
0001,NC6940,03,B-7790-005,5045-0005,20.000,TAPON P/CRIOVIALES PK/100 ROJO (5045-0005) NALGENE,UND,-,,0
0001,NC6940,03,B-7897-250,2404-0250,1.000,PIZETAS, AMBAR, X 250 ML. NALGE USA,UND,-,,0
0001,NC6940,03,B-7897-500,NO.COD.FAB,12.000,PIZETAS, AMBAR, X 500 ML. NALGE USA,UND,-,,0
0001,NC6940,03,C-3820-15A,NO.COD.FAB,50.000,TUBO CONICO P/CENTRIFUGA GRADUADA 15 ML. NALGE CO.,UND,-,,0
0001,NC6940,03,C-3840-050,334959,146.000,TUBO CONICO P/CENTRIFUGA 50 ML.(334959 NUNC,UND,-,,0
0001,NC6940,03,C-3840-2X,,1.000,TUBOS CONICOS DE CENTRIFUGA GRADUADOS 50 ML. NALGE,UND,-,,0
0001,NC6940,03,C-3845-050,334940,3.000,TUBO CONICO P/CENTRIFUGA 50ML. C/TAPA (334940 NUNC,UND,-,,0
0001,NC6940,03,C-4051-015,3103-0015,100.000,TUBO CONICO P/CENTRIFUGA 15ML. PPCO (3103-0015)NAL,UND,-,,0
0001,NC6940,03,C-4051-050,3103-0050,60.000,TUBO CONICO P/CENTRIFUGA 50ML. PPCO (3103-0050),UND,-,,0
0001,NC6940,03,C-4053-050,339653,9.000,TUBO CONICO P/CENTRIFUGA 50ML. PK/25 NALGENE,UND,-,,0
0001,NC6940,03,C-4055-085,3118-0085,60.000,TUBO DE CENTRIFUGA C/TAPA 85ML.(1510-0250) NALGE,UND,-,,0
0001,NC6940,03,C-9076-10,NO.COD.FAB,36.000,PROBETA GRADUADA DE 10 ML. NALGE USA,UND,-,,0
0001,NC6940,03,C-9076-25,NO.COD.FAB,2.000,PROBETA GRADUADA DE 25 ML. NALGE USA,UND,-,,0
0001,NC6940,03,C-9076-500,3663-0500,1.000,PROBETA GRADUADA DE 500 ML. PMP NALGENE,UND,-,,0
0001,NC6940,03,C-9077-0050,3664-0050,18.000,PROBETA GRADUADA DE 50ML. (3664-0050) NALGENE,UND,-,,0
0001,NC6940,03,C-9077-0100,3664-0100,1.000,PROBETA GRADUADA 100ML. (3664-0100) NALGENE,UND,-,,0
0001,NC6940,03,C-9077-0250,3664-0250,10.000,PROBETA GRADUADA 250ML. (3664-0250) NALGENE,UND,-,,0
0001,NC6940,03,C-9077-0500,3664-0500,8.000,PROBETA GRADUADA 500ML. (3664-0500) NALGENE,UND,-,,0
0001,NC6940,03,C-9077-1000,3664-1000,1.000,PROBETA GRADUADA 1000ML. (3664-1000) NALGENE,UND,-,,0
0001,NC6940,08,DS3111-0032,DS3111-0032,2.000,TAPA P/TUBO REDONDO DE 100ML. PK/20 NALGE,UND,7242799010,31/12/2030,1
0001,NC6940,03,F-3201-567,567-0020,8.000,UNIDAD DE FILTRACION 1 LT. A-PES, (567-0020) NALGE,UND,-,,0
0001,NC6940,03,F-4740-0250,4000-0250,24.000,MATRAZ VOLUMETRICO 250ML. PP (4000-0250) NALGENE,UND,-,,0
0001,NC6940,03,F-4740-0500,4000-0500,12.000,MATRAZ VOLUMETRICO 500ML. PP (4000-0500) NALGENE,UND,-,,0
0001,NC6940,03,F-4740-1000,4000-1000,2.000,MATRAZ VOLUMETRICO 1000ML. PP (4000-1000) NALGENE,UND,-,,0
0001,NC6940,03,F-4750-025,156340,900.000,FRASCO P/CULTIVO 25CM2. C/TAPA (156340) NUNC,UND,-,,0
0001,NC6940,03,F-4750-075,156472,400.000,FRASCO P/CULTIVO 75CM2 C/TAPA (156472) NUNC,UND,-,,0
0001,NC6940,03,F-4750-080,153732,100.000,FRASCO P/CULTIVO 80CM2. C/TAPA (153732) NUNC,UND,-,,0
0001,NC6940,03,F-4750-175,156502,64.000,FRASCO P/CULTIVO 175CM2 C/TAPA (156502) NUNC,UND,-,,0
0001,NC6940,03,F-4755-175,159910,60.000,FRASCO P/CULTIVO 175CM2. ANGULADA(159910)C/TAPA NU,UND,-,,0
0001,NC6940,03,F-4765-500,132867,60.000,FRASCO TRIPLE P/CULTIVO 500CM2. (132867) NUNC,UND,-,,0
0001,NC6940,03,F-7455-1,NO.COD.FAB,43.000,EMBUDO ANALITICO 35MM. NALGE USA,UND,-,,0
0001,NC6940,03,F-7455-160,4250-0160,4.000,EMBUDO ANALITICO 160MM. PP (4250-0160) NALGENE,UND,-,,0
0001,NC6940,03,F-7455-2,NO.COD.FAB,19.000,EMBUDO ANALITICO 55MM. NALGE USA,UND,-,,0
0001,NC6940,03,F-7455-5,NO.COD.FAB,23.000,EMBUDO ANALITICO 90 MM NALGE USA,UND,-,,0
0001,NC6940,03,F-7460-002,4260-0020,18.000,EMBUDO BAJA DENSIDAD LDPE 2PULG.(4260-0020) NALGE,UND,-,,0
0001,NC6940,03,F-7460-004,4260-0040,9.000,EMBUDO BAJA DENSIDAD LDPE 4PULG.(4260-0040)NALGENE,UND,-,,0
0001,NC6940,03,F-7460-006,4260-0060,12.000,EMBUDO BAJA DENSIDAD LDPE 6PULG. (4260-0060)NALGEN,UND,-,,0
0001,NC6940,03,F-7460-010,4260-0100,1.000,EMBUDO BAJA DENSIDAD LDPE 10PULG.(4260-0100)NALGEN,UND,-,,0
0001,NC6940,03,F-7465-012,4260-0120,2.000,EMBUDO ALTA DENSIDAD HDPE 12PULG.(4260-0120) NALGE,UND,-,,0
0001,NC6940,03,F-7890-250,DS0315-0047,1.000,EMBUDO DE FILTRACION C/CLAMP PSF (DS0315-0047)NALG,UND,-,,0
0001,NC6940,03,G-7515-6355,6355-0001,1.000,PROTECTOR FACIAL POLICARBONATO MARCA NALGENE,UND,-,,0
0001,NC6940,03,G-7730-16,NO.COD.FAB,24.000,COPA GRAD.DE PLASTICO TRANSPARENTE,500 ML.NALGENE,UND,-,,0
0001,NC6940,03,G-7730-32,NO.COD.FAB,22.000,COPA GRAD.DE PLASTICO TRANSPARENTE 1000 ML.NALGENE,UND,-,,0
0001,NC6940,03,G-7730-8,NO.COD.FAB,14.000,COPA GRADUADA DE POLIPROPILENO TRANSPARENTE 250 ML,UND,-,,0
0001,NC6940,08,J-3021,NO.COD.FAB,2.000,JARRA (RECIPIENTE) DE PIPETAS, NALGENE - U.S.A.,UND,-,,0
0001,NC6940,08,J-3022,NO.COD.FAB,1.000,RECIPIENTE DE ENJUAGUE DE PIPETA P/MOD. F, NALGE U,UND,-,,0
0001,NC6940,03,P-1220-010,6313-0010,6.000,MARCADORES PK/4 P/POLICARBONATO (6313-0010)NALGENE,UND,-,,0
0001,NC6940,08,P-5250-2,,2.000, LAVADOR DE PIPETAS TAMANO   E   NALGE USA ,UND,-,,0
0001,NC6940,08,P-5265-3X,NO.COD.FAB,1.000,CANASTILLA PARA LAVADOR PIPETAS TAMANO F NALGE USA,UND,-,,0
0001,NC6940,03,P-5266-3,NO.COD.FAB,1.000,JUEGO LAVADOR AUTOMATICO DE PIPETAS COMPLETO DE,UND,-,,0
0001,NC6940,03,R-5355-4,NO.COD.FAB,2.000,TUBERIA PLASTICA TRANSPAR. 5/16 X 1/16,1 MT. NALGE,UND,-,,0
0001,NC6940,03,R-5356-1X,8000-0030,29.000,TUBERIA PLASTICA TRANSP. 3/16x5/16x1/16 1 MT NALG,UND,-,,0
0001,NC6940,03,R-5356-3X,8000-0070,16.000,TUBERIA PLASTICA TRANSP. 1/4 X 3/32, 1 MT. NALGE U,UND,-,,0
0001,NC6940,03,R-5356-4X,8000-0100,6.000,TUBERIA PLASTICA TRANSP. 5/16 X 3/32, 1 MT. NALGE,UND,-,,0
0001,NC6940,03,R-5356-5X,8000-0190,2.000,TUBERIA PLASTICA TRANSP. 1/2 X 3/32 - 1 MT. NALGE,UND,-,,0
0001,NC6940,03,S-9248,5973-9315,1.000,RACK PLASTICO P/MICRO TUBOS 1.5ML. AZUL NALGENE,UND,-,,0
0001,NC6940,03,S-9248-316,5970-0316,7.000,RACK P/TUBO DE PRUEBA 16MM. AZUL 6x12 (5970-0316),UND,-,,0
0001,NC6940,03,T-1568-2,69170150,12.000,CESTA P/TUBOS AUTOCLAVABLE 178x168x156 MM. NALGENE,UND,-,,0
0001,NC6940,03,T-1568-3,69170230,60.000,CESTA P/TUBOS AUTOCLAVABLE 239x233x230 MM. NALGENE,UND,-,,0
0001,NH7121,06,M-3060-1220,,49.000,LAMPARA SPARE BULBS 12V. 20W. P/MICROSCOPIO NINGB,UND,-,,0
0001,-,03,F-4001-50,NO.COD.FAB,244.000,BALON FONDO PLANO 50 ML. OWENS ILLINOIS USA,UND,-,,0
0001,-,03,M-8147,NO.COD.FAB,2.000,BUTIROMETRO D/PRECISION P/LECHE SCHNEIDER GERBER S,UND,-,,0
0001,OS7250,02,30100424,30100424,2.000,SOLUCION BUFFER  PH1.68  250ML  OHAUS,UND,5GF1356,30/06/2027,1
0001,OS7250,02,30100425,30100425,2.000,SOLUCION BUFFER  PH4.01  250ML  OHAUS,UND,5GK0194,30/11/2027,1
0001,OS7250,02,30100429,30100429,2.000,SOLUCION BUFFER  PH10.01  250ML  OHAUS,UND,6GB0543,28/02/2028,1
0001,OS7250,02,30100440,30100440,2.000,SOLUCION BUFFER  PH12.45  250ML  OHAUS,UND,5GI1322,30/09/2027,1
0001,OS7250,08,30314834,30314834,1.000,ROTOR ANGULO FIJO PARA 12 TUBOS  OHAUS,UND,-,,0
0001,OS7250,08,80780287,80780287,5.000,PESAS P/BALANZA AV3102C 10 MG. CL-E2 CERTIFICADO,UND,-,,0
0001,OS7250,08,80780288,80780288,2.000,PESAS P/BALANZA EX2202 20 MG. CL-E2 CERTIFICADO,UND,-,,0
0001,OS7250,08,80780291,80780291,5.000,PESAS P/BALANZA AV3102C 200 MG. CL-E2 CERTIFICADO,UND,-,,0
0001,OS7250,01,B-1255-3102,AV-3102C,1.000,BALANZA ANALITICA ADVENTURER 3102C 3.1KGx0.01GR,UND,,,1
0001,OS7250,01,B-1255-3102,AV-3102C,1.000,BALANZA ANALITICA ADVENTURER 3102C 3.1KGx0.01GR,UND,8033451206,,1
0001,OS7250,03,B-1260,,1.000,BALANZA ELECT. STD.MOD. TS400D 80/400Gx0.001/0.01g,UND,-,,0
0001,OS7250,08,B-1761X,NO.COD.FAB,2.000,PLATILLO HONDO 15CM Y 2CM ALTO TRIPLE BEAN OHAUS U,UND,-,,0
0001,OS7250,01,B-1796,1550-SD,1.000,BALANZA P/LABORATORIO 1550-SD HARVARD TRIP 2000 GX0 1 G,UND,1254,,1
0001,OS7250,01,B-1796,1550-SD,1.000,BALANZA P/LABORATORIO 1550-SD HARVARD TRIP 2000 GX0 1 G,UND,1288,,1
0001,OS7250,01,B-1796,1550-SD,1.000,BALANZA P/LABORATORIO 1550-SD HARVARD TRIP 2000 GX0 1 G,UND,1290,,1
0001,OS7250,01,B-1796,1550-SD,1.000,BALANZA P/LABORATORIO 1550-SD HARVARD TRIP 2000 GX0 1 G,UND,27466,,1
0001,OS7250,03,B-1800-8013,8013-MN,40.000,DINAMOMETRO MOD. 8013-MN 1000gr. x 10gr. OHAUS,UND,-,,0
0001,OS7250,03,B-2269X,51055-00,4.000,PESAS PARA BALANZA SCOOP 420 GR. OHAUS,UND,-,,0
0001,OS7250,08,B-2270-MG,80780267,2.000,PESAS P/BALANZA ANALITICA 200 mgr. OHAUS,UND,-,,0
0001,OS7250,03,B-2276-0200,80780276,1.000,PESAS 200 GR. PARA BALANZA OHAUS,UND,-,,0
0001,OS7250,08,B-2280-264,,17.000,PLATILLO DE ALUMINIO P/BALANZA METTLE TOLEDO,UND,-,,0
0001,OS7250,08,B-2290-122,80500570,1.000,CABLE DE CONEXION A IMPRESORA SF42/EXPLORER OHAUS,UND,-,,0
0001,OS7250,08,B-2290-379,9773-79,3.000,COBERTOR DE PLASTICO P/BALANZA OHAUS,UND,-,,0
0001,OS7250,08,B-2290-879,12103879,1.000,COBERTOR DE PLASTICO P/BALANZA ADVENTURER OHAUS,UND,-,,0
0001,OS7250,03,G21HS07C,E-G21HS07C,1.000,AGITADOR MAGNETICO - PLANCHA CALENTAMIENTO  OHAUS,UND,C216905222,,1
0001,OS7250,08,G21HSRDS,G21HSRDS,1.000,AGITADOR MAGNETICO - PLANCHA CALENTAMIENTO  OHAUS,UND,-,,0
0001,PC7485,08,09-1605NL,091605NL,1.000,ADAPTADOR AERATOR 55/64 -  13/16-24,UND,-,,0
0001,PC7485,08,09-1651,09-1651,9.000,ADAPTADOR L  55/64 -27M  15/16 -27M  PALL CORP,UND,-,,0
0001,PC7485,08,1952100,1952100,11.000,ACOPLADOR L  55/64 27F CPC  PALL CORP.,UND,-,,0
0001,PC7485,04,68015-96,ELD96LYL,1.000,FILTRO INTRAVENOSO ELD96LYL 0.2 um MICROBORE PALL,UND,25-940,31/07/2030,1
0001,PC7485,03,68015-TNA1E,TNA1E,512.000,FILTRO INTRAVENOSO TNA1E 1.2um P/NUT PARENTAL PALL,UND,24-856,31/01/2029,1
0001,PC7485,08,SHO1/2MNN,SHO1/2MNN,9.000, ADAPTADOR AQL  LOGO NO-VAL  1/2    PALL CORP ,UND,-,,0
0001,PL7509,08,70202-60X,,1.000,GEL AQUASONIC P/ULTROSONIDO 60 GR. PARKER LAB.,UND,-,,0
0001,PL7509,08,70202-X,,3.000,GEL AQUASONIC P/ULTRASONIDO 8oz. (0.25 LT) PARKER,UND,-,,0
0001,PL7509,08,70203,,86.000,GEL P/ELECTROCARD.250gr. Equiv. a 260.74cc PARKER,UND,-,,0
0001,PS7890,07,J-1505,,1.000, INCUBADORA 18X18X27   MOD.4 136 lt. 220V PRECISION ,UND,-,,0
0001,P8020,03,17136-006,NO.COD.FAB,1.000,LLAVES DE 3 VIAS REUSABLE, METALICO, PROPPER USA,UND,-,,0
0001,P8020,03,B-4030-1X,NO.COD.FAB,242.000,PIPETAS PARA GLOBULOS ROJOS PROPPER USA,UND,-,,0
0001,P8020,03,B-4030-2X,NO.COD.FAB,12.000,PIPETAS PARA GLOBULOS BLANCOS PROPPER USA,UND,-,,0
0001,P8020,03,B-4545X,NO.COD.FAB,356.000,PIPETAS DE SHALI PROPPER USA,UND,-,,0
0001,P8020,03,M-6050-2,NO.COD.FAB,512.000,LAMINAS CUBRE OBJETOS 22 X 22, 1 OZ PROPPER USA,UND,-,,0
0001,P8020,03,M-6050-3,NO.COD.FAB,1.000,LAMINAS CUBRE OBJETO # 2 22 X 30 1 OZ. PROPPER USA,UND,-,,0
0001,RI8165,06,M-3090,,4.000,LAMPARA P/MICROSCOPIO FLUORESC. MOD. RFM-1 RADICAL,UND,-,,0
0001,RI8165,06,M-3092,,3.000,LAMPARA PARA MICROSCOPIO STEREO MOD. RSM-8 RADICAL,UND,-,,0
0001,RI8165,06,M-3094,,1.000,SET D/OBJETIVOS 4X,10X,20X,40X, 100X P/MOD. RFM-1,UND,-,,0
0001,RI8165,08,M-3096,,1.000,ADAPTADOR DE CAMARA PARA MICROSCOPIO RADICAL,UND,-,,0
0001,RAYPA,06,70061,70061,1.000,RECAMBIO JUNTA  AE/AES   28 - 50  RAYPA,UND,-,,0
0001,RAYPA,06,70203-0,70203-0,1.000,RECAMBIO DE VIDRIO PARA SCRUBBER RAYPA,UND,-,,0
0001,RAYPA,06,70392,70392,1.000,RECAMBIO FILTRO BACTERIOLOGICO C/ROSCA P/MOD. AE-50-DRY,UND,-,,0
0001,RAYPA,08,71846,71846,1.000,CESTO REGULABLE SIN BANDEJAS PARA AUTOCLAVE  RAYPA,UND,-,,0
0001,RAYPA,06,72191,72191,1.000,RECAMBIO JUNTAS TORICAS   TLV  SET/ 5 UNID.  RAYPA,UND,-,,0
0001,RAYPA,06,79043,79043,2.000,(70832) RECAMBIO FILTRO BACTERIOLOGICO A PRESION P/MOD. AE-7,UND,-,,0
0001,RAYPA,08,84199015,84199015,1.000,IMPRESORA PARA CIRCUITO TOUCH SCREEN  RAYPA,UND,-,,0
0001,RAYPA,08,CCI-28,CCI-28,1.000,CESTO CIEGO EN CHAPA P/AUTOCLAVE AE-50-DRY RAYPA,UND,-,,0
0001,RAYPA,08,CI-75,CI-75,2.000,CESTO CON CHAPA PERFORADA 380x260MM. RAYPA,UND,-,,0
0001,RAYPA,08,CV-28,CV-28,3.000,CESTO EN VARILLA DE ACERO INOX. P/AUTOCLAVE  RAYPA,UND,-,,0
0001,RAYPA,08,CV-75,CV-75,2.000,CESTO EN VARILLA ACERO INOX. P/AUTOCLAVE  RAYPA,UND,-,,0
0001,RAYPA,08,EMC-FILTER,EMC-FILTER,1.000,FILTRO SUPRESOR INTERFERENCIAS  Y SOBRETENSIONES  RAYPA,UND,-,,0
0001,RAYPA,08,IT,IT,5.000,IMPRESORA TERMICA INTEGRADA DE PAPEL EN ROLLOS RAYPA,UND,-,,0
0001,RAYPA,06,MBC-6N,MBC-6/N,1.000,SISTEMA COMPACTO DE DIGESTION 6 PLAZAS RAYPA,UND,SIN/SERIE,,1
0001,RAYPA,08,PAPER-IT,PAPER-IT,6.000,ROLLO  DE PAPEL TERMICO P/IMPRESORA  PK/10  AUTOCLAVE  RAYPA,PK,-,,0
0001,RAYPA,01,SCRUBBER,SCRUBBER,1.000,UNIDAD DE NEUTRALIZACION C/BOMBA VACIO INCORPORADA,UND,33598,,1
0001,RAYPA,08,SRA-R-300,SRA-R-300,1.000,CESTA CON DOS BANDEJAS REGULABLES  PARA AUTOCLAVE RAYPA,UND,-,,0
0001,RAYPA,08,SW7000,SW7000,1.000,SOFTWARE DE COMUNICACION P/AUTOCLAVE + CABLE RAYPA,UND,-,,0
0001,RAYPA,08,TB-26300,TB-26300,12.000,TUBO  26x300MM   RAYPA,UND,-,,0
0001,RAYPA,08,TB-42300,TB-42300,6.000,JUEGO DE TUBOS P/SIST.DE DIGESTION MBC-6N  JGO/6  RAYPA,JGO,-,,0
0001,RR8465,04,10350,10350,12.000,PERA NEGRA DE LATEX C/VALVULA RUD RIESTER,UND,-,,0
0001,RR8465,08,10381,10381,70.000,TUBO DE MECANISMO INFLADO NEGRO LATEX,MET,-,,0
0001,RR8465,08,10580,10580,2.000,CABEZAL DE OTOSCOPIO RI-SCOPE RIESTER,UND,-,,0
0001,RR8465,08,10622,10622,29.000,BOMBILLA LED 3.5V. P/OFTALMOSCOPIO RI-SCOPE RIEST,UND,-,,0
0001,RR8465,08,10625,10625,16.000,BOMBILLA PARA OTOSCOPIO LED 3.5V. RIESTER,UND,-,,0
0001,RR8465,08,10626,10626,1.000,BOMBILLA LED 2.5V P/OTOSCOPIO RI-SCOPE L2/L3 RIESTER,UND,-,,0
0001,RR8465,08,10627,10627,11.000,BOMBILLA LEC 3.5V P/OFTALMOSCOPIO RI-SCOPE L1/L2/L3 RIESTER,UND,-,,0
0001,RR8465,04,10690,10690,1.000,BATRIA RI-ACCU  LITIO  3.5V.  PARA MANGO TIPO AA RIESTER,UND,-,,0
0001,RR8465,08,10691,10691,11.000,BATERIA  RI-ACCU LITIO 3.5V. P/MANGO TIPO  C  RIESTER,UND,-,,0
0001,RR8465,08,10692,10692,1.000,BATERIA RECARGABLE RI-ACCU 3.5V P/MANGO TIPO C,UND,-,,0
0001,RR8465,08,10705,10705,11.000,CARGADOR DE BATERIAS 230V. 2.5V 3.5V. RIESTER,UND,-,,0
0001,RR8465,08,10775-395,10775,10783,10789,22.000,ESPECULOS AURICULARES PK/10 P/RI-SCOPE 3772.550,UND,-,,0
0001,RR8465,08,10800-533,10800-533,2.000,ESPECULO AURICULAR REUTILIZABLE 3MM PK/10  RIESTER,SET,-,,0
0001,RR8465,08,10800-534,10800-534,1.000,ESPECULO AURICULAR REUTILIZABLE 4MM  PK/10  RIESTER,SET,-,,0
0001,RR8465,08,10800-535,10800-535,6.000,ESPECULO AURICULAR REUTILIZABLE 5MM  PK/10  RIESTER,SET,-,,0
0001,RR8465,08,10960,10960,10.000,PERA PARA OTOSCOPIOS  ROJA   RUD RIESTER,UND,-,,0
0001,RR8465,08,11141,11141,370.000,ANILLO DE PROTECCION PARA ESTETOSCOPIO  35.8MM RIESTER,UND,-,,0
0001,RR8465,08,11143,11143,400.000,ANILLO DE PROTECCION CONTRA FRIO DUPLEX  BABY,UND,-,,0
0001,RR8465,08,11177-00,11177,260.000,FOCO PARA LINTERNA FORTELUX N 2.2V. RIESTER,UND,489033,31/12/2030,1
0001,RR8465,04,12314,12314,1.000,MANGO C RECARGABLE P/LARINGOSCOPIO,UND,-,,0
0001,RR8465,08,12321,12321,1.000,FOCO P/LARINGOSCOPIO MILLER ADULTO,UND,-,,0
0001,RR8465,04,1250.107,1250-107,15.000,TENSIOMETRO R1 SHOCK PROOF  NEGRO ADULTO   RIESTER,UND,-,,0
0001,RR8465,08,12661,12661,1.000,SENSOR PARA DEDO ADULTO RUD RIESTER,UND,ESGJ01788,,1
0001,RR8465,08,12703,12703,1.000,CUBIERTA DESCARTABLE P/TERMOMETRO PK/40 RIESTER,UND,-,,0
0001,RR8465,08,13235,13235,2745.000,PIEZAS DE OLIVA   NEGRAS BLANDAS CARDIOPHON  RIESTER,UND,-,,0
0001,RR8465,08,13236,13236,2079.000,MEMBRANA IMPRESA CARDIOPHON 2.0 DUPLEX  RIESTER,UND,-,,0
0001,RR8465,08,13237,13237,40.000,MEMBRANA 32MM DIAMET. CARDIOPHON 2.0  RIESTER,UND,-,,0
0001,RR8465,08,13238,13238,10.000,MEMBRANA IMPRESA 32MM. DUPLEX 2.0  BABY  RIESTER,UND,-,,0
0001,RR8465,08,135,135,17.000,BRAZALETE VELCRO AZUL 2 TUBOS NEONATO/NIÑO RIESTER,UND,-,,0
0001,RR8465,04,1350,1350,441.000,TENSIOMETRO EXACTA BRAZALETE VELCRO RIESTER,UND,-,,0
0001,RR8465,04,1350-130,1350-130,140.000,TENSIOMETRO ANEROIDE PEDIATRICO MOD. EXACTA,UND,-,,0
0001,RR8465,04,1453,1453,4.000,TENSIOMETRO BIG BEN DE MESA C/BRAZALETE ADULTO,UND,-,,0
0001,RR8465,04,1456-000,1456,4.000,TENSIOMETRO BIG BEN DE MESA, C/BRAZALETE ADULTO,UND,-,,0
0001,RR8465,04,1459,1459,2.000,TENSIOMETRO DE PARED BIG BEN REDONDA ADULTO RIES,UND,-,,0
0001,RR8465,04,1465,1465,5.000,TENSIOMETRO DE PARED BIG BEN CUADRADA ADULTO RIES,UND,-,,0
0001,RR8465,04,1478-130,1478-130,19.000,TENSIOMETRO BIG BEN CUADRADO DE PIE RIESTER,UND,-,,0
0001,RR8465,04,1478-500,1478-500,5.000,TENSIOMETRO BIG BEN CUADRADO SIN  PIE  ADULTO RIESTER,UND,-,,0
0001,RR8465,04,1512,1512,4.000,TENSIOMETRO  RI-SAN ADULTO BRAZALETE VELCRO  GRIS RIESTER,UND,-,,0
0001,RR8465,04,1517,1517,1.000,TENSIOMETRO  RI-SAN ADULTO BRAZALETE VELCRO AZUL  RIESTER,UND,-,,0
0001,RR8465,04,1522,1522,1.000,TENSIOMETRO  RI-SAN  ADULTO BRAZALETE VELCRO AZAFRAN RIESTER,UND,-,,0
0001,RR8465,04,1527,1527,4.000,TENSIOMETRO  RI-SAN ADULTO BRAZALETE VELCRO  VERDE RIESTER,UND,-,,0
0001,RR8465,04,2100-201,2100-201,10.000,OTOSCOPIO  E-SCOPE ILUMINACION DIRECTA  XL 2.5V  BLANCO,UND,-,,0
0001,RR8465,04,2101-200,2101-200,1.000,OTOSCOPIO E-SCOPE ILUMINACION DIRECTA RIESTER,UND,-,,0
0001,RR8465,04,2101-201,2101-201,4.000,OTOSCOPIO  E-SCOPE ILUMINACION DIRECTA XL 2.5V.  NEGRO,UND,-,,0
0001,RR8465,04,30442-350,10350,2.000,PERA Y VALVULA PARA TENSIOMETRO RIESTER,UND,-,,0
0001,RR8465,08,30445-048,10363,8.000,VALVULA PARA PERA DE TENSIOMETRO RUD RIESTER,UND,-,,0
0001,RR8465,08,30482-059,123,30.000,BRAZALETE VELCRO 2 TUBOS, ADULTO OBESO RIESTER,UND,-,,0
0001,RR8465,08,30482-060,,2.000,BRAZALETE VELCRO 2 TUBOS P/ADULTO RUD RIESTER,UND,-,,0
0001,RR8465,08,30482-061,,1.000,BRAZALETE VELCRO 2 TUBOS, PARA NIÐOS RIESTER,UND,-,,0
0001,RR8465,08,30748-026,11051,2.000,MEMBRANAS IMPRESAS DUPLEX 26MM.DIAMET. RIESTER,UND,-,,0
0001,RR8465,08,30748-034,11052,190.000,MEMBRANA IMPRESA 34MM. DUPLEX BABY RIESTER,UND,-,,0
0001,RR8465,08,30748-1XX,11112,5.000,OLIVAS P/ESTETOSCOPIO DUPLEX ADULTO Y NIÐO PAR,UND,-,,0
0001,RR8465,08,30776-039,11139,26.000,SET DE OLIVAS (PK/2) GRIS DUPLEX P/ESTETOSCOPIO,UND,-,,0
0001,RR8465,04,30776-1,4051,43.000,ESTETOSCOPIO DUPLEX NEONATAL ALUMINIO  CAT. 4051,UND,-,,0
0001,RR8465,04,30910-5030,,1.000,MARTILLO DE PERCUSION TAYLOR 20CM. A/INOX RIESTER,UND,-,,0
0001,RR8465,08,31-10447,10447,32.000,ESPEJOS LARINGEOS PAR RIESTER,UND,-,,0
0001,RR8465,08,31-10489,10489,6.000,LAMPARA XL 2.5V. P/OTOSCOPIO UNID. RIESTER,UND,-,,0
0001,RR8465,08,31-10538,10538,74.000,CABEZAL DEL PORTALAMPARAS RI-SCOPE HL. 2.5V RIESTE,UND,-,,0
0001,RR8465,08,31-10590,10590,6.000,FOCO PARA OTOSCOPIO HL 2.5V. RIESTER,UND,-,,0
0001,RR8465,08,31-10592,10592,10.000,FOCO PARA OTOSCOPIO XL 3.5V. RUD RIESTER,UND,-,,0
0001,RR8465,08,31-10599,10599,5.000,FOCO PARA OTOSCOPIO RI-SCOPE 3.5V. RIESTER,UND,-,,0
0001,RR8465,08,31-10600,10600,48.000,FOCO HL 2.5 V. P/OTOSCOPIO RI-SCOPE RIESTER,UND,-,,0
0001,RR8465,08,31-10605,10605,16.000,FOCO HL 2.5V. P/OFTALMOSCOPIO RI-SCOPE RIESTER,UND,-,,0
0001,RR8465,08,31-10607,10607,86.000,FOCO DE XENON PARA OTOSCOPIO DE 3.5V RIESTER,UND,-,,0
0001,RR8465,08,31-10608,10608,26.000,FOCO DE XENON PARA OFTALMOSCOPIO DE 3.5V RIESTER,UND,-,,0
0001,RR8465,08,31-10609,10609,49.000,FOCO DE XENON XL 3.5V. P/OTOSCOPIO RISCOPE RIESTER,UND,-,,0
0001,RR8465,08,31-10610,10610,4.000,BOMBILLA PARA RETINOSCOPIO 3.5V. RIESTER,UND,-,,0
0001,RR8465,08,31-10681,10681,31.000,BATERIA RECARGABLE 2.5V. RUD RIESTER,UND,-,,0
0001,RR8465,08,31-10775,10775,3.000,ESPECULO AURICULAR REUTILIZABLE 2 MM PK/10 RIESTER,SET,-,,0
0001,RR8465,08,31-10779,10779,3.000,ESPECULO AURICULAR REUTILIZABLE 2.5MM PK/10 RIESTE,SET,-,,0
0001,RR8465,08,31-11178,31-11178,10.000,FOCO 2.5V. PARA LINTERNA FORTELUX RIESTER,UND,-,,0
0001,RR8465,08,31-11381,11381,19.000,FOCO P/PANTOSCOPIO RI-SCOPRE PERFECT 2.7V. RIESTE,UND,-,,0
0001,RR8465,08,31-11428,11428,2.000,FOCO PARA LARINGOSCOPIO XL 2.5V RUD RIESTER,UND,464195,31/12/2030,1
0001,RR8465,08,31-11428,11428,4.000,FOCO PARA LARINGOSCOPIO XL 2.5V RUD RIESTER,UND,470142,31/12/2030,1
0001,RR8465,08,31-11429,11429,17.000,FOCO P/LARINGOSCOPIO NEONAT. 3.5V. RIESTER,UND,-,,0
0001,RR8465,08,31-11449,11449,57.000,LENTE QUIRURGICO P/PANTOSCOPIO RUD RIESTER,UND,-,,0
0001,RR8465,08,31-12221,12221,23.000,ESPATULA MILLER # 0 RIESTER,UND,-,,0
0001,RR8465,08,31-12233,12233,1.000,ESPATULA RI-INTEGRAL C/F.O. MACINTOSH # 3 RIESTER,UND,-,,0
0001,RR8465,08,31-12234,12234,1.000,ESPATULA RI-INTEGRAL C/F.O. MACINTOSH # 4 RIESTER,UND,-,,0
0001,RR8465,08,31411-431,,8.000,LAMPARA LUZ HALOGENA 2.5V.P/LARINGOSCOP. H.CURVA#3,UND,-,,0
0001,RR8465,08,31415-443,,2.000,PORTA LAMPARA Y ESPEJOS P/SET DIAGNOS. CAT.250,UND,-,,0
0001,RR8465,08,31415-602,,12.000,BOMBILLAS 2.5V. P/OTOSCOPIO P/OPERAC. HALOGENO,UND,-,,0
0001,RR8465,08,31415-830,10830,8.000,ESPECULO AURICULAR REUTILIZABLE 2 MM. RIESTER,UND,-,,0
0001,RR8465,08,31415-835,10835,5.000,ESPECULO AURICULAR REUTILIZABLE 3 MM. RIESTER,UND,-,,0
0001,RR8465,08,31415-840,10840,4.000,ESPECULO AURICULAR REUTILIZABLE 4 MM. RIESTER,UND,-,,0
0001,RR8465,08,31415-845,10845,8.000,ESPECULO AURICULAR REUTILIZABLE 5 MM. RIESTER,UND,-,,0
0001,RR8465,08,31415-899,,12.000,SET DE ESPECULOS AURICULARES PK/14 RUD RIESTER,UND,-,,0
0001,RR8465,08,31416-961,10961,37.000,CONECTOR PARA TODO OTOSCOPIO RUD RIESTER,UND,-,,0
0001,RR8465,08,31423-684,10684,33.000,BATERIA RECARGABLE 3.5V. RI-ACCU P/MANGO RIESTER,UND,-,,0
0001,RR8465,04,3755-00,,2.000,PANTOSCOPIO RI-SCOPE PERFECT   L3/L2   RIESTER,UND,-,,0
0001,RR8465,04,3818-203,3818-203,1.000,OTO/OFTALMOSCOPIO RI-SCOPE MANGO AA LED 3.5V RIESTER,UND,-,,0
0001,RR8465,04,3819-203,3819-203,10.000,OTO/OFTALMOSCOPIO RI-SCOPE PERFECT MANGO C  LED 3.5V RIESTER,UND,-,,0
0001,RR8465,04,4001-01,4001-01,1.000,ESTETOSCOPIO DUPLEX ADULTO NEGRO ALUMINIO,UND,-,,0
0001,RR8465,04,4031-03,4031-03,13.000,ESTETOSCOPIO DUPLEX ADULTO AZUL ALUMINIO  RIESTER,UND,-,,0
0001,RR8465,04,4041,4041,2.000,ESTETOSCOPIO DUPLEX BABY AZUL ALUMINIO RIESTER,UND,-,,0
0001,RR8465,04,4191,4191,2.000,ESTETOSCOPIO PINARD ALUMINIO PLATEADO RIESTER,UND,-,,0
0001,RR8465,04,4201-01,4201-01,10.000,ESTETOSCOPIO DUPLEX ALUMINIO  BLACK EDITION  RIESTER,UND,-,,0
0001,RR8465,04,4210-01,4210-01,5.000,ESTETOSCOPIO ADULTO ACERO INOX NEGRO RIESTER,UND,-,,0
0001,RR8465,04,4210-03,4210-03,34.000,ESTETOSCOPIO DUPLEX ACERO INOXIDABLE AZUL RIESTER,UND,-,,0
0001,RR8465,04,4210-04,4210-04,14.000,ESTETOSCOPIO DUPLEX ACERO INOXIDABLE ROJO RIESTER,UND,-,,0
0001,RR8465,04,4210-05,4210-05,3.000,ESTETOSCOPIO DUPLEX ACERO INOXIDABLE VERDE RIESTER,UND,-,,0
0001,RR8465,04,4230-02,4230-02,80.000,ESTETOSCOPIO NEONATAL ACERO INOX. BLANCO RIESTER,UND,-,,0
0001,RR8465,04,5070,,201.000,LINTERNA   RI-PEN   RUD RIESTER,UND,-,,0
0001,RR8465,04,5275,5275,1.000,METPAK  1000ML. MANOMETRO CROMADO C/BRAZALETE RIESTER,UND,-,,0
0001,RR8465,04,6091,6091,1.000,LAMPARA FRONTAL RI-FOCUS LED 6V. C/BATERIA Y CARG,UND,-,,0
0001,RR8465,04,6250,6250,5.000,LAMPARA DE EXPLORACION RI-MAGIC LED DE PIE RIESTER,UND,-,,0
0001,RR8465,04,6252-0,6252,5.000,LAMPARA LED DE PIE C/TRANSFORMADOR RUD RIESTER,UND,-,,0
0001,RR8465,04,7050,7050,4.000,LARINGOSCOPIO RI-STANDAR MACINTOSH MANGO TIPO AA,UND,-,,0
0001,SE4316,08,B-2992-4000,11054000,3.000,COBERTOR PLASTICO DE CABEZAL P/SELLADOR SEBRA,UND,-,,0
0001,SL8948,08,BA6099,BA6099,6.000,CLIP P/BOLSA STOMACHER FIT ALL PK/25 SEWARD,UND,-,,0
0001,SM9130,08,10090006,10090006,3.000,SUJETADOR STANDAR P/MUESTRAS P/MICROTOMO SLEE M,UND,-,,0
0001,SM9130,08,10090010,10090010,1.000,SOPORTE DESCART. P/CUCHILLAS DE MICROTOMO SLEE M.,UND,-,,0
0001,SM9130,08,10090030,10090030,6.000,BASE ERGONOMICA PARA MICROTOMO SLEE,UND,-,,0
0001,SM9130,08,10090045,10090045,1.000,SOPORTE DE CUCHILLAS PARA  PERFIL ALTO Y BAJO   SLEE,UND,-,,0
0001,SM9130,08,10090051,10090051,1.000,PANEL DE CONTROL EXTERNO DE CORTE  6062  SLEE MEDICAL,UND,CX 25 0011,,1
0001,SM9130,08,10156005,10156005,1.000,SOPORTE PARA CUCHILLAS STANDAR SLEE MAINZ,UND,-,,0
0001,SM9130,08,10156010,10156010,2.000,SUJETADOR DE CUCHILLAS PARA CRIOSTATO MOD. MEV,UND,-,,0
0001,SM9130,08,10196001,10196001,1.000,PINZA DE CALENTADO ELECTRICO P/MPS-P2 SLEE,UND,-,,0
0001,SM9130,08,10196012,10196012,1.000,PINZA CALEFACTABLE ELÉCTRICA (0.5 MM),UND,-,,0
0001,SM9130,08,10196015,10196015,2.000,PINZAS CALEFACTABLES ELÉCTRICAS (4 MM),UND,-,,0
0001,SM9130,03,11000227,11000227,2.000,VASO DE VIDRIO P/PROCESADOR DE TEJIDOS SLEE,UND,-,,0
0001,SM9130,08,11000254,11000254,1.000,FILTRO DE CARBON P/PROCESADOR AUTOMATICO DE TEJIDOS SLEE,UND,-,,0
0001,SM9130,08,11000272,11000272,1.000,ALARMA REMOTA GSM MODULO CM4000 PARA MOD.  MTM  SLEE,UND,HSC: 854800,,1
0001,SM9130,08,28407000,28407000,9.000,CUCHILLAS DESCARTABLES PK/50 P/MICROTOMO SLEE M,CJA,-,,0
0001,SM9130,08,28407004,28407004,4.000,CUCHILLAS DE PERFIL BAJO LPH  CJA/50   SLEE MEDICAL,CJA,-,,0
0001,SM9130,08,28407007,28407007,11.000,CUCHILLAS DESCARTABLES  PARA MICROTOMO  PK/50   SLEE,PK,-,,0
0001,SM9130,08,30000000,30000000,1.000,PORTA MUESTRA 35MM. DIAMT. P/CRIOSTATO PK/5   SLEE,UND,-,,0
0001,SM9130,08,30030050,30030050,1.000,MOLDES DE FONDO 7x7x7 MM. P/INCLUSION PARAFINA,UND,-,,0
0001,SM9130,08,30030052,30030052,2.000,MOLDES BASE  15x15x7 MM  ACERO INOX.  SET/12   SLEE,SET,-,,0
0001,SM9130,08,30030053,30030053,1.000,MOLDES DE FONDO 24x24x7MM P/INCLUSION PARAFINA,UND,-,,0
0001,SM9130,08,30030091,30030091,1.000,PINZA ANATOMICA 130MM. PUNT.ROMA ACER.INOX. SLEE,UND,-,,0
0001,SM9130,08,32000604,32000604,3.000,BANDEJA PARA CRIOSTATO   SLEE,UND,-,,0
0001,SM9130,08,34000321,34000321,1.000,UNIDAD DE AVANCE PARA MICROTOMO CUT5062/CUT 6062,UND,-,,0
0001,SM9130,08,35004064,35004064,1.000,SENSOR DE TEMPERATURA P/TANQUE  PARAFINA  MPS-P SLEE,UND,-,,0
0001,SM9130,08,39500354,39500354,1.000,CABLE DE CONEXION DE USB A SERIAL SLEE,UND,-,,0
0001,SM9130,08,41000420,41000420,8.000,CESTA PORTAOBJETOS P/30 MICRO PORTAOBJETOS WL   CROMATEC,CU,-,,0
0001,SM9130,08,41000504,41000504,10.000,CARRIER PARA COLOREADOR AUTOMATICO DE TEJIDOS,UND,-,,0
0001,SM9130,08,50000006,50000006,3.000,LLAVE ALLEN PARA MICROTOMOS SLEE,UND,-,,0
0001,SC9455,08,CM54,CM54,1.000,RACK PARA PLATOS P/LAVADOR DESINF. GENFORE STERIS,UND,-,,0
0001,SC9455,08,FD21800,FD21800,1.000,CARRO DE TRANSFERENCIA P/LAVADOR DESINFECT.444 STE,UND,-,,0
0001,SC9455,08,FD70400,FD70400,1.000,RACK PARA ANESTESIA P/LAVADOR DESINFECTOR 444 STER,UND,-,,0
0001,SC9455,08,LCB004,LCB004,5.000,ACTIVADOR VERIFY SCBI HP STERIS,UND,-,,0
0001,SC9455,08,MDPA39,PA39.01,2.000,FIJADOR P/ACCESORIOS P/MESA OPERACIONES MEDILAND,UND,-,,0
0001,SC9455,08,P093909512,P093909512,1.000,VALVULA CHECK P/MOD. 3085 STERIS,UND,-,,0
0001,SC9455,08,P093940125,P093940125,3.000,VALVULA DE ISOLACION SASM 3 VIAS STERIS,UND,-,,0
0001,SC9455,08,P117988267,117988267,3.000,BUSHING ROTARY SPRAY STERIS,UND,-,,0
0001,SC9455,08,P129385264,P129385264,1.000,BOQUILLA REDUCTORA 3/8M x 1/4F STERIS,UND,-,,0
0001,SC9455,08,P134469515,P134469515,1.000,FUENTE DE PODER ( POWER SUPPLY) PARA 3085 STERIS,UND,-,,0
0001,SC9455,08,P136809701,P136809701,1.000,PANTALLA TACTIL (8X8) P/MOD. CENTURY V120 STERIS,UND,-,,0
0001,SC9455,08,P387348974,P387348974,2.000, TUBERIA DE UNION PVC EN FORMA   T   STERIS ,UND,-,,0
0001,SC9455,08,P387349030,P387349030,12.000,TORNILLOS FLANGELESS STERIS,UND,-,,0
0001,SC9455,08,P387349031,P387349031,21.000,FERULAS, FLANGELESS STERIS,UND,-,,0
0001,SC9455,08,P755718445,P755718445,1.000,TARJETA COMPACT FLASH PARA V-PRO STERIS,UND,-,,0
0001,SC9455,08,P910009024,P910009024,1.000,KIT VALVE REBUILD STERIS,UND,-,,0
0001,SC9455,08,Q-543-886,NO.COD.FAB,11.000,ABRAZADERA P/ARCO ANESTESIA MESA DE OPERACIONES,UND,-,,0
0001,SC9455,08,VP0004,VP0004,1.000,BANDEJA DE ESTERILIZACION C/TAPA 10x21 STERIS,UND,-,,0
0001,SD9545,08,C-0001,NO.COD.FAB,12.000,CABEZAL DE MESA DE NEUROCIRUGIA MAYFIELD SURMED,UND,-,,0
0001,SD9545,08,C-0001X,NO.COD.FAB,2.000,SEGURO CON ROSCA PARA CABEZAL DE NEUROCIRUGIA,UND,-,,0
0001,SD9545,08,C-0002,NO.COD.FAB,26.000,PINES PK/3 ADULTO P/CABEZAL DE MESA SURMED,UND,-,,0
0001,SD9545,08,C-0003,NO.COD.FAB,26.000,PINES PK/3 PEDIATRICO P/CABEZAL DE MESA SURMED,UND,-,,0
0001,TS9671,03,B-4416-10A,NO.COD.FAB,1094.000,TUBO CAPILAR S/HEPARINA VIALx200 CAPILARES TECNON,UND,-,,0
0001,TG9738,01,JC1000-8-S-RX,JC1000-8-S-RX,1.000,CITOCENTRIFUGA  CELLSPIN I  8 POSICIONES   THARMAC,UND,0000218,,1
0001,TG9738,01,JC1000-8-S-RX,JC1000-8-S-RX,1.000,CITOCENTRIFUGA  CELLSPIN I  8 POSICIONES   THARMAC,UND,0000229,,1
0001,TG9738,08,JC305,JC305,1.000,PAPEL FILTRO P/CITOCENTRIFUGA PK/200 THARMAC,PK,-,,0
0001,TG9738,03,JC320-100,320-100X,2.000,ENVASE P/MUESTRA CELLFUNNEL PK/100 THARMAC,PK,-,,0
0001,TE9740,08,081003,081003,1.000,TAPA DE MEMBRANA  PK/3 TAPAS  THERMO ORION,PK,-,,0
0001,TE9740,06,50144774,50144774,1.000,PREFILTRO KRONOS  PARA INCUBADORA  THERMO,UND,-,,0
0001,TE4940,02,011007,011007,10.000,SOLUCION STANDAR 1413uS 60ML.   CJA/5  P/CONDUCTIVIMETRO,CJA,DZ2,31/01/2027,1
0001,TE4940,02,011008,011008,1.000,SOLUCION STANDAR 100uS  BOT x 60ML  CJA/5    THERMO FISHER,UND,DX2,31/03/2027,1
0001,TE4940,02,011008,011008,8.000,SOLUCION STANDAR 100uS  BOT x 60ML  CJA/5    THERMO FISHER,UND,DY3,28/02/2027,1
0001,TE4940,02,011008,011008,15.000,SOLUCION STANDAR 100uS  BOT x 60ML  CJA/5    THERMO FISHER,UND,0004519110,31/08/2027,1
0001,TE4940,08,02-1500,02.1500,1.000,CARTUCHO DE ACERO INOX. P/MICROPURE DI-1500 THERM,UND,-,,0
0001,TE4940,08,09-1003,09.1003,1.000,FILTRO DISPENSADOR FINAL P/MICROPURETHERMO,UND,-,,0
0001,TE4940,03,09-4000,09-4000,1.000,SISTEMA PRETRATAMIENTO DOBLE P/PURIFICADOR AGUA THERMO,UND,-,,0
0001,TE4940,08,11178156,11178156,6.000,ADAPTADORES P/BOLSAS DE SANGRE P60 THERMO JOUAN,UND,-,,0
0001,TE4940,08,11178195,11178195,30.000,RECIPIENTE P/BOLSA DE SANGRE P/KR4i THERMO,UND,-,,0
0001,TE4940,08,11210685,11210685,18.000,ADAPTADORES 5x1.5/2ML. SET/4 P/CENTRIFUGA CL10 THE,UND,-,,0
0001,TE4940,08,11753,11753,1.000,ROTOR MOD. HBB-6 DE 6 LUGARES C/ACCESORIOS SORVALL,UND,-,,0
0001,TE4940,06,11756,11756,8.000,LINER BUCKET HBB-6  SET/2   THERMO,SET,-,,0
0001,TE4940,01,13687720,13687720,1.000,MEZCLADOR TERMICO CON 20 TUBOS DE. 0,5 ml, Y 12 TUBOS DE 1,5,UND,01014321101268,,1
0001,TE4940,06,15028800,150-288-00,1.000,FAJA DE TRANSMISION MOVIMIENTO P/AGITADOR THERMO,UND,-,,0
0001,TE4940,08,190643,190643,1.000,VISOR DE HUMEDAD PARA INCUBADORA CO2,UND,-,,0
0001,TE4940,08,20059703,20059703,1.000,TECLADO THERMO,UND,-,,0
0001,TE4940,08,203027,203027,1.000,COMPRESOR  220 - 240V. P/CONGELADORA MOD. 8602 THERMO,UND,-,,0
0001,TE4940,08,20900508,20900508,1.000,CONJUNTO TAPA PARA CENTRIFUGA XFR THERMO,CU,-,,0
0001,TE4940,08,2129,2129,1.000,TERMO CRIOGENICO PARA NITROGENO LIQUIDO  1 LT THERMO,UND,-,,0
0001,TE4940,08,2203057,2203057,1.000,KIT DE COMPRESOR PARA REFRIGERACION THERMO,UND,-,,0
0001,TE4940,08,237105,237105,1.000,PLACA PLANA CON 96 POZOS THERMO,UND,-,,0
0001,TE4940,03,24071500,24071500,2.000,TUBERIA DE DISPENSADOR MARCA  THERMO,UND,-,,0
0001,TE4940,03,241-0250,241-0250,10.000,BOTELLA AMBAR 250 CC. C/TAPA PTFE THERMO,UND,-,,0
0001,TE4940,08,25300023,25300023,2.000,CERRADURA ELECTROMAGNETICA P/CENTRIFUGA KR4I,UND,-,,0
0001,TE4940,08,30100,30100,3.000,PLATAFORMA UNIVERSAL P/ROTADOR SHKE2000 THERMO,UND,-,,0
0001,TE4940,08,30105,30105,1.000,PLATAFORMA UNIVERSAL PARA AGITADOR THERMO,UND,-,,0
0001,TE4940,08,30129,30129,5.000,FLASK CLAMP STARTET KIT THERMO,UND,-,,0
0001,TE4940,08,30152BI,30152BI,1.000,ABRAZADERA PARA MATRAZ 50 ML. AGITADOR THERMO,UND,-,,0
0001,TE4940,08,30156BI,30156BI,1.000,ABRAZADERA PARA MATRAZ 500ML AGITADOR THERMO,UND,-,,0
0001,TE4940,08,30158,30158,2.000,ABRAZADERA PARA MATRAS 2 LT. AGITADOR THERMO,UND,-,,0
0001,TE4940,08,313408G02,313408G02,2.000,VENTILADOR SERVICE KIT P/REFRIGERACION THERMO,UND,-,,0
0001,TE4940,08,315447H01,315447H01,1.000,FILTRO DE SECADO SPORLAN C082-S-HH THERMO,UND,-,,0
0001,TE4940,08,315708G03,315708G03,2.000,KIT DE ARRANQUE DUAL P/CONGELADOR THERMO,UND,-,,0
0001,TE4940,08,322227G02,322227G02,2.000,COMPRESOR KIT 208/2 THERMO FISHER,UND,-,,0
0001,TE4940,08,326737H01,326737H01,1.000,SENSOR REF DISPLAY 4.7 THERMO,UND,-,,0
0001,TE4940,08,33443G02,33443G02,1.000,SEPARADOR ACEITE SERVICE ASY THERMO,UND,-,,0
0001,TE4940,08,335920-000,335920-000,1.000,CUBIERTA G1O PARA GENESIS 10 THERMO,UND,-,,0
0001,TE4940,08,335954-000,335954-000,54.000,PAPEL P/IMPRESORA P/ESPECTROF. GENESYS UNID. THERM,UND,-,,0
0001,TE4940,08,335989-000,335989-000,1.000,IMPRESORA BIOMATE G10 3 INTERNAL L P/ESPECTROFOT.,UND,-,,0
0001,TE4940,08,3523-46,3523-46,1.000,PLATAFORMA UTILITARIA PARA AGITADOR THERMO,UND,-,,0
0001,TE4940,08,3524-49,3524-49,3.000,PLATAFORMA SEPARADOR DE EMBUDOS DE 500 A 3000ML TH,UND,-,,0
0001,TE4940,08,38413H01,38413H01,1.000,PALETAS DE VENTILADOR   THERMO FISHER,UND,-,,0
0001,TE4940,08,398205,398205,4.000,ALARMA REMOTA MODELO 400 SENSAPHONE THERMO,UND,-,,0
0001,TE4940,08,400159,400159,2.000,BATERIA LED-ACID 12V. 7AH THERMO,UND,-,,0
0001,TE4940,08,430109,430109,1.000,CABLE DE ALIMENTACION 10A 250V  TIPO EUROPEO THERMO,UND,-,,0
0001,TE4940,03,4641010N,4641010N,1.000,MICROPIPETA FINNPIPETTE  F1  0.2  -  2.00UL  THERMO,UND,TH12683,,1
0001,TE4940,03,4641010N,4641010N,1.000,MICROPIPETA FINNPIPETTE  F1  0.2  -  2.00UL  THERMO,UND,TH12684,,1
0001,TE4940,03,4641010N,4641010N,1.000,MICROPIPETA FINNPIPETTE  F1  0.2  -  2.00UL  THERMO,UND,TH12685,,1
0001,TE4940,03,4641010N,4641010N,1.000,MICROPIPETA FINNPIPETTE  F1  0.2  -  2.00UL  THERMO,UND,TH12686,,1
0001,TE4940,03,4641100N,4641100N,1.000,MICROPIPETA FINNPIPETTE  F1   100  -  1000UL  THERMO,UND,TH14997,,1
0001,TE4940,03,4641100N,4641100N,1.000,MICROPIPETA FINNPIPETTE  F1   100  -  1000UL  THERMO,UND,TH14998,,1
0001,TE4940,03,4641100N,4641100N,1.000,MICROPIPETA FINNPIPETTE  F1   100  -  1000UL  THERMO,UND,TH14999,,1
0001,TE4940,03,4642070,4642070,1.000,MICROPIPETA FINNPIPETTE F2 10-100UL THERMO,UND,-,,0
0001,TE4940,08,500616-1,500616-1,2.000,REGISTRADOR GRAFICO DE TEMPERATURA - HELMER,UND,-,,0
0001,TE4940,08,50116553,50116553,1.000,TARJETA ELECTRONICA DE CONTROL PRINCIPAL THERMO,UND,-,,0
0001,TE4940,08,50117779,50117779,2.000,PANTALLA THERMO,UND,-,,0
0001,TE4940,08,50117904,50117904,2.000,MEMBRANA PARA TECLADO (KEYPAD) P/MOD. KR4i THERMO,UND,-,,0
0001,TE4940,08,50118889,50118889,1.000,TARJETA PRINCIPAL PARA CENTRIFUGA KR4i C/ACCESORIO,UND,-,,0
0001,TE4940,08,50118901,50118901,1.000,CONTROLADOR PARA AGITADOR MAGNETICO USO LABORAT. THERMO,UND,-,,0
0001,TE4940,08,50118962,50118962,1.000,COMPRESOR THERMO,UND,-,,0
0001,TE4940,08,501277692,501277692,2.000,REJILLA PARA ESTUFA HERATHERM THERMO,UND,-,,0
0001,TE4940,03,50129845,50129845,1.000,SISTEMA SMART 2 PURE Y V/UF C/TANQUE 30LT. THERMO,UND,-,,0
0001,TE4940,08,50135241,50135241,3.000,ESTANTE Y BANDEJA DE ACERO INOX. P/INCUBADORA,UND,-,,0
0001,TE4940,08,50141920,50141920,1.000,FILTRO HEPA PARA EQUIPO HERACELL  VIOS  THERMO FISHER,UND,2026517349-1-12,,1
0001,TE4940,08,50141920,50141920,1.000,FILTRO HEPA PARA EQUIPO HERACELL  VIOS  THERMO FISHER,UND,2026517349-1-14,,1
0001,TE4940,01,51014550,51014550,1.000,ESTUFA DE VACIO MOD. VT 6025 230V 60HZ. THERMO,UND,-,,0
0001,TE4940,01,51028548,51028548,1.000,ESTUFA MOD. OMH100-S-SS  EXTERIOR ACERO INOX. THERMO,UND,43156845,,1
0001,TE4940,08,5203050-02,5203050-02,1.000,COMPRESOR HERMETICO 2DA ETAPA  THERMO,UND,-,,0
0001,TE4940,08,5612-2D,5612-2D,2.000,ALARMA REMOTA 5612-2D P/CONGELADORA ULT1230,UND,-,,0
0001,TE4940,08,6184,6184,4.000, PAPEL REGISTRADOR 6    -40  A 25C.  CJA/50  THERMO ,CJA,-,,0
0001,TE4940,08,6202-1,6202-1,5.000,PARRILLA DE ACERO INOX. P/CONGELADORA ULT1230,UND,-,,0
0001,TE4940,08,6383-6D,6383-6D,1.000,REGISTRADOR CIRCULAR DE TEMPERATURA THERMO,UND,SIN/SERIE,,1
0001,TE4940,08,70901001,70901001,1.000,KIT DE MEMORIA NV RAM P/LABOFUGE 200 THERMO,UND,-,,0
0001,TE4940,06,70903033,70903033,1.000,TARJETA ELECTRONICA PRINCIPAL P/CENTRIFUGA ST8 THE,UND,-,,0
0001,TE4940,08,70904694,70904694,1.000,AMORTIGUADOR   PARA CENTRIFUGA  KIT  THERMO,KIT,-,,0
0001,TE4940,08,70904751,70904751,1.000,MEMORIA NVRAM PARA TARJETA ELECT. P/CENTRIFUGA ST8,UND,-,,0
0001,TE4940,01,75002495,75002495,1.000,CENTRIFUGA MICROHEMATOCRITO  MOD. CL17 C/ROTOR THERMO,UND,43357977,,1
0001,TE4940,08,75003180,75003180,1.000,ROTOR BASCULANTE TX-750 P/CENTRIFUGA SORVALL XFR,UND,-,,0
0001,TE4940,08,75003181,75003181,1.000,ROTOR TX-400 PARA CENTRIFUGA SORVALL ST16 THERMO,UND,-,,0
0001,TE4940,08,75003424,75003424,1.000,ROTOR 24x1.5 RTR C/CLICK BIO LID THERMO,UND,-,,0
0001,TE4940,08,75003623,75003623,7.000,ROTOR CLINICONIC FA PARA ROTOR CENTRIFUGA THERM,UND,-,,0
0001,TE4940,08,75003639,75003639,1.000,COLECTOR DE MUESTRAS SET/4 14x15ML. P/LEYEND XTR,UND,-,,0
0001,TE4940,08,75003671,75003671,1.000,ADAPTADOR BIOLINER 49 x 5/7 ml  VAC  THERMO,UND,-,,0
0001,TE4940,08,75003680,75003680,3.000,ADAPTADORES 19 x 5/7ML.P/SORVALL X1 PK/4 THERMO,UND,-,,0
0001,TE4940,08,75003697,75003697,1.000,ADAPATADOR 25 x 9-10 ml   SET/4  THERMO,SET,-,,0
0001,TE4940,08,75003733,75003733,1.000,ADAPTADORES P/MICROTUBOS  SET/4  48x2ML P/ROTOR,SET,-,,0
0001,TE4940,08,75003794,75003794,1.000,ADAPTADORES SET/4  PARA TUBOS 15ML.  THERMO,UND,-,,0
0001,TE4940,08,75003799,75003799,2.000,ADAPTADOR DE 50 ML. PK/4 THERMO,UND,-,,0
0001,TE4940,08,75003834,75003834,4.000,BUCKET P/BOLSA DE SANGRE P/MOD. BP8 THERMO,UND,-,,0
0001,TE4940,08,75003837,75003837,7.000,ADAPTADORES P/BOLSA DE SANGRE P/MOD. BP8 THERMO,UND,-,,0
0001,TE4940,08,75003839,75003839,8.000,ADAPTADOR BUFFY COAT P/BP8  JGO/2  P/UNA BOLSA,UND,-,,0
0001,TE4940,08,75003841,75003841,9.000,ADAPTADOR P/BOLSAS DE SANGRE 400-450ML 1x/2x THERMO,UND,-,,0
0001,TE4940,08,75003843,75003843,2.000,ESPACIADOR DE BOLSAS DE SANGRE SET/12 THERMO,SET,-,,0
0001,TE4940,08,75003846,75003846,13.000,BUCKET PARA BOLSA DE SANGRE SET/2   THERMO,UND,-,,0
0001,TE4940,08,75003851,75003851,4.000,ADAPTADOR P/BOLSA SANGRE DOBLE  THERMO,UND,-,,0
0001,TE4940,08,75003852,75003852,4.000,ADAPTADOR BOLSA SANGRE DOBLE QUINTUPLE XL,UND,-,,0
0001,TE4940,08,75003855,75003855,12.000,ADAPTADOR DE GANCHO P/SEPARACIONES   THERMO,UND,-,,0
0001,TE4940,08,75003881,75003881,1.000,ROTOR P/CENTRIFUGA MOD. BP8 THERMO,UND,-,,0
0001,TE4940,08,75003882,75003882,2.000,ROTOR BASCULANTE HAEMAFLEX 16 THERMO,UND,-,,0
0001,TE4940,08,75004127,75004127,5.000,ALFOMBRILLA ADHESIVA DE ALTA ADHERENCIA 280x170MM THERMO,UND,-,,0
0001,TE4940,08,75005703,75005703,1.000,BUCKETS PARA ROTOR TX-150  SET/4  THERMO F.,SET,-,,0
0001,TE4940,08,75005705,75005705,1.000,ROTOR CLINICO TX-100 P/CENTRIFUGA DE MESA THERMO,UND,-,,0
0001,TE4940,08,75005707,75005707,2.000,TAPAS CLICKSEAL PK/4 PARA TX-150 THERMO,UND,-,,0
0001,TE4940,08,75005720,75005720,2.000,ROTOR  PCR  PARA CENTRIFUGA DE MESA  THERMO FISHER,UND,-,,0
0001,TE4940,08,75005736,75005736,4.000,ADAPTADOR P/TUBO CONICO 50 ML. P/SORVALL ST8,UND,-,,0
0001,TE4940,08,75005737,75005737,1.000,ADAPTADOR DE TUBO CONICO 15ML. SET/4  THERMO,UND,-,,0
0001,TE4940,08,75005738,75005738,2.000,ADAPTADOR P/TUBOS URINE 14 ML. P/SORVALL ST8 THER,UND,-,,0
0001,TE4940,08,75005739,75005739,1.000,ADAPTADOR P/TUBOS 5/7 ML.  SET/4  P/SORVALL ST8,SET,-,,0
0001,TE4940,08,75005740,75005740,3.000,ADAPTADORES 3 - 5ML PK/4 PARA CENTRIFUGA THERMO,UND,-,,0
0001,TE4940,08,75005759,75005759,2.000,PLACAS DE EQUILIBRADO DE GOMA PK/4 THERMO,SET,-,,0
0001,TE4940,08,75005762,75005762,1.000,ROTOR CLINICAL PACKAGE P/SORVALL ST8 THERMO,PK,-,,0
0001,TE4940,08,75006533,75006533,1.000,ADAPTADOR PARA TUBOS  50 ML. SET/4  P/ROTOR  THERMO,SET,-,,0
0001,TE4940,08,75006681,75006681,2.000,PLACAS DE COMPENSACION DE VOLUMEN DE GOMA PK/12,UND,-,,0
0001,TE4940,01,75007201,75007201,1.000,CENTRIFUGA DE MESA MOD. SORVALL ST8 230V. THERMO,UND,720142572414,,1
0001,TE4940,08,75007304,75007304,1.000,ADAPTADORES BIOLINK  750ML  SET/4  P/CENTRIFUGA X4PRO,SET,-,,0
0001,TE4940,01,75007683,75007683,1.000,CENTRIFUGA  REFRIGERADA  MOD. SORVALL BP16 THERMO,UND,42726417,,1
0001,TE4940,08,75007740,75007740,1.000,KIT DE SEGUIMIENTO DE MUESTRAS THERMO,UND,Z1H8WD,,1
0001,TE4940,08,75007740,75007740,1.000,KIT DE SEGUIMIENTO DE MUESTRAS THERMO,UND,Z2JPA1,,1
0001,TE4940,08,75007740,75007740,1.000,KIT DE SEGUIMIENTO DE MUESTRAS THERMO,UND,Z43KMM,,1
0001,TE4940,01,75008600,75008600,1.000,CENTRIFUGA CRYOFUGE 8 CON TECNOLOGIA GREENCOOL - THERMO F,UND,43480155,,1
0001,TE4940,01,75008800,75008800,1.000,CENTRIFUGA MOD. MEDIFUGE THERMO,UND,43555610,,1
0001,TE4940,01,75008800,75008800,1.000,CENTRIFUGA MOD. MEDIFUGE THERMO,UND,43555611,,1
0001,TE4940,01,75008800,75008800,1.000,CENTRIFUGA MOD. MEDIFUGE THERMO,UND,43555612,,1
0001,TE4940,01,75008800,75008800,1.000,CENTRIFUGA MOD. MEDIFUGE THERMO,UND,43555613,,1
0001,TE4940,01,75008800,75008800,1.000,CENTRIFUGA MOD. MEDIFUGE THERMO,UND,43555615,,1
0001,TE4940,08,76001803,76001803,597.000,PAD ESTABILIZADOR DE JEBE P/CENTRIFUGA ST8 THERMO,UND,-,,0
0001,TE4940,08,76007677,76007677,1.000,ADAPTADORES DE PLASTICO SET/6 PARES   THERMO,SET,-,,0
0001,TE4940,02,810007-0,810007,10.000,SOLUCION ROSS PH ELECTRODO  60ML   PK/5  THERMO ORION,PK,-,,0
0001,TE4940,08,8165BNWP,8165BNWP,1.000,ELECTRODO ROSS SURE FLOW EPOXY COMB PH THERMO,UND,VZ1,,1
0001,TE4940,03,841111,841111,1.000,ISA  SODIO  THERMO ORION,UND,-,,0
0001,TE4940,08,86005206-X,NO.COD.FAB,3.000,RUEDA PARA CENTRIFUGA MOD. FL40R NACIONAL,UND,-,,0
0001,TE4940,03,88870004,88870004,1.000,BAÑO SECO CALEFACTOR DIGITAL 1 BLOQUE P/LABORATORIO,UND,N3BT70004007,,1
0001,TE4940,03,88870004,88870004,1.000,BAÑO SECO CALEFACTOR DIGITAL 1 BLOQUE P/LABORATORIO,UND,N9BT70004020,,1
0001,TE4940,03,88870103,88870004,1.000,BLOQUE DE 28x1.5 ML. PARA BAÑO SECO THERMO,UND,-,,0
0001,TE4940,08,88870104,88870104,2.000,BLOQUE DE 28x2.0ML P/BAÐO SECO THERMO,UND,-,,0
0001,TE4940,08,88880117,88880117,3.000,BANDEJA PARA AGITADOR THERMO,UND,-,,0
0001,TE4940,08,88880118,88880118,8.000,PLATAFORMA DE GOMA P/AGITADOR LP THERMO,UND,-,,0
0001,TE4940,08,88880119,88880119,5.000,SOPORTE PARA TUBOS / RECIPIENTES P/AGITADOR LP,UND,-,,0
0001,TE4940,08,88880120,88880120,2.000,SOPORTE PARA TUBOS 10MM. P/AGITADOR LP THERMO,UND,-,,0
0001,TE4940,08,88880121,88880121,4.000,SOPORTE DE TUBOS x 12MM. THERMO,UND,-,,0
0001,TE4940,08,88880122,88880122,4.000,SOPORTE PARA TUBOS 15MM. P/AGITADOR LP THERMO,UND,-,,0
0001,TE4940,08,88880123,88880123,3.000,SOPORTE DE TUBOS P/RECIPIENTES x 20MM. THERMO,UND,-,,0
0001,TE4940,08,88880124,88880124,3.000,SOPORTE DE TUBOS x 25MM. THERMO,UND,-,,0
0001,TE4940,03,88880127,88880127,1.000,BLOQUE DE 1.5ML P/BAÐO SECO THERMO,UND,-,,0
0001,TE4940,08,88880128,88880128,1.000,BLOQUE P/BAÐO SECO 50 ML. THERMO,UND,-,,0
0001,TE4940,03,88880151,88880151,1.000,BLOQUE PARA AGITADOR DE BAÑO SECO  15 ML  THERMO,UND,-,,0
0001,TE4940,08,88881005,88881005,2.000,ADAPTADOR DE TUBOS 10mL/15 mL THERMO,UND,-,,0
0001,TE4940,08,88881006,88881006,2.000,ADAPTADOR DE TUBOS 5 mL/7mL THERMO,UND,-,,0
0001,TE4940,08,88882122,88882122,1.000,ADAPTADOR PARA MICROPLACAS  THERMO,UND,-,,0
0001,TE4940,08,88882123,88882123,2.000,ADAPTADOR  PARA MICROTUBOS   THERMO,UND,-,,0
0001,TE4940,08,89003666,89003666,3.000,KIT DE MANTENIMIENTO THERMO,UND,-,,0
0001,TE4940,03,900002,900002,2.000,SOLUCION DE LLENADO P/ELECTRODO x 60ML  CJA/5  ORION,CJA,VO1,31/12/2030,1
0001,TE4940,03,900003,900003,2.000,SOLUCION DE LLENADO EXTERNA X 60 ML. CJA/5 ORION,CJA,WZ1,31/12/2030,1
0001,TE4940,02,900023,900023,2.000,SOLUCION DE LIMPIEZA  4x30ML P/ELECTRODO PH THERMO,CJA,WY1,31/12/2030,1
0001,TE4940,02,900024,900024,1.000,SOLUCION DE LIMPIEZA GENERAL  D P/ELECTRODO PH PAQ.X4,UND,XY1,31/12/2029,1
0001,TE4940,08,900200,900200,2.000,ELECTRODO DE REFERENCIA  MARCA  THERMO,UND,-,,0
0001,TE4940,08,90520H07,90520H07,5.000,PAPEL PARA REGISTRADOR GRAFICO P/LABORATORIO THERMO,UND,-,,0
0001,TE4940,02,910001,910001,4.000,SOLUCION DE ALMACENAMIENTO P/ELECTRODO PH 475ML,UND,SIN/LOTE,,1
0001,TE4940,02,910001,910001,5.000,SOLUCION DE ALMACENAMIENTO P/ELECTRODO PH 475ML,UND,0004497693,12/03/2027,1
0001,TE4940,02,910104,910104,5.000,SOLUCION BUFFER PH 4.01 475 ML. ROSADO THERMO,UND,331200,30/04/2028,1
0001,TE4940,02,910107,910107,1.000,SOLUCION BUFFER PH 7.00 475ML AMARILLO THERMO,UND,DY3,28/02/2027,1
0001,TE4940,02,910107,910107,7.000,SOLUCION BUFFER PH 7.00 475ML AMARILLO THERMO,UND,DY1,28/02/2027,1
0001,TE4940,02,910107,910107,15.000,SOLUCION BUFFER PH 7.00 475ML AMARILLO THERMO,UND,3Z1,,1
0001,TE4940,02,910110,910110,9.000,SOLUCION BUFFER PH 10.01 475ML. AZUL THERMO ORION,UND,0004518110,11/08/2027,1
0001,TE4940,02,910199,910199,4.000,SOLUCION ESTANDAR  ALL-IN-ONE  PH  THERMO FISHER,UND,0004496064,31/03/2027,1
0001,TE4940,03,910410-WA,910410-WA,1.000,BUFFER DE PH  4.01   COLOR ROJO  PK/10 SOBRES  THERMO,PK,-,,0
0001,TE4940,03,911010,911010,1.000,BUFFER DE PH  10.01  COLOR AZUL  PK/10 SOBRES  THERMO,PK,-,,0
0001,TE4940,08,9157BN,9157BN,1.000,ELECTRODO DE PH/ATC TRIODE  ORION,UND,WU1-15581,,1
0001,TE4940,08,9157BN,9157BN,1.000,ELECTRODO DE PH/ATC TRIODE  ORION,UND,WU1-15603,,1
0001,TE4940,08,9157BN,9157BN,1.000,ELECTRODO DE PH/ATC TRIODE  ORION,UND,WX1-16039,,1
0001,TE4940,08,9180BNMD,9180BNMD,1.000,ELECTRODO P/MEDICION DE TEMPERATURA ELECTRODO THERMO,UND,-,,0
0001,TE4940,08,920090,920090,24.000, SLIDING DRAWER RACKS 2   BOXES THERMO ,UND,-,,0
0001,TE4940,08,9458BN,9458BN,1.000,MEDICION RAPIDA Y PRECISA EN SOLUCIONES ACUOSAS THERMO,UND,-,,0
0001,TE4940,02,950210,950210,1.000,SOLUCION ESTANDAR  PARA DIOXIDO DE CARBONO 475ML  THERMO,UND,-,,0
0001,TE4940,02,951209,951209,1.000,SOLUCION DE ALMACENAMIENTO X 60 ML,UND,WT1,22/10/2028,1
0001,TE4940,02,951213,951213,1.000,SOLUCION DE ALMACENAMIENTO X 475 ML,UND,WT1,22/10/2028,1
0001,TE4940,02,967901,967901,4.000,SOLUCION STANDAR PARA ELECTRODOS   THERMO,UND,-,,0
0001,TE4940,08,97003540,97003540,1.000,TAPA PARA TIRA DE ELUCION PARA KING FISHER DUO  THERMO F,UND,-,,0
0001,TE4940,08,AMEPVH009,AMEPVH009,1.000,SOPORTE UNIVERSAL PARA MICROSCOPIO   THERMO,UND,-,,0
0001,TE4940,01,AQ3700,AQ3700,1.000,COLORIMETRO MULTIPARAMETRO  THERMO SC,UND,23/23548,,1
0001,TE4940,03,AQ4500,AQ4500,1.000,MEDIDOR DE TURBIDEZ   THERMO,UND,B08141,,1
0001,TE4940,08,AY509X3,AY509X3,1.000,DISPOSITIVO DE SALIDA P/TANQUE 30LT. THERMO,UND,-,,0
0001,TE4940,08,AY509X6,AY509X6,1.000,RECIPIENTE C/ASA 12ML. P/TRANSFERENCIA THERMO,UND,-,,0
0001,TE4940,08,AY509X9,AY509X9,1.000,CARRO PARA ACCESORIOS TANQUE THERMO,UND,-,,0
0001,TE4940,08,B-4372-24,5402,1.000,CABEZAL 24 LUGARES P/CENTRIFUGA MICROHEMATOCRITO,UND,-,,0
0001,TE4940,08,B-7249-6D4,6283-6D4,1.000,REGISTRADOR DE TEMPERATURA COBEX P/ULTRACONGELADOR,UND,-,,0
0001,TE4940,08,C10284,C10284,1.000,TEST DE PRUEBA P/CONTADOR DE CELULAS INVITROGEN,UND,-,,0
0001,TE4940,08,C-1440-3227,75003227,4.000,ADAPTADOR DE 5 - 7ML COMPLETO P/ROTOR LABOFUGE,UND,-,,0
0001,TE4940,08,C-1460-015,11210015,7.000,ROTOR C/SOPORTE ALC 16x15 (11210015) P/MOD. CL10,UND,-,,0
0001,TE4940,08,C-1460-019,11210019,2.000,ROTOR C/SOPORTE ALC 24x15ML.(11210019) P/MOD.CL10,UND,-,,0
0001,TE4940,08,C-1460-674,11210674,1.000,ADAPTADOR 1x50ML. PK/4 (11210674) P/MOD. CL10 THER,UND,-,,0
0001,TE4940,08,C-1475-3504,75003504,4.000,ADAPTADOR DE TUBOS 4x14ML P/CENTRIFUGA THERMO,UND,-,,0
0001,TE4940,08,C-1475-3623,75003623,1.000,ROTOR CLINICONIC 30x15 ML P/SORVALL ST16 THERMO,UND,-,,0
0001,TE4940,08,C-1475-3629,75003629,1.000,ROTOR BODY TX-400 SB P/CENTRIFUGA ST16 THERMO,UND,-,,0
0001,TE4940,08,C-1475-3655,75003655,1.000,PORTATUBOS P/ROTOR TX-400 SET/4 P/MOD. ST16 THERMO,UND,-,,0
0001,TE4940,08,C-1475-3656,75003656,2.000,TAPAS P/ROTOR TX-400 SET/4 P/MO0D. ST16 THERMO,UND,-,,0
0001,TE4940,08,C-1475-3658,75003658,1.000,ROTOR TX-200 PARA CENTRIFUGA ST16 THERMO,UND,-,,0
0001,TE4940,08,C-1475-3659,75003659,1.000,BUCKETS 200ML. P/ROTOR TX-200 THERMO,UND,-,,0
0001,TE4940,08,C-1475-3660,75003660,1.000,TAPAS DE CIERRE P/BUCKET ROTOR TX-200 THERMO,UND,-,,0
0001,TE4940,08,C-1475-3785,75003785,4.000,ADAPTADORES 8x5/7 ML PK/4 P/SORVALL ST16 THERMO,UND,-,,0
0001,TE4940,08,C-1475-3793,75003793,1.000,ADAPTADOR DE 3ML 12x75 RIA PK/4 P/MOD. ST16 THERM,UND,-,,0
0001,TE4940,08,C-1475-3803,75003803,4.000,ADAPTADORES CONICOS SET/4 DE 50ML.P/SORVALL ST16,UND,-,,0
0001,TE4940,08,C-1475-3810,75003810,6.000,ADAPTADORES 9x5/7 ML PK/4 P/SORVALL ST16 THERMO,UND,-,,0
0001,TE4940,08,C-1475-5705,75005705,2.000,ROTOR TX-100 PARA CENTRIFUGA THERMO,UND,-,,0
0001,TE4940,08,C-1475-5736,75005736,5.000,ADAPTADOR P/TUBO CONICO 50 ML P/CENTRIFUGA THERMO,UND,-,,0
0001,TE4940,08,C-1475-5738,75005738,2.000,ADAPTADOR P/TUBO DE ORINA 14 ML P/CENTRIFUGA THERM,UND,-,,0
0001,TE4940,08,C-1530-158,11174158,1.000,ADAPTADORES 30x 5-7ML. PK/4 P/MOD. CL40 THERMO,UND,-,,0
0001,TE4940,08,CK50922,CK50922,2.000,TERMO CRIOGENICO PARA NITROGENO LIQUIDO 28LT THERMO,UND,-,,0
0001,TE4940,08,E896X5,E896X5,1.000,CELDA DE CALIBRACION NIST THERMO,UND,-,,0
0001,TE4940,08,FCR567FTH,FCR567FTH,1.000,REGISTRADOR GRAFICO Y ACCESORIOS THERMO,UND,-,,0
0001,TE4940,01,FDE30086FD,FDE30086FD,1.000,CONGELADORA ULTRA BAJATEMPERATURA MOD. FDE30086FD THERMO,UND,1117548301191009,,1
0001,TE4940,08,GT325248,GT325248,2.000,CABLE DE PODER THERMO,UND,-,,0
0001,TE4940,03,HP88857108,HP88857108,1.000,PLANCHA DE CALENTAMIENTO C/SUPERFICIE ALUMINIO 7x7,UND,-,,0
0001,TE4940,08,N10801,N10801,3.000,CABEZAL PARA LAVADOR WELLWASH 1x12 THERMO,UND,-,,0
0001,TE4940,03,P-5067-0850N,4700850N,1.000,MICROPIPETAS  KIT/3  GLP F1 RANGO ( 1 - 1000uL) THERMO,UND,OU33616,,1
0001,TE4940,03,P-5067-1020N,4641020N,1.000,MICROPIPETA FINNPIPETTE F1 RANGO  0.5 - 5ul THERMO,UND,OU33586,,1
0001,TE4940,03,P-5067-1050N,4641050N,1.000,MICROPIPETA FINNPIPETTE F1 RANGO 2 - 20uL THERMO,UND,OU33796,,1
0001,TE4940,03,P-5067-1050N,4641050N,1.000,MICROPIPETA FINNPIPETTE F1 RANGO 2 - 20uL THERMO,UND,OU33800,,1
0001,TE4940,03,P-5067-1050N,4641050N,1.000,MICROPIPETA FINNPIPETTE F1 RANGO 2 - 20uL THERMO,UND,OU33801,,1
0001,TE4940,03,P-5067-1050N,4641050N,1.000,MICROPIPETA FINNPIPETTE F1 RANGO 2 - 20uL THERMO,UND,SJ11475,,1
0001,TE4940,03,P-5067-1050N,4641050N,1.000,MICROPIPETA FINNPIPETTE F1 RANGO 2 - 20uL THERMO,UND,SJ11476,,1
0001,TE4940,03,P-5067-1050N,4641050N,1.000,MICROPIPETA FINNPIPETTE F1 RANGO 2 - 20uL THERMO,UND,SJ11477,,1
0001,TE4940,03,P-5067-1050N,4641050N,1.000,MICROPIPETA FINNPIPETTE F1 RANGO 2 - 20uL THERMO,UND,SJ11478,,1
0001,TE4940,03,P-5067-1050N,4641050N,1.000,MICROPIPETA FINNPIPETTE F1 RANGO 2 - 20uL THERMO,UND,SJ1209,,1
0001,TE4940,03,P-5067-1070N,4641070N,1.000,MICROPIPETA FINNPIPETTE F1 RANGO 10 - 100ul  THERMO,UND,TH13608,,1
0001,TE4940,03,P-5067-1070N,4641070N,1.000,MICROPIPETA FINNPIPETTE F1 RANGO 10 - 100ul  THERMO,UND,TH13609,,1
0001,TE4940,03,P-5067-1070N,4641070N,1.000,MICROPIPETA FINNPIPETTE F1 RANGO 10 - 100ul  THERMO,UND,TH13610,,1
0001,TE4940,03,P-5067-1070N,4641070N,1.000,MICROPIPETA FINNPIPETTE F1 RANGO 10 - 100ul  THERMO,UND,TH13611,,1
0001,TE4940,03,P-5067-1070N,4641070N,1.000,MICROPIPETA FINNPIPETTE F1 RANGO 10 - 100ul  THERMO,UND,TH13612,,1
0001,TE4940,03,P-5067-1080N,4641080N,1.000,MICROPIPETA FINNPIPETTE  F1 RANGO 20 - 200uL THERMO,UND,TH10214,,1
0001,TE4940,03,P-5067-1080N,4641080N,1.000,MICROPIPETA FINNPIPETTE  F1 RANGO 20 - 200uL THERMO,UND,TH10215,,1
0001,TE4940,03,P-5067-1080N,4641080N,1.000,MICROPIPETA FINNPIPETTE  F1 RANGO 20 - 200uL THERMO,UND,TH10216,,1
0001,TE4940,03,P-5067-1080N,4641080N,1.000,MICROPIPETA FINNPIPETTE  F1 RANGO 20 - 200uL THERMO,UND,TH10217,,1
0001,TE4940,03,P-5067-1080N,4641080N,1.000,MICROPIPETA FINNPIPETTE  F1 RANGO 20 - 200uL THERMO,UND,TH10218,,1
0001,TE4940,03,P-5067-1090N,4641090N,1.000,MICROPIPETA  FINNPIPETTE  F1 RANGO 30 - 300ul THERMO,UND,OU26289,,1
0001,TE4940,03,P-5067-1090N,4641090N,1.000,MICROPIPETA  FINNPIPETTE  F1 RANGO 30 - 300ul THERMO,UND,OU26301,,1
0001,TE4940,03,P-5067-1150,4701150,2.000,MICROPIPETA CLIP TIP F1 KIT/4 2-1000-300ul VOL.V,UND,-,,0
0001,TE4940,03,P-5067-1180,4641180,2.000,MICROPIPETA CLIP TIP F1 2-20ul VOL. VARIABLE THE,UND,-,,0
0001,TE4940,03,P-5067-1190,4641190,1.000,MICROPIPETA CLIP TIP F1 5-50ul VOL. VARIABLE,UND,-,,0
0001,TE4940,03,P-5067-1200,4641200,1.000,MICROPIPETA CLIP TIP F1 10-100ul VOL. VARIABLE,UND,-,,0
0001,TE4940,03,P-5067-1220,4641220,2.000,MICROPIPETA CLIP TIP F1 30-300ul VOL. VARIABLE,UND,-,,0
0001,TE4940,03,P-5068-2100,4642100,2.000,PIPETA FINNPIPETTE F2 VOL. VARIAB. 0.5 - 5ML.THERM,UND,-,,0
0001,TE4940,03,P-5068-2120,4642120,1.000,MICROPIPETA  FINNPIPETTE  F2  RANGO  5 - 50uL  THERMO,UND,OU29421,,1
0001,TE4940,08,P-5310-9501,9501,1.000,LLENADOR DE PIPETAS  S1 COLOR BLANCO  THERMO,UND,194775,,1
0001,TE4940,08,P-5310-9501,9501,1.000,LLENADOR DE PIPETAS  S1 COLOR BLANCO  THERMO,UND,250415,,1
0001,TE4940,01,P8DS-2,P8DS-2,1.000,SISTEMA DE ELECTROFORESIS VERTICAL MOD. P8DS  THERMO,UND,300378331,,1
0001,TE4940,08,S-2050-10,NO.COD.FAB,13.000,PORTA CUBETA P/ ESPECTROFOTOMETRO GENESIS THERMO,UND,-,,0
0001,TE4940,03,S-8240-124,88880124,1.000,SOPORTE DE TUBOS C/SUJECION 25MM. P/VORTEX THERMO,UND,-,,0
0001,TE4940,03,S-8241-008,88880008,1.000,AGITADOR MAGNETICO RT BASIC THERMO,UND,HCKT08001,,1
0001,TE4940,03,S-8241-016,88880016,1.000,AGITADOR MAGNETICO RT TOUCH THERMO,UND,-,,0
0001,TE4940,01,SHKA2506-1,SHKA2506-1,1.000,AGITADOR PARA LABORATORIO MD. SHKA2506-1 C/ACCESOR,UND,-,,0
0001,TE4940,08,SK1214,SK1214,2.000,PLATAFORMA UNIVERSAL  12x14 P/ROTADOR ORBITAL THERMO,UND,-,,0
0001,TE4940,08,SK1818,SK1818,1.000,PLATAFORMA UNIVERSAL 18x18 P/ROTADOR ORBITAL THERMO,UND,-,,0
0001,TE4940,03,SP88854105,SP88854105,1.000,PLANCHA DE CALENTAMIENTO CIMAREC 4x4 C/AGITADOR,UND,C3410527041808929,,1
0001,TE4940,03,SP88857105,SP88857105,1.000,PLANCHA DE CALENTAMIENTO C/AGITADOR 7x7 THERMO,UND,M3710520102366391,,1
0001,TE4940,03,SP88857105,SP88857105,1.000,PLANCHA DE CALENTAMIENTO C/AGITADOR 7x7 THERMO,UND,M3710520102366525,,1
0001,TE4940,03,SP88857105,SP88857105,1.000,PLANCHA DE CALENTAMIENTO C/AGITADOR 7x7 THERMO,UND,M3710520102366532,,1
0001,TE4940,03,SP88857105,SP88857105,1.000,PLANCHA DE CALENTAMIENTO C/AGITADOR 7x7 THERMO,UND,M3710520102366574,,1
0001,TE4940,08,ST100-101,ST100-101,2.000,REGISTRADOR DE TEMPERATURA SMART BLUETOOTH,UND,-,,0
0001,TE4940,08,ST101-200,ST101-200,2.000,REGISTRADOR DE TEMPERATURA INALAMBRICA  SMART-TRACKER,UND,-,,0
0001,TE4940,01,STAR-A1215,STARA1215,1.000,MEDIDOR DE PH PORTATIL KIT MOD STAR A121  ORION,UND,H12111,,1
0001,TE4940,01,STAR-A2115,STARA2115,1.000,POTENCIOMETRO MOD. STAR A2115 KIT THERMO ORION,UND,,,1
0001,TE4940,01,STAR-A2115,STARA2115,1.000,POTENCIOMETRO MOD. STAR A2115 KIT THERMO ORION,UND,X58770,,1
0001,TE4940,01,STAR-A2115,STARA2115,1.000,POTENCIOMETRO MOD. STAR A2115 KIT THERMO ORION,UND,X89288,,1
0001,TE4940,01,STAR-A2155,STARA2155,1.000,POTENCIOMETRO/CONDUCTIVIMETRO MOD. STAR A2155 KIT,UND,72975,,1
0001,TE4940,08,SV101-500LSB,SV101-500LSB,1.000,REPETIDOR P/SIST. INALAMBRICO SMART VUE THERMO,UND,-,,0
0001,TE4940,08,SV104-501LSB,SV104-501LSB,1.000,RECEPTOR P/SIST. INALAMBRICO SMART VUE THERMO,UND,SIN/SERIE,,1
0001,TE4940,08,SV200-100LSB,SV200-100-LSB,1.000,MONITOREO INALAMBRICO SMART VUE KIT P/ULTRACONGELA,UND,SIN/SERIE,,1
0001,TE4940,08,SV804-300,SV804-300,1.000,MODULO DE MONITOREO KIT P/REFRIGERADORA THERMO,UND,-,,0
0001,TE4940,08,SW1190X2,SW1190X2,1.000,MEMBRANA RPO SWITCH THERMO,UND,-,,0
0001,TE4940,08,TNX116,TNX116,1.000,FUENTE DE PODER 75W SALIDA MULTIPLE THERMO,UND,-,,0
0001,TE4940,01,TSG505GA,TSG505GA,1.000,REFRIGERADORA DE LABORATORIO MOD. TSG505GA THERMO SC,UND,TR201410018112,,1
0001,TE4940,01,TSX2330FZ,TSX2330FZ,1.000,CONGELADORA ULTRABAJA  TEMPERATURA  MOD. TSX2330FZ  THERMO,UND,1132930801210630,,1
0001,TE4940,01,TSX2330FZ,TSX2330FZ,1.000,CONGELADORA ULTRABAJA  TEMPERATURA  MOD. TSX2330FZ  THERMO,UND,1132931101210630,,1
0001,TE4940,01,TSX2330FZ,TSX2330FZ,1.000,CONGELADORA ULTRABAJA  TEMPERATURA  MOD. TSX2330FZ  THERMO,UND,1132931401210630,,1
0001,TE4940,01,TSX2330FZ,TSX2330FZ,1.000,CONGELADORA ULTRABAJA  TEMPERATURA  MOD. TSX2330FZ  THERMO,UND,1132931801210630,,1
0001,TE4940,01,TSX2330FZ,TSX2330FZ,1.000,CONGELADORA ULTRABAJA  TEMPERATURA  MOD. TSX2330FZ  THERMO,UND,1132935201210630,,1
0001,TE4940,01,TSX2330FZ,TSX2330FZ,1.000,CONGELADORA ULTRABAJA  TEMPERATURA  MOD. TSX2330FZ  THERMO,UND,1132935301210630,,1
0001,TE4940,01,TSX2330FZ,TSX2330FZ,1.000,CONGELADORA ULTRABAJA  TEMPERATURA  MOD. TSX2330FZ  THERMO,UND,1132935401210701,,1
0001,TE4940,01,TSX2330FZ,TSX2330FZ,1.000,CONGELADORA ULTRABAJA  TEMPERATURA  MOD. TSX2330FZ  THERMO,UND,1132935601210630,,1
0001,TE4940,01,TSX2330FZ,TSX2330FZ,1.000,CONGELADORA ULTRABAJA  TEMPERATURA  MOD. TSX2330FZ  THERMO,UND,1132935701210701,,1
0001,TE4940,01,TSX2330FZ,TSX2330FZ,1.000,CONGELADORA ULTRABAJA  TEMPERATURA  MOD. TSX2330FZ  THERMO,UND,1132935901210630,,1
0001,TE4940,01,TSX2330FZ,TSX2330FZ,1.000,CONGELADORA ULTRABAJA  TEMPERATURA  MOD. TSX2330FZ  THERMO,UND,1132936001210630,,1
0001,TE4940,01,TSX2330FZ,TSX2330FZ,1.000,CONGELADORA ULTRABAJA  TEMPERATURA  MOD. TSX2330FZ  THERMO,UND,1132936101210630,,1
0001,TE4940,01,TSX2330FZ,TSX2330FZ,1.000,CONGELADORA ULTRABAJA  TEMPERATURA  MOD. TSX2330FZ  THERMO,UND,1132936401210630,,1
0001,TE4940,01,TSX2330FZ,TSX2330FZ,1.000,CONGELADORA ULTRABAJA  TEMPERATURA  MOD. TSX2330FZ  THERMO,UND,1132936501210630,,1
0001,TE4940,01,TSX2330FZ,TSX2330FZ,1.000,CONGELADORA ULTRABAJA  TEMPERATURA  MOD. TSX2330FZ  THERMO,UND,1132936601210701,,1
0001,TE4940,01,TSX2330FZ,TSX2330FZ,1.000,CONGELADORA ULTRABAJA  TEMPERATURA  MOD. TSX2330FZ  THERMO,UND,1132936801210630,,1
0001,TE4940,01,TSX2330FZ,TSX2330FZ,1.000,CONGELADORA ULTRABAJA  TEMPERATURA  MOD. TSX2330FZ  THERMO,UND,1132937001210630,,1
0001,TE4940,01,TSX2330FZ,TSX2330FZ,1.000,CONGELADORA ULTRABAJA  TEMPERATURA  MOD. TSX2330FZ  THERMO,UND,1132937201210630,,1
0001,TE4940,01,TSX2330FZ,TSX2330FZ,1.000,CONGELADORA ULTRABAJA  TEMPERATURA  MOD. TSX2330FZ  THERMO,UND,1132937301210630,,1
0001,TE4940,01,TSX2330FZ,TSX2330FZ,1.000,CONGELADORA ULTRABAJA  TEMPERATURA  MOD. TSX2330FZ  THERMO,UND,1132937501210713,,1
0001,TE4940,01,TSX2330FZ,TSX2330FZ,1.000,CONGELADORA ULTRABAJA  TEMPERATURA  MOD. TSX2330FZ  THERMO,UND,1132937701210713,,1
0001,TE4940,01,TSX2330FZ,TSX2330FZ,1.000,CONGELADORA ULTRABAJA  TEMPERATURA  MOD. TSX2330FZ  THERMO,UND,1132937901210713,,1
0001,TE4940,01,TSX2330FZ,TSX2330FZ,1.000,CONGELADORA ULTRABAJA  TEMPERATURA  MOD. TSX2330FZ  THERMO,UND,1132938101210713,,1
0001,TE4940,01,TSX2330FZ,TSX2330FZ,1.000,CONGELADORA ULTRABAJA  TEMPERATURA  MOD. TSX2330FZ  THERMO,UND,1132938201210717,,1
0001,TE4940,01,TSX2330FZ,TSX2330FZ,1.000,CONGELADORA ULTRABAJA  TEMPERATURA  MOD. TSX2330FZ  THERMO,UND,1132938301210913,,1
0001,TE4940,01,TSX2330FZ,TSX2330FZ,1.000,CONGELADORA ULTRABAJA  TEMPERATURA  MOD. TSX2330FZ  THERMO,UND,1132938401210717,,1
0001,TE4940,01,TSX2330FZ,TSX2330FZ,1.000,CONGELADORA ULTRABAJA  TEMPERATURA  MOD. TSX2330FZ  THERMO,UND,1141275401210922,,1
0001,TE4940,01,TSX2330FZ,TSX2330FZ,1.000,CONGELADORA ULTRABAJA  TEMPERATURA  MOD. TSX2330FZ  THERMO,UND,1141280501210921,,1
0001,TE4940,01,TSX40086FA,TSX40086FA,1.000,CONGELADORA DE ULTRABAJATEMPERATURA  549 LT. THERMO,UND,1155950801251008,,1
0001,TE4940,01,TSX40086FA,TSX40086FA,1.000,CONGELADORA DE ULTRABAJATEMPERATURA  549 LT. THERMO,UND,1160085201251007,,1
0001,TE4940,01,TSX40086FA,TSX40086FA,1.000,CONGELADORA DE ULTRABAJATEMPERATURA  549 LT. THERMO,UND,1160201301251113,,1
0001,TE4940,01,VSTAR92,VSTAR92,1.000,PHMETRO MEDIDOR MULTIPARAMETRO DE MESA ORION,UND,V122980,,1
0001,TE4940,01,VSTAR92,VSTAR92,1.000,PHMETRO MEDIDOR MULTIPARAMETRO DE MESA ORION,UND,V122995,,1
0001,TE4940,01,VSTAR92,VSTAR92,1.000,PHMETRO MEDIDOR MULTIPARAMETRO DE MESA ORION,UND,V123025,,1
0001,TE4940,01,VSTAR92,VSTAR92,1.000,PHMETRO MEDIDOR MULTIPARAMETRO DE MESA ORION,UND,V123027,,1
0001,TE4940,01,VSTAR92,VSTAR92,1.000,PHMETRO MEDIDOR MULTIPARAMETRO DE MESA ORION,UND,V123145,,1
0001,TE4940,01,VSTAR94,VSTAR94,1.000,MEDIDOR MULTIPARAMETRO DE SOBREMESA VERSA STAR PRO ORION,UND,V122789,,1
0001,TE4940,01,VSTAR94,VSTAR94,1.000,MEDIDOR MULTIPARAMETRO DE SOBREMESA VERSA STAR PRO ORION,UND,V122981,,1
0001,TE4940,01,VSTAR94,VSTAR94,1.000,MEDIDOR MULTIPARAMETRO DE SOBREMESA VERSA STAR PRO ORION,UND,V122984,,1
0001,TE4940,01,VSTAR94,VSTAR94,1.000,MEDIDOR MULTIPARAMETRO DE SOBREMESA VERSA STAR PRO ORION,UND,V123023,,1
0001,FS3790,03,143021,143021,2.000,ACEITE PARA SISTEMA DE REFRIGERACION THERMO FISHER,UND,-,,0
0001,FS3790,08,190884,190884,3.000,BANDEJA ACERO INOX. P/INCUBADORA C02 THERMO FORMA,UND,-,,0
0001,FS3790,08,209020,209020,2.000,FILTRO SECADOR C05E1/4 ODS C/ACCESORIOS FORMA,UND,-,,0
0001,IE4940,08,11172596,11172596,90.000,ADAPTADOR 1x7ML. P/CENTRIFUGA MOD. CL10,UND,-,,0
0001,IE4940,08,11210664,11210664,9.000,SET DE TAPAS P/BUCKETS DE 135ML. PK/4 THERMO IEC.,UND,-,,0
0001,IE4940,08,11210673,11210673,13.000,ADAPTADORES 7x5ML. PK/4 P/CENTRIFUGA CL10,UND,-,,0
0001,IE4940,08,11210682,11210682,10.000,SET DE ADAPTADORES PK/4 4x5ML. P/CENTRIFUGA THERM,UND,-,,0
0001,IE4940,08,75003504,75003504,6.000,ADAPTADOR DE TUBOS P/CENTRIFUGA MOD.ST8R THERMO SET/4,UND,-,,0
0001,IE4940,06,8.06.220,8.06.220,6.000,GAS SPRING STABILUS (AMORTIGUADOR)  P/MOD. CL10,UND,-,,0
0001,IE4940,08,8157BNUMD,8157BNUMD,1.000,ELECTRODO ROSS ULTRA PH/ATC BNC & MINIDIN THERMO,UND,61087390,,1
0001,IE4940,08,8157BNUMD,8157BNUMD,1.000,ELECTRODO ROSS ULTRA PH/ATC BNC & MINIDIN THERMO,UND,DU1..,,1
0001,IE4940,08,8157BNUMD,8157BNUMD,1.000,ELECTRODO ROSS ULTRA PH/ATC BNC & MINIDIN THERMO,UND,EX3-15670,,1
0001,IE4940,08,8157BNUMD,8157BNUMD,1.000,ELECTRODO ROSS ULTRA PH/ATC BNC & MINIDIN THERMO,UND,EX3-15680,,1
0001,IE4940,03,86005398,86005398,1.000,GRASA LUBRICANTE NSF H1 25 GR. P/CENTRIFUGA FL40R,UND,-,,0
0001,IE4940,08,B-4375,NO.COD.FAB,1.000,JUEGO DE CARBONES PARA CENTRIFUGA I.E.C. USA,UND,-,,0
0001,IE4940,08,C-1455-2,06561EF,10.000,ADAPTADOR SEALED 2x50ML. P/CENTRA CL3 I.E.C.,UND,-,,0
0001,IE4940,08,C-1455-5,6562EF,12.000,ADAPTADOR P/TUBOS 9x10-15 ML. P/CENTRA CL3,UND,-,,0
0001,IE4940,08,C-1455-7,6566E,10.000,PORTATUBO AEROCARRIER 12x7 ML. P/MOD. CL3 IEC.,UND,-,,0
0001,IE4940,08,C-1460-014,11210014,11.000,ROTOR COMPLETO C/BUCKETS 4x135 ML. P/ CL1O THERMO,UND,-,,0
0001,IE4940,08,C-1460-664,11210664,1.000,TAPAS PARA BUCKETS PK/4 P/MOD. CL10 THERMO IEC,UND,-,,0
0001,IE4940,08,C-1460-673,11210673,1.000,ADAPTADORES 7x5 ML. PK/4 P/CENTRIFUGA CL10 IEC,UND,-,,0
0001,IE4940,08,C-1460-675,11210675,3.000,ADAPTADOR 4x50ML. PK/4 P/ CENTRIFUGA CL10 THERMO,UND,-,,0
0001,IE4940,08,C-1460-680,11210680,1.000,ADAPTADORES 3x10 ML. PK/4 P/MOD. CL1O THERMO IEC,UND,-,,0
0001,IE4940,08,C-1465-183,11174183,3.000,ADAPTADORES 7x15ML. PK/4 PARA CENTRIFUGA CL30,UND,-,,0
0001,IE4940,08,C-1465-246,11210246,3.000,ROTOR S41 PARA CENTRIFUGA MOD. CL30 THERMO IEC,UND,-,,0
0001,IE4940,08,C-1465-504,11174504,3.000,ADAPTADORES 5x 5/7ML. PK/4 P/CENTRIFUGA CL30 THERM,UND,-,,0
0001,IE4940,08,C-1465-611,11175611,3.000,BUCKETS S40 - S41 PK/4 P/CENTRIFUGA CL30 THERMO,UND,-,,0
0001,IE4940,08,C-1465-612,11175612,3.000,TAPAS P/BUCKETS S40-S41 PK/4 P/CENTRIFUGA THERMO,UND,-,,0
0001,IE4940,08,C-1585-17,05805,4.000,ADAPTADOR P/TUBOS 5x50 ML. P/MOD. GP8R DE PIE IEC.,UND,-,,0
0001,IE4940,08,C-1951-010,11210021,7.000,ROTOR OSCILANTE 4 LUGARES P/CENTRIFUGA CL10 IEC,UND,-,,0
0001,IE4940,08,C-1952-040,11174154,1.000,BUCKETS P/BOLSAS DE SANGRE PK/4 P/MOD. FL40R IEC,UND,-,,0
0001,IE4940,08,C-1952-218X,11174218,3.000,BUCKETS P/BOLSAS DE SANGRE C/TAPA P/FL40R UNIDAD,UND,-,,0
0001,IE4940,08,C-3236-X,NO.COD.FAB,11.000,JUEGO DE CARBONES PARA CENTRIFUGA CENTRA GP8R I.E,UND,-,,0
0001,IE4940,08,C-3237-X,NO.COD.FAB,4.000,JUEGO D/CARBONES P/CENTRIFUGA MOD. PR7000-CR6000,UND,-,,0
0001,IE4940,08,C-3238-X,47069,20.000,PINZA SACA BOTELLA PARA CABEZAL MOD. 219 I.E.C.,UND,-,,0
0001,IE4940,08,C-3240-X,NO.COD.FAB,54.000,BOTELLA D/POLIETILENO C/TAPA P/CABEZAL CENTRIF. 25,UND,-,,0
0001,IE4940,03,C-3241-X,NO.COD.FAB,24.000,BOTELLA D/POLIET.C/TAPA P/CABEZAL CENTRIFUGA 216 o,UND,-,,0
0001,TL5574,03,P-5063-0010,4501030,1.000,PIPETA VOLUMEN FIJO 10 UL. LABSYSTEMS,UND,-,,0
0001,TL5574,03,P-5063-0050,4501060,1.000,PIPETA VOLUMEN FIJO 50 UL. LABSYSTEMS,UND,-,,0
0001,TL5574,03,P-5063-0100,4501070,3.000,PIPETA VOLUMEN FIJO 100 UL. LABSYSTEMS,UND,-,,0
0001,TL5574,03,P-5064-001,4500060,5.000,PIPETA DIGITAL VOL. VARIABLE 1 a 5 ML. LABSYSTEMS,UND,-,,0
0001,TL5574,03,P-5064-200X,4500050,2.000,PIPETA DIGIT. VOL.VAR.200 a 1000ul C/TIPS Y SOPORT,UND,-,,0
0001,TL5574,03,P-5064-912X,NO.COD.FAB,965.000,TIPS AMARILLO 0.5 A 200UL UNIDAD P/PIPETA UNIVERSA,UND,-,,0
0001,TL5574,03,P-5064-922X,NO.COD.FAB,980.000,TIPS AZUL 200 A 1000UL UNIDAD P/PIPETA UNIVDERSAL,UND,-,,0
0001,TL5574,03,P-5065-0005,4027640,2.000,PIPETA DIGITAL COLOR VOL. VARIAB. 0.5 a 10UL. LABS,UND,-,,0
0001,TL5574,03,P-5066-0010,40280510,2.000,PIPETA COLOR VOLUMEN FIJO 10ul. LABSYSTEMS,UND,-,,0
0001,TL5574,03,P-5066-0020,40280520,2.000,PIPETA COLOR VOLUMEN FIJO 20ul. LABSYSTEMS,UND,-,,0
0001,TL5574,03,P-5066-1000,40280590,3.000,PIPETA COLOR VOLUMEN FIJO 1000ul. LABSYSTEMS,UND,-,,0
0001,TL5574,03,P-5066-991,9510027,3.000,RECIPIENTE PARA REACTIVO 60 ML. LABSYSTEMS,UND,-,,0
0001,TL5574,03,P-5066-992,9510037,3.000,RESERVORIO DE 8 POZOS THERMO LABSYSTEMS,UND,-,,0
0001,TL5574,03,P-5068-0005,4640100,1.000,PIPETA MONOCANAL F3 VOL.VARIAB. 0.5-5ML THERMO,UND,-,,0
0001,TL5574,03,P-5068-0010,4640010,5.000,PIPETA MONOCANAL F3 VOL. VARIABLE 1 - 10ul THERMO,UND,-,,0
0001,TL5574,03,P-5068-0100,4640040,1.000,PIPETA MONOCANAL F3 VOL VARIAB. 10 - 100ul. THERMO,UND,-,,0
0001,TL5574,03,P-5068-1000,4640060,1.000,PIPETA MONOCANAL F3 VOL.VARIAB. 100-1000ul. THERM,UND,-,,0
0001,TL5574,03,P-5068-1010,4640070,2.000,PIPETA MONOCANAL F3 VOL.VARIAB. 1 - 10 ML THERMO,UND,-,,0
0001,TL9815,03,C-6500,NO.COD.FAB,6.000,RELOJ DE LABORATORIO MOD.IT-1,CAP 2 HRS. SMITHS IN,UND,-,,0
0001,999,08,029637,NO.COD.FAB,1.000,VALVULA DESCARGA NALGENE,UND,-,,0
0001,999,08,0410010401,0410010401,1.000,FILTRO DE CARBON ACTIVADOP/OSMOSIS INVERSA MERINS,UND,-,,0
0001,999,01,09000-220-ED,09000-220-ED,1.000, EQUIPO DE AFERESIS MODELO MCS+09000-220-ED  HAEMONETICS,UND,11F268,,1
0001,999,08,118030224,118030224,1.000,VALVULA PERFORMA ABLANDADOR C/TAPA P/ABLANDADOR,UND,-,,0
0001,999,08,1232800-X,NO.COD.FAB,12.000,TOMACORRIENTE DOBLE 15A. BLANCO MARCA LEVITON,UND,-,,0
0001,999,08,12V-7A,,11.000,BATERIA 12V. 7AMP.,UND,-,,0
0001,999,08,12V-PK,NO.COD.FAB,5.000,BATERIA ARMADA PK DE 12V. UNIDAD,UND,-,,0
0001,999,08,13507-02,,12.000,CHATA DE ACERO INOXIDABLE, SIAM,UND,-,,0
0001,999,08,13845-X,,10.000,ESCUPIDERA 11 X 6 SIAM.,UND,-,,0
0001,999,08,13970-2015,,551.000,CUBETA P/INSTRUMENTAL 20x15x6.5 CM. QUIROMEDIC,UND,-,,0
0001,999,08,13970-3020,,201.000,CUBETA P/INSTRUMENTAL 30x20x12 CM. QUIROMEDIC,UND,-,,0
0001,999,08,13970-3520,,34.000,CUBETA P/INSTRUMENTAL 35x20x12 CM. QUIROMEDIC,UND,-,,0
0001,999,08,14070-1X,,1.000,BANDEJA PERFORADA ACERO INOX. 36x37 CM. QUIROMEDIC,UND,-,,0
0001,999,08,1602-M,NO.COD.FAB,4.000,MOCHILAS P/BALONES DE OXIGENO NACIONAL,UND,-,,0
0001,999,08,225S3060103,,2.000, PORTA FILTRO 2.5   x 10    POLIPROPILENO CONEXION 1/2 NPT ,UND,-,,0
0001,999,08,225S3111061,,2.000, TAPA P/PORTAMEMBRANA DE 2.5    MOD. SPV-25CAP ,UND,-,,0
0001,999,08,225S3112911,225S3112911,1.000,FLUJOMETRO DE PANEL 0.1 - 1GPM MOD. PFM-011 HYDRONIX,UND,-,,0
0001,999,08,30785-020,CT20I,1.000,DETECTOR DE LATIDOS FETALES IMEXDOP CT20+ NICOLET,UND,-,,0
0001,999,08,30790-48,,2.000,BRAZALETE DE 10 CM. P/MONITOR VASCULAR NICOLET,UND,-,,0
0001,999,08,3100-405,NO.COD.FAB,1.000,FILTRO ASBY 405NM PARA LECTOR ELISA 340 BIOTEK INS,UND,-,,0
0001,999,08,3100-750,NO.COD.FAB,1.000,FILTRO ASBY 750NM PARA LECTOR ELISA EL340 BIOTEK,UND,-,,0
0001,999,08,31766,30766,138.000,FOCO D/REPUESTO 50W. 12V. P/LAMPARA HALOGENA GIMA,UND,-,,0
0001,999,08,31766-X,30766,38.000,FOCO D/REPUESTO 35W. 12V. P/LAMPARA HALOGENA GIMA,UND,-,,0
0001,999,08,3402290,,16.000,ICE PACK,UND,-,,0
0001,999,08,36199S,36199S,1.000,ACEITE P/SIST. HIDRAULICO 1/4 GALON HILL-ROM,UND,-,,0
0001,999,08,3661,3661,3.000,CILINDRO P/OXIGENO D/ALTA PRESION C/ACCES. OLIDEF,UND,-,,0
0001,999,08,3746000-L,,3.000,DESCANSA PIES PARA CABINA  BIOSEGURIDAD,UND,-,,0
0001,999,08,39865-08,08FG,296.000,TUBO DE ASPIRACION FRAZIER PEDIAT. 8FG MEDISPOREX,UND,-,,0
0001,999,08,39865-12,,266.000,TUBO DE ASPIRACION FRAZIER 30¦ 12FG. MEDISPOREX,UND,-,,0
0001,999,08,400613-X,,1.000,BANDEJA PERFORADA GALVANIZADA P/ROTADOR PF48i,UND,-,,0
0001,999,08,41299-3X,,1.000,CONTACTOR DE 25 AMP - MARCA: SIEMENS 24VAC,UND,-,,0
0001,999,08,41355-3,41355.3,1.000,VENTILADOR 92x92x25MM. MODULO ELECTRICO FRONTAL,UND,-,,0
0001,999,08,41450-8X,NO.COD.FAB,2.000, VALVULA DE RETENCION 1/4   VAPOR CROMADA LOCAL ,UND,-,,0
0001,999,08,41783-1,41783-1,1.000,FINAL DE CARRERA - VARILLA TELESCOPICA MATACHANA,UND,-,,0
0001,999,08,41996-X,NO.COD.FAB,1.000,O RING DE SILICONA 70x 4 MM. NACIONAL,UND,-,,0
0001,999,08,41998-6X,NO.COD.FAB,5.000,O RING DE SILICONA 69x3.7 MM. NACIONAL,UND,-,,0
0001,999,08,44004-6,NO.COD.FAB,1.000,KIT CULATA INFERIOR Y TOPE ANTICAIDA PARA CL 1000,UND,-,,0
0001,999,03,473030,473030,1.000,MONITOR MINIOX P/MEDIR OXIGENO EN AMBIENTE MSAC,UND,-,,0
0001,999,08,520021-01,NO.COD.FAB,1.000,COLCHONETA PARA CUNA TERMICA MATRIX SC OLIDEF,UND,-,,0
0001,999,08,52060,52060,1.000,CAPUZ PARA OXIGENACION NR 1 PEQUEÐO OLIDEF CZ,UND,-,,0
0001,999,08,52061,52061,1.000,CAPUZ PARA OXIGENACION NR 2 MEDIANO OLIDEF CZ,UND,-,,0
0001,999,08,59370-X,,2.000,LAMPARA P/EXAMEN CUELLO DE GANSO RODABLE NACIONAL,UND,-,,0
0001,999,08,600188,900188,2.000,TORNILLO CABEZA PLANA PARA PLASTICOS CODAN ARGUS,UND,-,,0
0001,999,08,600194,600194,6.000,TORNILLO DE CABEZA PLANA AVELLANADA CODAN ARGUS,UND,-,,0
0001,999,08,600966,600966,1.000,ABRAZADERA A717/A707 CODAN ARGUS,UND,-,,0
0001,999,08,601639,601639,1.000,JERINGA DE CALIBRACION ARGUS 600S 17MM. CODAN,UND,-,,0
0001,999,08,601641,601641,1.000,JERINGA DE CALIBRACION ARGUS 606S 31MM CODAN,UND,-,,0
0001,999,08,6-105-139,6-105-139,5.000,RIEL DE GUIA DE CINTA PTFE HAWO,UND,-,,0
0001,999,08,62451-XXX,,1.000,BALANZA PEDIATRICA CLINICA 16 KG. HEALTH-O-METER,UND,-,,0
0001,999,08,62453,,1.000,BALANZA PEDIATRICA - YAMATO - 20 KG,UND,-,,0
0001,999,01,62460-2731,27310,5.000,BALANZA D/PIE C/TALLIMETRO MOD. 27310 200KG. GIMA,UND,-,,0
0001,999,08,6-271-011,6-271-011,2.000,CONDUCTOR DE CORREA DENTADA HAWO,UND,-,,0
0001,999,08,65374-580,LZ S-BCI-WAN-3,4.000,SENSOR P/PULSO OXIMETRO MOD.VITALMAX 560 PACE TECH,UND,-,,0
0001,999,08,65390-006,DMX006,1.000,DISPENSADOR DMX P/MONITOR CSM DANMETER,UND,-,,0
0001,999,08,65390-99,,2.000,CARGADOR DE BATERIA P/MONITOR CSM DANMETER,UND,-,,0
0001,999,08,65600-3X,,1.000, ESTERILIZADORA DE EBULLICION SESCO 14  X7  X5   SURGI ,UND,-,,0
0001,999,08,65600-4X,,2.000, ESTERILIZADORA DE EBULLICION 17  X8  X6   SURGICAL EQ ,UND,-,,0
0001,999,08,65610-071,NO.COD.FAB,59.000,MASCARILLA P/ NEBULIZADOR MOD. C71 ADULTO OLIDEF,UND,-,,0
0001,999,08,65651-920,MP1002A,4.000,JARRA C/TAPA Y EMPAQUETADURA 1200 CC. THOMAS,UND,-,,0
0001,999,08,6896020303,,1.000,TANQUE HIDRONEUMATICO 11 GL HIDROTEK + CONECTOR,UND,-,,0
0001,999,03,70655-MW,28037,1200.000,COMPRESAS FRIO/CALIENTE 550ML 25x16CM. MICROWARM,UND,-,,0
0001,999,03,9353054,NO.COD.FAB,1.000,TUBULADURA MUESTRA x 35 CM. 1600 WIENER LAB,UND,-,,0
0001,999,08,A-9190-42,NO.COD.FAB,4.000,CANASTILLA 26x40cm Dia.P/AUTOCLAVE HL-42 HIRAYAMA,UND,-,,0
0001,999,03,AAFIR05002631,,1.000,BOMBA DE ENTRADA 45 DIAMET. SAIDA 40 FASES 3 KW  255/440V,UND,-,,0
0001,999,08,ART0022-UND,,150.000,CASSETTE DE PATOLOGIA,UND,-,,0
0001,999,03,B-007,,1.000,BOCINA EN TEFLON  BLANCO,UND,-,,0
0001,999,03,B-2650-250,,100.000,VASO DE PRECIPITACION DE VIDRIO  250ML.  USALAB,UND,-,,0
0001,999,08,B-2950-0234,300-234,2.000,SOPORTE PARA TUBOS CENTRON,UND,-,,0
0001,999,03,B-4121-01,CCS-01,6.000,CONTADOR DE CELULAS SANGUINEAS CCS01 KACIL IND.,UND,-,,0
0001,999,03,B-4372-10,1010D,1.000,CENTRIFUGA MICROHEMATOCRITO MOD. 1010D CENTURION,UND,-,,0
0001,999,03,B-4407,,5.000,TABLA PARA  MICROHEMATOCRITO  OXFORD,UND,-,,0
0001,999,08,B508,,10.000,BARRAS DE AGITACION MAGNETICA 50x8 MM.  ALEMAN,UND,-,,0
0001,999,03,B-5372-03X,,3.000,TIRA REACTIVA CCU CHEK ACTIVE PK/50 P/GLUCOMETRO,UND,-,,0
0001,999,03,B-5995-X,,1.000,REFRACTOMETRO MANUAL MOD. R5000 MARCA ATAGO,UND,-,,0
0001,999,03,B-8645-10X,NO.COD.FAB,14.000,ESCOBILLAS PARA PIPETAS # 10,UND,-,,0
0001,999,03,B-8645-5X,NO.COD.FAB,1.000,ESCOBILLAS PARA PIPETAS # 5,UND,-,,0
0001,999,03,B-8715-1X,NO.COD.FAB,90.000,ESCOBILLAS PARA TUBOS 12 X 75,UND,-,,0
0001,999,03,B-8715-2X,NO.COD.FAB,166.000,ESCOBILLAS PARA TUBOS 13 X 100,UND,-,,0
0001,999,03,B-8715-2XX,NO.COD.FAB,31.000,ESCOBILLAS PARA TUBOS 15 X 125,UND,-,,0
0001,999,03,B-8715-2XXX,NO.COD.FAB,3.000,ESCOBILLAS PARA TUBOS 16 X 125,UND,-,,0
0001,999,03,B-8715-3X,NO.COD.FAB,1.000,ESCOBILLAS PARA TUBOS DE 18 x 150,UND,-,,0
0001,999,03,B-9345-25B,NO.COD.FAB,1.000,BURETA AUTOMATICA 25 ML. CORNING GLASS,UND,-,,0
0001,999,03,BAT-12V,,5.000,BATERIA CSB  12VX9A,UND,-,,0
0001,999,03,BAT-9V,,5.000,BATERIA ALKALINA 9V  DURACELL,UND,-,,0
0001,999,08,BD3040,BD3040,1.000,POSICIONADOR C/APOYO HOMBROS Y VALVULA P/MESA OPER,UND,-,,0
0001,999,08,BF-608,NO.COD.FAB,1.000,TARJETA DE CONTROL DE CALENTAMIENTO JW MEDICAL,UND,-,,0
0001,999,08,BLCRF320,AJD250,1.000,REFRIGERADORA /CONGELADORA MOD. BLCRF 320 EVERMED,UND,-,,0
0001,999,01,BPFBLA,BPFBLA,220.000,FILTRO DE SANGRE HEMATIES BPFBLA C/BOLSA  GVS,UND,2558030,06/02/2029,1
0001,999,01,BPFBLA,BPFBLA,330.000,FILTRO DE SANGRE HEMATIES BPFBLA C/BOLSA  GVS,UND,2550124,28/09/2028,1
0001,999,08,BR1200,BR1200LCD1,1.000,UPS SIST. DE ALIMENTACION ININTERRUMPIDA 1KVA APC,UND,3B1203X38670,,1
0001,999,08,C-00,,1.000,ESC CARBON GRAFITO  CEN,UND,-,,0
0001,999,08,C-000,,1.000,CAJONES ACERO INOX. KIT P/CONGELADORA HAIER,UND,-,,0
0001,999,08,C1850,C1850,20.000,JUEGO DE TUBOS DE SILICONA AUTOCLAVABLE,KIT,-,,0
0001,999,03,C-3860-002,60-0002,56.000,MICRO TUBOS P/CENTRIFUGA 2 ML. PLASTICO BIOLOGIX,UND,-,,0
0001,999,03,C-3860-005,60-0005,29.000,MICRO TUBOS P/CENTRIFUGA 5 ML. PLASTICO BIOLOGIX,UND,-,,0
0001,999,03,C-3860-015,80-1500,22.000,MICRO TUBOS P/CENTRIFUGA 15ML. PLASTICO BIOLOGIX,UND,-,,0
0001,999,03,C-3973-175X,2076,16.000,BOTELLA PLASTICA C/TAPA DE 175 ML. FALCON,UND,-,,0
0001,999,01,C-7200A,C-7200A,1.000,ESPECTROFOTOMETRO  MOD. C-7200A PEAK INSTRUMENT,UND,PK 21202412149,,1
0001,999,01,C-7200A,C-7200A,1.000,ESPECTROFOTOMETRO  MOD. C-7200A PEAK INSTRUMENT,UND,PK 21202412150,,1
0001,999,01,C-7200A,C-7200A,1.000,ESPECTROFOTOMETRO  MOD. C-7200A PEAK INSTRUMENT,UND,PK 21202412151,,1
0001,999,08,CABLE-KIT,NO.COD.FAB,1.000,CABLE Y CONECTOR KIT/6 MT. Y 24 CONECT.,UND,-,,0
0001,999,08,CAS0001,,294.000,CASSETTE PARA BIOPSIA COLOR BLANCO UNIDAD,UND,-,,0
0001,999,03,CFQ243,CFQ243,1.000,TIRAS DE TEST P/AUTOCLAVE PK/198 ESPECIALISTAS,UND,-,,0
0001,999,03,CHEM-PR1,,1.000,NANODROP PR-1 RECONDITIONING KIT  MARCA  THERMO FISHER,UND,-,,0
0001,999,08,CLG-R02,NO.COD.FAB,3.000,TRAY PARA AUTOCLAVE MOD. CLG-40L ALP,UND,-,,0
0001,999,08,COMP-2HP,,1.000,COMPRESORA SILENCIOSA PICCETI  2 HP,UND,-,,0
0001,999,08,COREI5-9400,,1.000,COMPUTADORA C/PROCESADOR CORE i5  + WINDOWS Y OFFICE,UND,-,,0
0001,999,08,E012400,E012400,1.000,MANIFOLD JUEGO C/3 MANG, 2 MANOM R134A COLD IMPORT,UND,-,,0
0001,999,08,E-2000-1KVA,,1.000,ESTABILIZADOR  MONOFASICO 1 KVA  220V. +/- 4.5%,UND,23080382,,1
0001,999,08,E-2000-1KVA,,1.000,ESTABILIZADOR  MONOFASICO 1 KVA  220V. +/- 4.5%,UND,24030289,,1
0001,999,08,E-2000-1KVA,,1.000,ESTABILIZADOR  MONOFASICO 1 KVA  220V. +/- 4.5%,UND,24100446,,1
0001,999,08,E-2000-2.5KVA,,2.000,ESTABILIZADOR ELECTRONICO  2.5KVA  MONOFASICO 220V.,UND,-,,0
0001,999,08,E-2000-2KV,NO.COD.FAB,1.000,ESTABILIZADOR DE VOLTAJE MONOFASICO 2 KVA 220V.,UND,-,,0
0001,999,08,E-2000-3KV,,1.000,ESTABILIZADOR  MONOFASICO  3KVA  220V  +/- 4.5%,UND,-,,0
0001,999,08,E-2000-5KV,,1.000,ESTABILIZADOR  MONOFASICO 5 KVA  220V  +/-4.5%,UND,SIN/SERIE,,1
0001,999,08,E200X-01X,NO.COD.FAB,4.000,TUBO D/PRESION D/ACEITE P/CAMILLA MOD.E200X COGENT,UND,-,,0
0001,999,08,E200X-02X,NO.COD.FAB,4.000,BARRA DESLIZAMIENTO PLEGABLE P/CAMILLA E200X COGEN,UND,-,,0
0001,999,08,E200X-F,NO.COD.FAB,66.000,FAJAS CON HEBILLAS P/CAMA CAMILLA FU SHUNG,UND,-,,0
0001,999,08,E-216-LT,NO.COD.FAB,4.000,ENCHUFE CON LINEA A TIERRA,UND,-,,0
0001,999,08,E401,NO.COD.FAB,1.000,IMPRESORA CANON PIXMA E401 LAM WHITE,UND,-,,0
0001,999,08,ELT-01,NO.COD.FAB,4.000,ENCHUFE CON LINEA A TIERRA LEVITON,UND,-,,0
0001,999,08,F-48CM,,1.000,FUNDA  48 x 37 x 31 CM,UND,-,,0
0001,999,08,G-9000,NO.COD.FAB,1.000,GARRUCHAS METALICAS SET/4 P/EQUIPO DE AFERESIS,UND,-,,0
0001,999,08,G-999,NO.COD.FAB,2.000,JUEGO DE GARRUCHAS CON ROSCA Y FRENO DE 1/2,UND,-,,0
0001,999,08,HM-631,HM-631S,1.000,CUCHILLA D/ACERO CROMADO P/SELLADORA DE BOLSA HAWO,UND,-,,0
0001,999,07,HO0001,,5.000,ARTICULO PRUEBA,UND,-,,0
0001,999,08,HP-D1000,D1000,1.000,IMPRESORA HP MOD. D1000 INYECCION TINTA,UND,-,,0
0001,999,08,HS-9288A,HS-9288A,7.000,KIT DE RESUCITACION ADULTO MASCARA # 5 C/ACC. HEAD,UND,-,,0
0001,999,08,KUE-T03-WB,,1.000,UPS SISTEMA DE ALIMENTACION ININTERRUMPIDA 3 KVA,UND,900032210200572,,1
0001,999,08,LCR50,,1.000,ESTABILIZADOR MONOFASICO 5 KVA 220/220V +/- 4.5% ELISE,UND,19040035,,1
0001,999,04,LRF10BLA,LRF10BLA,1.000,FILTRO DE PLAQUETAS 10RD LRF10BLA  1.3 LT  GVS,UND,2350194,31/07/2028,1
0001,999,08,M-0002,,69.000,MASCARILLA DE ALGODON/POLIESTER DOBLE TELA REUSABLE,UND,-,,0
0001,999,03,M-6051-22C,7201,452.000,LAMINILLA CUBREOBJETO 22x22MM. PK/100 PIEZAS,UND,-,,0
0001,999,03,M-6051-40C,7201,100.000,LAMINILLA CUBREOBJETO 22x40 MM. PK/100 PIEZAS,UND,-,,0
0001,999,03,M-8175,,6.000,PIPETAS BRED-BREW KIMAX,UND,-,,0
0001,999,08,MANT-B,,1.000,KIT DE MANTENIMIENTO  P/BOMBA DE VACIO,KIT,-,,0
0001,999,08,M-CA48,NO.COD.FAB,1.000,MANDIL CRYOGENICO TEMPSHIELD CA42 ELECTRO FERRO,UND,-,,0
0001,999,08,MP7F5HD,,1.000,MESA  DE ACERO INOXIDABLE,UND,-,,0
0001,999,08,O-AMA68S,O-AMA68SO.6S,10.000,ALMOHADILLAS REUTILIZABLES P/PIERNERA YELLOFIN,UND,-,,0
0001,999,08,O-EC51,O-EC51,1.000,BOLSA DESCARTABLE P/DESPERDICIO PK/10 KENKAR,UND,-,,0
0001,999,08,O-EC51EU,O-EC51EU,1.000,BOLSA DESCARTABLE P/DESPERDICIO PK/10 KENKAR,UND,-,,0
0001,999,03,P-0001,,24.000,PROTECTOR FACIAL S040 RESISTENTE A LIQUIDO Y AEROSOLES,UND,-,,0
0001,999,03,P00254ANDNV,,1.000, BOMBA HORIZONTAL MOD. P00254ANDNV0004  3/8   NPT 90GPH   ,UND,-,,0
0001,999,03,P-1205-1X,NO.COD.FAB,36.000,LAPIZ DE CERA P/VIDRIO CHINA MARKER ROJO SHARPIE,UND,-,,0
0001,999,08,PAPER-IT-UND,,2.000,ROLLO DE PAPEL TERMICO P/IMPRESORA  UNIDAD  PARA AUTOCLAVE,UND,-,,0
0001,999,03,PB5255-L,,1.000,ACEITE DE INMERSION  25 ML,UND,-,,0
0001,999,03,P-M16X55,,9.000,PERNOS DE ACERO INOX.  M16x 55,UND,-,,0
0001,999,08,Q-10X75,NO.COD.FAB,10.000,SOPORTE PARA TUBO 10x75 ACERO INOX. QUIROMEDIC,UND,-,,0
0001,999,08,Q-1808415,NO.COD.FAB,2.000,RAMPA COCHE PARA CANASTILLA ACERO INOX 180x84x15CM,UND,-,,0
0001,999,08,Q-197110,NO.COD.FAB,2.000,TAPAS DE ACERO INOX. P/AUTOCLAVE 197x110 CM. NACI,UND,-,,0
0001,999,08,Q-197140,NO.COD.FAB,3.000,TAPAS DE ACERO INOX. P/AUTOCLAVE 197x140 CM. NACIO,UND,-,,0
0001,999,08,Q-257620,NO.COD.FAB,2.000,PLAFONES DE ACERO INOXIDABLE 257.6CMx20CMx5CM,UND,-,,0
0001,999,08,Q-403030,NO.COD.FAB,1.000,BANDEJA TIPO REJILLA 40x30x3 CM. ( E20164 ) NAC.,UND,-,,0
0001,999,08,Q-BLS,,3.000,BOLO DE ACERO INOXIDABLE PARA CENTRIFUGA,UND,-,,0
0001,999,08,Q-EST1859070,,2.000,ESTANTE DE ACERO INOXIDABLE  185x90x70 CM. 4 DIVISIONES,UND,-,,0
0001,999,03,R508B-UND,,5.000,GAS REFRIGERANTE R508B  x  1 KG,KIL,-,,0
0001,999,04,RC1VAE,RC1VAE,1.000,FILTRO DE SANGRE/ HEMATIES  RC1VAE SET  GVS,UND,2550037,07/04/2030,1
0001,999,04,RC1VAE,RC1VAE,395.000,FILTRO DE SANGRE/ HEMATIES  RC1VAE SET  GVS,UND,2558054,06/02/2031,1
0001,999,08,S-7680-1,NO.COD.FAB,13.000,MANGO DE METAL,UND,-,,0
0001,999,03,S-9248-313,5970-0313,8.000,RACK P/TUBO DE PRUEBA 13MM. AZUL 6x12 (5970-0313),UND,-,,0
0001,999,02,S-BS,,1.000,SOLUCON BICARBONATO DE SODIO,UND,-,,0
0001,999,08,SC65-100-003,SC65-100-003,2.000,SENSOR PARA AUTOCLAVE J W MEDICAL,UND,-,,0
0001,999,08,SC65-400-002,NO.COD.FAB,2.000,VALVULA SELENOIDE P/ESTERILZADOR MOD. CHS-ST065,UND,-,,0
0001,999,02,S-CS,,1.000,SOLUCION CLORURO DE SODIO,UND,-,,0
0001,999,08,T-1600DR,NO.COD.FAB,1.000,TAPA P/IMPRESORA DE FOTOMETRO DIGITAL WIENER LAB,UND,-,,0
0001,999,08,T300,T300,1.000,TRANSDUCTOR 3 MHZ. P/SISTEMA DOPPLER NICOLET,UND,-,,0
0001,999,03,T-3805-1,3805-1,1.000,CALIBRADOR DIGITAL P/TERMOMETRO H-B INST.,UND,-,,0
0001,999,08,T-9001-28,,1.000,TUBO NASOFARINGEO PEDIATRICO No 28 MARCA SUNMED,UND,-,,0
0001,999,08,T-9001-34,,1.000,TUBO NASOFARINGEO ADULTO No 34 MARCA SUNMED,UND,-,,0
0001,999,03,THD-01,,1.000,TERMOHIGROMETRO DIGITAL MARCA  ANTON  INST.,UND,-,,0
0001,999,08,TS-10028,TS-10028,2.000,MOTOR REDUCTOR P/HOMOGENIZADOR MOD. TS08 LMB,UND,-,,0
0001,999,03,UPS-3KVA,,1.000,UPS  MONOFASICO  MARCA  KEISE   3 KVA.,UND,310037757F31169600,,1
0001,999,03,V-VB150,,2.000,VASO DE 150 ML    BOECO,UND,-,,0
0001,999,03,ZLS124,,2.000,TERMOMETRO CANASTILLA PLASTICO -10C A 120C,UND,-,,0
0001,WB1200,03,30401-052,1052,16.000,TENSIOMETRO ANEROIDE DE BOLSILLO INFANTE W.A.BAUM,UND,-,,0
0001,WB1200,03,30405-030,,22.000,TENSIOMETRO DE COLUMNA DE MERCURIO DE 300 HG.,,UND,-,,0
0001,WB1200,08,30432-020,,8.000,BRAZALETE V-LOK Y BOLSA LATEX NIÐO 2 TUBOS BAUM,UND,-,,0
0001,WB1200,08,30432-070,,20.000,BRAZALETE P/TENSIOMETRO ADULTO VELCRO 2 TUBOS BAUM,UND,-,,0
0001,WB1200,03,30778-270,2700,60.000,ESTETOSCOPIO TIPO RAPPAPORT W.A. BAUM,UND,-,,0
0001,WB1200,03,30778-272,2720,3.000,ESTETOSCOPIO DOBLE CAMPANA,BIAURICUL.ACERO I. BAUM,UND,-,,0
0001,W10650,03,P-1111-4,NO.COD.FAB,2.000,PAPEL INDICADOR RANGO FR 7-11 ROLLO WHATMAN LIMITE,UND,-,,0
0001,W10648,03,B-7661-50,NO.COD.FAB,36.000,FRASCO DE VIDRIO 50 ML. DE BOROSILICATO WHEATON,UND,-,,0
0001,W10775,08,64,64,8.000,PERILLA DE BAKELITA WISCONSIN USA,UND,-,,0
0001,W10775,08,65,65,1.000,VALVULA DE CONTROL P/AUTOCLAVE,UND,-,,0
0001,W10780,01,5.101.000,5.101.000,1.000, ESTERILIZADOR INFRARROJO - STERIMAX 230V (LONG VERSION)					 ,UND,SERIE:25F10136,,1
0001,W10780,03,6.000.373,6.000.373,5.000,ALAMBRE DE NICRON  PK/10 STERIMAX P/ESTERILIZADOR WLD,UND,-,,0
0001,W10780,08,8-200-000,8.200.000,1.000,MECHERO WLD - TEC,UND,-,,0
0001,W10780,03,E6.000.365,E6.000.365,4.000,SOPORTE P/ALAMBRE  NICRON PK/4 STERIMAX  P/ESTERILIZADOR WLD,UND,-,,0
0002,H4316,04,997CF-E,997CF-E,25.000,KIT DE RECOLECCION DE PLAQUETAS CON FILTRO HAEMONETICS,UND,8425046,05/04/2028,1
0002,H4316,04,PL3VAE,PL3VAE,90.000,FILTRO DESLEUCOSITADORA PURECELL PL PL3  HAEMONETICS,UND,2550128,28/09/2030,1
0002,TE4940,01,75004260,75004260,1.000,CENTRIFUGA LEGEND MOD. X1R THERMO,UND,,,1
0002,TE4940,02,910107,910107,1.000,SOLUCION BUFFER PH 7.00 475ML AMARILLO THERMO,UND,3Z1,,1
0003,BM1425,01,B-2950-6810,TW-101,2.000,SELLADOR ESTERIL DE TUBOS MOD. LUXUS 6810 BMS,UND,,,1
0003,CT2078,01,B-2950-760S,,1.000,HEMOBASCULA C/COLECTOR D/DATOS CM760 EXTENDIDO CENTRON,UND,76012045,,1
0003,H4316,01,07-022,07-022,1.000,TROMBOELASTOGRAFO ANALYZER 5000 60HZ. HAEMONETIC,UND,S032107572,,1
0003,H4316,01,07-066,07-066,1.000,TROMBOELASTOGRAFO TEG5000 ANALIYZER 230V HAEMONET,UND,S031405174,,1
0003,H4316,01,07-066,07-066,1.000,TROMBOELASTOGRAFO TEG5000 ANALIYZER 230V HAEMONET,UND,S031405200,,1
0003,H4316,01,07-690,07-690,1.000,TROMBOELASTOGRAFO  MODELO TEG  6S  HAEMONETICS,UND,T1-23E-103828,,1
0003,H4316,01,07-690,07-690,1.000,TROMBOELASTOGRAFO  MODELO TEG  6S  HAEMONETICS,UND,T1-23K-104453,,1
0003,H4316,01,07-690,07-690,1.000,TROMBOELASTOGRAFO  MODELO TEG  6S  HAEMONETICS,UND,T1-24H-104788,,1
0003,H4316,01,07-690,07-690,1.000,TROMBOELASTOGRAFO  MODELO TEG  6S  HAEMONETICS,UND,T1-25C-105011,,1
0003,H4316,01,07-690,07-690,1.000,TROMBOELASTOGRAFO  MODELO TEG  6S  HAEMONETICS,UND,T1-25C-105020,,1
0003,H4316,04,10247,10247,5.000,SOLUCION ACD FORMULA   A  x  750 ML,UND,24040527,31/03/2026,1
0003,H4316,06,112320-ES,112320-ES,1.000,TARJETA DE PROTOCOLO UPP P/MOD. MCS+ 9000 HAEMONETICS,UND,20LL623,,1
0003,H4316,01,2005-220EP,2005-220EP,1.000,SISTEMA RECUPERADOR D/SANGRE CELL SAVER 5+ HAEMONET,UND,,,1
0003,H4316,01,2005-220EP,2005-220EP,1.000,SISTEMA RECUPERADOR D/SANGRE CELL SAVER 5+ HAEMONET,UND,12M059,,1
0003,H4316,01,2005-220EP,2005-220EP,1.000,SISTEMA RECUPERADOR D/SANGRE CELL SAVER 5+ HAEMONET,UND,12M060,,1
0003,H4316,01,2005-220EP,2005-220EP,1.000,SISTEMA RECUPERADOR D/SANGRE CELL SAVER 5+ HAEMONET,UND,12M061,,1
0003,H4316,01,2005-220EP,2005-220EP,1.000,SISTEMA RECUPERADOR D/SANGRE CELL SAVER 5+ HAEMONET,UND,14D215,,1
0003,H4316,01,8150-110,08150-110-E,1.000,SISTEMA DE AFERESIS MOD. MCS+ 8150-110E HAEMONETIC,UND,06C393,,1
0003,H4316,08,89961-06,89961-06,1.000,TARJETA DE PROTOCOLO LDP P/ EQUIPO AFERESIS MCS+,UND,24AA512,,1
0003,H4316,01,9000,,1.000,SISTEMA DE AFERESIS MOD. MCS+ 9000 HAEMONETICS,UND,SIN/SERIE,,1
0003,H4316,01,9000-E,9000-220-EW,1.000,SISTEMA DE AFERESIS MOD. MCS+ 9000 220V HAEMONETIC,UND,16K519SPG,,1
0003,H4316,01,9000-E,9000-220-EW,1.000,SISTEMA DE AFERESIS MOD. MCS+ 9000 220V HAEMONETIC,UND,22C224SPG,,1
0003,H4316,01,9000-E,9000-220-EW,1.000,SISTEMA DE AFERESIS MOD. MCS+ 9000 220V HAEMONETIC,UND,22C304SPG,,1
0003,H4316,01,9000-E,9000-220-EW,1.000,SISTEMA DE AFERESIS MOD. MCS+ 9000 220V HAEMONETIC,UND,22C305SPG,,1
0003,H4316,01,9000-E,9000-220-EW,1.000,SISTEMA DE AFERESIS MOD. MCS+ 9000 220V HAEMONETIC,UND,22C307SPG,,1
0003,H4316,04,980E-00,980E-00,10.000,KIT DE RECAMBIO PLASMA TERAPEUTICO HAEMONETICS,UND,8522024,30/05/2027,1
0003,H4316,04,981E-00,981E-00,2.000,KIT DE RECAMBIO PLASMA TERAPEUTICO VOL. PEQUEÑO HAEMONETICS,UND,8824171,13/08/2029,1
0003,H4316,04,994CF-E,994CF-E,8.000,KIT DE RECOLECCION DE PLAQUETAS CON FILTRO 994CF-E,UND,9223022,31/12/2026,1
0003,H4316,08,HAR-E230,HAR-E230-XX,1.000,UNIDAD DE SUCCION HARMONY 230V. HAEMONETICS,UND,12B072,,1
0003,H4316,08,HAR-E230,HAR-E230-XX,1.000,UNIDAD DE SUCCION HARMONY 230V. HAEMONETICS,UND,12B073,,1
0003,H4316,08,HAR-E230,HAR-E230-XX,1.000,UNIDAD DE SUCCION HARMONY 230V. HAEMONETICS,UND,12B074,,1
0003,H4316,08,HAR-E230,HAR-E230-XX,1.000,UNIDAD DE SUCCION HARMONY 230V. HAEMONETICS,UND,13L136,,1
0003,HM4325,01,QBLL0820,QBLL0820,1.000,COOLER   HAIER,UND,-,,0
0003,JP4316,02,6303-JP,,2.000,SOLUCION ANTICOAGULANTE PARA  AFERESIS 800 ML JP INDUSTRIA,UND,954325,31/08/2027,1
0003,M6272,08,41864-6,,2.000,ELECTROBOMBA AGUA EYECTOR P/AUTOCLAVE 220V. MATACH,UND,,,1
0003,M6272,01,78026,78026,1.000,ESTERILIZADOR A VAPOR BAJA TEMPERAT. FORMALDEHIDO,UND,E29117,,1
0003,RR8465,04,1725-145,1725-145,1.000,TENSIOMETRO DIGITAL  RI-CHAMPION ADULTO C/BRAZ. RIESTER,UND,-,,0
0003,TE4940,01,S-2040-840,840-209600,1.000,ESPECTROFOTOMETRO MOD. GENESYS 10S VIS THERMO,UND,-,,0
0003,999,01,09000-220-ED,09000-220-ED,1.000, EQUIPO DE AFERESIS MODELO MCS+09000-220-ED  HAEMONETICS,UND,12H209,,1
0003,999,08,E-2000-3KV-T,,2.000,ESTABILIZADOR MONOFASICO  C/TRANSFORMADOR 3KVA,UND,,,1
0003,999,03,I5-PROC,,1.000,COMPUTADORA INTEL CORE i5 16GB RAM-500GB SSD+ MONITOR,UND,-,,0
0003,999,03,UPS-CDP,,1.000,UPS CDP R-SMART 1010I 1000VA/ 500W AUTONOMIA 30 MINUTOS,UND,251011-236C0255,,1
0004,C2400,04,01907,01907,30.000,POLVO REGENERADOR DE PIEL BRAVA POWDER  COLOPLAST,UND,10708599,05/01/2028,1
0004,C2400,04,05008,05008,30.000,CATETER EASICATH PEDIATRICO2  CH8 COLOPLAST,UND,10288131,01/04/2028,1
0004,C2400,04,05010,05010,30.000,CATETER  EASICATH  PEDIATRICO CH10  COLOPLAST,UND,10216916,18/02/2028,1
0004,C2400,04,05354,05354,9.000,CATETER  EASICATH  MASCULINO  CH14  COLOPLAST,UND,10275528,26/03/2028,1
0004,C2400,04,10366,10366,30.000,BOLSA OST. SENSURA CLICK 2 PC  ABIERTA OPACA MAXI ACOP.Ø60MM,UND,10142923,19/10/2027,1
0004,C2400,04,10367,10367,30.000,BOLSA OST. SENSURA CLICK 2 PC ABIERTA OPACA MAXI ACOP. Ø70MM,UND,10142921,12/10/2027,1
0004,C2400,04,11035,11035,30.000,PLACA BASE SENSURA CLICKXPRO C/O/P/CINT.ACOP Ø 60MM  15-43MM,UND,10142922,31/10/2027,1
0004,C2400,04,11045,11045,30.000,PLACA BASE SENSURA CLICKXPROC/O/P/CINT.ACOP.  Ø70MM  15-53MM,UND,10001555,09/10/2027,1
0004,C2400,04,11045,11045,30.000,PLACA BASE SENSURA CLICKXPROC/O/P/CINT.ACOP.  Ø70MM  15-53MM,UND,10001556,08/10/2027,1
0004,C2400,04,11045,11045,30.000,PLACA BASE SENSURA CLICKXPROC/O/P/CINT.ACOP.  Ø70MM  15-53MM,UND,10001557,07/10/2027,1
0004,C2400,04,11045,11045,30.000,PLACA BASE SENSURA CLICKXPROC/O/P/CINT.ACOP.  Ø70MM  15-53MM,UND,10186700,07/10/2027,1
0004,C2400,04,11812,11812,30.000,BOLSA UROSTOMIA SENSURA 1PC OPACA LIG.CVX MAXI   15-43MM,UND,9733744,08/03/2027,1
0004,C2400,04,12020,12020,30.000,BARRERA LIQUIDA PROTECTOR SKIN BARRIER SPRAY COLOPLAST,UND,89374,18/08/2029,1
0004,C2400,04,12020,12020,30.000,BARRERA LIQUIDA PROTECTOR SKIN BARRIER SPRAY COLOPLAST,UND,89388,15/02/2030,1
0004,C2400,04,12030,12030,30.000,ANILLO MOLDEABLE  BRAVA  2.0 MM  COLOPLAST,UND,10445416,14/07/2028,1
0004,C2400,04,12042,12042,30.000,ANILLO MOLDEABLE  BRAVA  4.2MM  UNIDAD  COLOPLAST,UND,10777990,10/02/2029,1
0004,C2400,04,12050,12050,30.000,PASTA PARA COLOSTOMIA BRAVA SIN ALCOHOL,UND,10191919,10/02/2027,1
0004,C2400,04,12050,12050,30.000,PASTA PARA COLOSTOMIA BRAVA SIN ALCOHOL,UND,10373386,30/05/2027,1
0004,C2400,04,13860,13860,30.000,BOLSA PARA OSTOMIA ALTERNA TRANSP. 12 - 75 MM  COLOPLAST,UND,10859152,15/04/2029,1
0004,C2400,04,13860,13860,30.000,BOLSA PARA OSTOMIA ALTERNA TRANSP. 12 - 75 MM  COLOPLAST,UND,10859153,21/04/2029,1
0004,C2400,04,13860,13860,30.000,BOLSA PARA OSTOMIA ALTERNA TRANSP. 12 - 75 MM  COLOPLAST,UND,10859154,21/04/2029,1
0004,C2400,04,13860,13860,30.000,BOLSA PARA OSTOMIA ALTERNA TRANSP. 12 - 75 MM  COLOPLAST,UND,10859155,21/04/2029,1
0004,C2400,04,13860,13860,30.000,BOLSA PARA OSTOMIA ALTERNA TRANSP. 12 - 75 MM  COLOPLAST,UND,10859156,20/04/2029,1
0004,C2400,04,13860,13860,30.000,BOLSA PARA OSTOMIA ALTERNA TRANSP. 12 - 75 MM  COLOPLAST,UND,10859157,20/04/2029,1
0004,C2400,04,13860,13860,30.000,BOLSA PARA OSTOMIA ALTERNA TRANSP. 12 - 75 MM  COLOPLAST,UND,10859158,20/04/2029,1
0004,C2400,04,13860,13860,30.000,BOLSA PARA OSTOMIA ALTERNA TRANSP. 12 - 75 MM  COLOPLAST,UND,10859159,20/04/2029,1
0004,C2400,04,13860,13860,30.000,BOLSA PARA OSTOMIA ALTERNA TRANSP. 12 - 75 MM  COLOPLAST,UND,10859160,20/04/2029,1
0004,C2400,04,13860,13860,30.000,BOLSA PARA OSTOMIA ALTERNA TRANSP. 12 - 75 MM  COLOPLAST,UND,10859161,19/04/2029,1
0004,C2400,04,13860,13860,30.000,BOLSA PARA OSTOMIA ALTERNA TRANSP. 12 - 75 MM  COLOPLAST,UND,10859162,19/04/2029,1
0004,C2400,04,13860,13860,30.000,BOLSA PARA OSTOMIA ALTERNA TRANSP. 12 - 75 MM  COLOPLAST,UND,10859163,19/04/2029,1
0004,C2400,04,13860,13860,30.000,BOLSA PARA OSTOMIA ALTERNA TRANSP. 12 - 75 MM  COLOPLAST,UND,10949679,02/06/2029,1
0004,C2400,04,13860,13860,30.000,BOLSA PARA OSTOMIA ALTERNA TRANSP. 12 - 75 MM  COLOPLAST,UND,10949680,07/06/2029,1
0004,C2400,04,13860,13860,30.000,BOLSA PARA OSTOMIA ALTERNA TRANSP. 12 - 75 MM  COLOPLAST,UND,10949681,07/06/2029,1
0004,C2400,04,13860,13860,30.000,BOLSA PARA OSTOMIA ALTERNA TRANSP. 12 - 75 MM  COLOPLAST,UND,10949682,07/06/2029,1
0004,C2400,04,13860,13860,30.000,BOLSA PARA OSTOMIA ALTERNA TRANSP. 12 - 75 MM  COLOPLAST,UND,10949683,07/06/2029,1
0004,C2400,04,13860,13860,30.000,BOLSA PARA OSTOMIA ALTERNA TRANSP. 12 - 75 MM  COLOPLAST,UND,10949684,04/06/2029,1
0004,C2400,04,13860,13860,30.000,BOLSA PARA OSTOMIA ALTERNA TRANSP. 12 - 75 MM  COLOPLAST,UND,10949685,04/06/2029,1
0004,C2400,04,13860,13860,30.000,BOLSA PARA OSTOMIA ALTERNA TRANSP. 12 - 75 MM  COLOPLAST,UND,10949686,04/06/2029,1
0004,C2400,04,13860,13860,30.000,BOLSA PARA OSTOMIA ALTERNA TRANSP. 12 - 75 MM  COLOPLAST,UND,10949687,03/06/2029,1
0004,C2400,04,13860,13860,30.000,BOLSA PARA OSTOMIA ALTERNA TRANSP. 12 - 75 MM  COLOPLAST,UND,10949688,03/06/2029,1
0004,C2400,04,13860,13860,30.000,BOLSA PARA OSTOMIA ALTERNA TRANSP. 12 - 75 MM  COLOPLAST,UND,10949689,03/06/2029,1
0004,C2400,04,13860,13860,30.000,BOLSA PARA OSTOMIA ALTERNA TRANSP. 12 - 75 MM  COLOPLAST,UND,10949690,03/06/2029,1
0004,C2400,04,13976,13976,30.000,BOLSA PARA OSTOMIA  ALTERNA 2 PIEZAS ABIERTA  COLOPLAST,UND,10772712,01/02/2029,1
0004,C2400,04,15202,15202,30.000,BOLSA OST SENSURA 1PC OPEN C/V OPACA LIGVX C/CO MIDI 15-43MM,UND,9733741,16/02/2027,1
0004,C2400,04,15206,15206,30.000,BOLSA OST. SENSURA 1PC OPEN  TRANSP LIGCX C/CO MAXI 15-43MM,UND,9721517,11/02/2027,1
0004,C2400,04,15251,15251,30.000,BOLSA OST. SENSURA 1PC ABIERTA C/V OPACA C/CO MIDI 10-66MM,UND,9721511,08/02/2027,1
0004,C2400,04,15251,15251,30.000,BOLSA OST. SENSURA 1PC ABIERTA C/V OPACA C/CO MIDI 10-66MM,UND,9733745,08/01/2027,1
0004,C2400,04,15281,15281,30.000,BOLSA OST. SENSURA 1PC ABIERTA C/V OPACA  C/CO MAXI 10-76MM,UND,10186702,03/12/2027,1
0004,C2400,04,15281,15281,30.000,BOLSA OST. SENSURA 1PC ABIERTA C/V OPACA  C/CO MAXI 10-76MM,UND,9733740,25/01/2027,1
0004,C2400,04,15570,15570,60.000,BOLSA OSTOMIA SENSURA 1PC ABIERTA TRANSP. C/CO MAXI 10-76MM,UND,9733746,15/02/2027,1
0004,C2400,04,1759,1759,30.000,BOLSA D/UROSTOMIA MAXI TRANSP. 60MM ALTERNA 2 PIEZAS COLOPLA,UND,10852451,22/02/2031,1
0004,C2400,04,17720,17720,30.000,DISCO BASE PLANO P/OSTOMIA  2 PIEZAS COLOPLAST,UND,10186596,10/12/2027,1
0004,C2400,04,17720,17720,30.000,DISCO BASE PLANO P/OSTOMIA  2 PIEZAS COLOPLAST,UND,10765270,04/12/2028,1
0004,C2400,04,17720,17720,30.000,DISCO BASE PLANO P/OSTOMIA  2 PIEZAS COLOPLAST,UND,10772713,20/01/2029,1
0004,C2400,04,17720,17720,30.000,DISCO BASE PLANO P/OSTOMIA  2 PIEZAS COLOPLAST,UND,10852450,12/03/2029,1
0004,C2400,04,17763,17763,30.000,DISCO BASE CONVEXO P/OSTOMIA  2 PIEZAS  COLOPLAST,UND,10421675,07/04/2028,1
0004,C2400,04,21875-5230,5230,30.000,COLECTOR  URINARIO EXTERNO CONVEEN CAT. 5230 COLOPLA,UND,10462980,25/07/2028,1
0004,C2400,04,21875-5235,,30.000,COLECTOR  URINARIO EXTERNO CONVEEN CAT. 5235 COLOPLA,UND,10029702,28/10/2027,1
0004,C2400,04,21875-5235,,30.000,COLECTOR  URINARIO EXTERNO CONVEEN CAT. 5235 COLOPLA,UND,10132218,01/01/2028,1
0004,C2400,04,21875-5235,,30.000,COLECTOR  URINARIO EXTERNO CONVEEN CAT. 5235 COLOPLA,UND,9150583,05/05/2026,1
0004,C2400,04,21880-25,3903,30.000,PURILON GEL COMFEEL 25 GR. COD. 3903 COLOPLAST,UND,109651,18/03/2028,1
0004,C2400,04,21891-5585,5585,20.000,BOLSA DE UROSTOMIA MAXI 10-55MM UNA PIEZA COLOPLA,UND,10765272,24/11/2028,1
0004,C2400,04,21891-5585,5585,30.000,BOLSA DE UROSTOMIA MAXI 10-55MM UNA PIEZA COLOPLA,UND,10193355,18/12/2027,1
0004,C2400,04,21891-5585,5585,30.000,BOLSA DE UROSTOMIA MAXI 10-55MM UNA PIEZA COLOPLA,UND,8580961,07/03/2025,1
0004,C2400,04,21891-5585,5585,30.000,BOLSA DE UROSTOMIA MAXI 10-55MM UNA PIEZA COLOPLA,UND,9853793,06/06/2027,1
0004,C2400,04,21891-759,1759,30.000,BOLSA D/UROSTOMIA MAXI TRANSP. 60 MM.ALTERNA 2PZAS,UND,10544764,28/03/2030,1
0004,C2400,04,21891-759,1759,30.000,BOLSA D/UROSTOMIA MAXI TRANSP. 60 MM.ALTERNA 2PZAS,UND,10765271,19/02/2031,1
0004,C2400,04,21891-759,1759,30.000,BOLSA D/UROSTOMIA MAXI TRANSP. 60 MM.ALTERNA 2PZAS,UND,10778403,22/01/2031,1
0004,C2400,04,21891-759,1759,30.000,BOLSA D/UROSTOMIA MAXI TRANSP. 60 MM.ALTERNA 2PZAS,UND,7423340,01/03/2025,1
0004,C2400,04,21891-759,1759,30.000,BOLSA D/UROSTOMIA MAXI TRANSP. 60 MM.ALTERNA 2PZAS,UND,7480193,02/03/2025,1
0004,C2400,04,21891-759,1759,30.000,BOLSA D/UROSTOMIA MAXI TRANSP. 60 MM.ALTERNA 2PZAS,UND,7766379,01/09/2025,1
0004,C2400,04,21891-759,1759,30.000,BOLSA D/UROSTOMIA MAXI TRANSP. 60 MM.ALTERNA 2PZAS,UND,7854002,02/09/2025,1
0004,C2400,04,21891-759,1759,30.000,BOLSA D/UROSTOMIA MAXI TRANSP. 60 MM.ALTERNA 2PZAS,UND,7894440,02/09/2025,1
0004,C2400,04,21891-759,1759,30.000,BOLSA D/UROSTOMIA MAXI TRANSP. 60 MM.ALTERNA 2PZAS,UND,7984649,02/09/2025,1
0004,C2400,04,21891-759,1759,30.000,BOLSA D/UROSTOMIA MAXI TRANSP. 60 MM.ALTERNA 2PZAS,UND,7984694,02/09/2025,1
0004,C2400,04,21891-759,1759,30.000,BOLSA D/UROSTOMIA MAXI TRANSP. 60 MM.ALTERNA 2PZAS,UND,8446286,02/09/2025,1
0004,C2400,04,21891-759,1759,30.000,BOLSA D/UROSTOMIA MAXI TRANSP. 60 MM.ALTERNA 2PZAS,UND,8594447,02/09/2025,1
0004,C2400,04,21891-759,1759,30.000,BOLSA D/UROSTOMIA MAXI TRANSP. 60 MM.ALTERNA 2PZAS,UND,8702574,02/09/2025,1
0004,C2400,04,21891-759,1759,30.000,BOLSA D/UROSTOMIA MAXI TRANSP. 60 MM.ALTERNA 2PZAS,UND,8777314,05/09/2027,1
0004,C2400,04,21891-759,1759,30.000,BOLSA D/UROSTOMIA MAXI TRANSP. 60 MM.ALTERNA 2PZAS,UND,8779659,19/08/2027,1
0004,C2400,04,21891-759,1759,30.000,BOLSA D/UROSTOMIA MAXI TRANSP. 60 MM.ALTERNA 2PZAS,UND,8916864,30/11/2027,1
0004,C2400,04,21891-759,1759,30.000,BOLSA D/UROSTOMIA MAXI TRANSP. 60 MM.ALTERNA 2PZAS,UND,8918439,30/11/2027,1
0004,C2400,04,21891-759,1759,30.000,BOLSA D/UROSTOMIA MAXI TRANSP. 60 MM.ALTERNA 2PZAS,UND,9184542,30/11/2027,1
0004,C2400,04,21891-759,1759,30.000,BOLSA D/UROSTOMIA MAXI TRANSP. 60 MM.ALTERNA 2PZAS,UND,9799192,12/04/2029,1
0004,C2400,04,21891-759,1759,30.000,BOLSA D/UROSTOMIA MAXI TRANSP. 60 MM.ALTERNA 2PZAS,UND,9920393,23/05/2029,1
0004,C2400,04,21893-10,3110,30.000,APOSITO HIDROCOLOIDE  COMFEEL 3110 10x10 COLOPLAST,UND,9155812,26/04/2026,1
0004,C2400,04,21893-15,3115,30.000,APOSITO HIDROCOLOIDE COMFEEL 3115 15x15  COLOPLAST,UND,9191742,25/05/2026,1
0004,C2400,04,21893-33421,,30.000,APOSITO BIATAIN HIDROPOLIMERO ADHESIVO 15x15CM,UND,10156355,21/01/2028,1
0004,C2400,04,21893-33421,,30.000,APOSITO BIATAIN HIDROPOLIMERO ADHESIVO 15x15CM,UND,10192589,11/02/2028,1
0004,C2400,04,21894-1907,,30.000,POLVO REGENERADOR DE PIEL BRAVA POWDER COLOPLAST,UND,10282418,31/03/2027,1
0004,C2400,04,21895-1383,,30.000,BOLSA PARA OSTOMIA  ALTERNA TRANSP.  12-65MM COD. 13830,UND,10048948,13/11/2027,1
0004,C2400,04,21895-1383,,30.000,BOLSA PARA OSTOMIA  ALTERNA TRANSP.  12-65MM COD. 13830,UND,10048949,13/11/2027,1
0004,C2400,04,21895-1383,,30.000,BOLSA PARA OSTOMIA  ALTERNA TRANSP.  12-65MM COD. 13830,UND,10735261,01/04/2028,1
0004,C2400,04,21895-1383,,30.000,BOLSA PARA OSTOMIA  ALTERNA TRANSP.  12-65MM COD. 13830,UND,8446288,17/03/2025,1
0004,C2400,04,21895-1383,,30.000,BOLSA PARA OSTOMIA  ALTERNA TRANSP.  12-65MM COD. 13830,UND,8492428,07/03/2025,1
0004,C2400,04,21895-1383,,30.000,BOLSA PARA OSTOMIA  ALTERNA TRANSP.  12-65MM COD. 13830,UND,8825902,17/03/2025,1
0004,C2400,04,21895-1383,,30.000,BOLSA PARA OSTOMIA  ALTERNA TRANSP.  12-65MM COD. 13830,UND,8897757,17/03/2025,1
0004,C2400,04,21895-1383,,30.000,BOLSA PARA OSTOMIA  ALTERNA TRANSP.  12-65MM COD. 13830,UND,9011348,15/02/2026,1
0004,C2400,04,21895-1383,,30.000,BOLSA PARA OSTOMIA  ALTERNA TRANSP.  12-65MM COD. 13830,UND,9662158,06/03/2027,1
0004,C2400,04,21895-1383,,30.000,BOLSA PARA OSTOMIA  ALTERNA TRANSP.  12-65MM COD. 13830,UND,9791186,11/06/2027,1
0004,C2400,04,21895-1386,,30.000,BOLSA PARA OSTOMIA  ALTERNA TRANSP.  12-75MM  COD. 13860,UND,10242152,12/03/2028,1
0004,C2400,04,21895-1386,,30.000,BOLSA PARA OSTOMIA  ALTERNA TRANSP.  12-75MM  COD. 13860,UND,10242153,19/03/2028,1
0004,C2400,04,21895-1386,,30.000,BOLSA PARA OSTOMIA  ALTERNA TRANSP.  12-75MM  COD. 13860,UND,10242154,19/03/2028,1
0004,C2400,04,21895-1386,,30.000,BOLSA PARA OSTOMIA  ALTERNA TRANSP.  12-75MM  COD. 13860,UND,10242155,19/03/2028,1
0004,C2400,04,21895-1386,,30.000,BOLSA PARA OSTOMIA  ALTERNA TRANSP.  12-75MM  COD. 13860,UND,10242156,19/03/2028,1
0004,C2400,04,21895-1386,,30.000,BOLSA PARA OSTOMIA  ALTERNA TRANSP.  12-75MM  COD. 13860,UND,10242157,17/03/2028,1
0004,C2400,04,21895-1386,,30.000,BOLSA PARA OSTOMIA  ALTERNA TRANSP.  12-75MM  COD. 13860,UND,10242158,17/03/2028,1
0004,C2400,04,21895-1386,,30.000,BOLSA PARA OSTOMIA  ALTERNA TRANSP.  12-75MM  COD. 13860,UND,10242159,16/03/2028,1
0004,C2400,04,21895-1386,,30.000,BOLSA PARA OSTOMIA  ALTERNA TRANSP.  12-75MM  COD. 13860,UND,10242160,16/03/2028,1
0004,C2400,04,21895-1386,,30.000,BOLSA PARA OSTOMIA  ALTERNA TRANSP.  12-75MM  COD. 13860,UND,10242161,16/03/2028,1
0004,C2400,04,21895-1386,,30.000,BOLSA PARA OSTOMIA  ALTERNA TRANSP.  12-75MM  COD. 13860,UND,10242162,15/03/2028,1
0004,C2400,04,21895-1386,,30.000,BOLSA PARA OSTOMIA  ALTERNA TRANSP.  12-75MM  COD. 13860,UND,10242163,15/03/2028,1
0004,C2400,04,21895-1386,,30.000,BOLSA PARA OSTOMIA  ALTERNA TRANSP.  12-75MM  COD. 13860,UND,10242164,15/03/2028,1
0004,C2400,04,21895-1386,,30.000,BOLSA PARA OSTOMIA  ALTERNA TRANSP.  12-75MM  COD. 13860,UND,10242165,15/03/2028,1
0004,C2400,04,21895-1386,,30.000,BOLSA PARA OSTOMIA  ALTERNA TRANSP.  12-75MM  COD. 13860,UND,10242166,15/03/2028,1
0004,C2400,04,21895-1386,,30.000,BOLSA PARA OSTOMIA  ALTERNA TRANSP.  12-75MM  COD. 13860,UND,10242167,14/03/2028,1
0004,C2400,04,21895-1386,,30.000,BOLSA PARA OSTOMIA  ALTERNA TRANSP.  12-75MM  COD. 13860,UND,10242168,13/03/2028,1
0004,C2400,04,21895-1386,,30.000,BOLSA PARA OSTOMIA  ALTERNA TRANSP.  12-75MM  COD. 13860,UND,10242169,12/03/2028,1
0004,C2400,04,21895-1386,,30.000,BOLSA PARA OSTOMIA  ALTERNA TRANSP.  12-75MM  COD. 13860,UND,10242170,12/03/2028,1
0004,C2400,04,21895-1386,,30.000,BOLSA PARA OSTOMIA  ALTERNA TRANSP.  12-75MM  COD. 13860,UND,10409717,26/06/2028,1
0004,C2400,04,21895-1386,,30.000,BOLSA PARA OSTOMIA  ALTERNA TRANSP.  12-75MM  COD. 13860,UND,10409718,26/06/2028,1
0004,C2400,04,21895-1386,,30.000,BOLSA PARA OSTOMIA  ALTERNA TRANSP.  12-75MM  COD. 13860,UND,10409719,06/07/2028,1
0004,C2400,04,21895-1386,,30.000,BOLSA PARA OSTOMIA  ALTERNA TRANSP.  12-75MM  COD. 13860,UND,10409720,03/07/2028,1
0004,C2400,04,21895-1386,,30.000,BOLSA PARA OSTOMIA  ALTERNA TRANSP.  12-75MM  COD. 13860,UND,10409721,03/07/2028,1
0004,C2400,04,21895-1386,,30.000,BOLSA PARA OSTOMIA  ALTERNA TRANSP.  12-75MM  COD. 13860,UND,10409722,02/07/2028,1
0004,C2400,04,21895-1386,,30.000,BOLSA PARA OSTOMIA  ALTERNA TRANSP.  12-75MM  COD. 13860,UND,10409723,02/07/2028,1
0004,C2400,04,21895-1386,,30.000,BOLSA PARA OSTOMIA  ALTERNA TRANSP.  12-75MM  COD. 13860,UND,10409724,29/06/2028,1
0004,C2400,04,21895-1386,,30.000,BOLSA PARA OSTOMIA  ALTERNA TRANSP.  12-75MM  COD. 13860,UND,10409725,29/06/2028,1
0004,C2400,04,21895-1386,,30.000,BOLSA PARA OSTOMIA  ALTERNA TRANSP.  12-75MM  COD. 13860,UND,10409726,29/06/2028,1
0004,C2400,04,21895-1386,,30.000,BOLSA PARA OSTOMIA  ALTERNA TRANSP.  12-75MM  COD. 13860,UND,10409727,29/06/2028,1
0004,C2400,04,21895-1386,,30.000,BOLSA PARA OSTOMIA  ALTERNA TRANSP.  12-75MM  COD. 13860,UND,10409728,29/06/2028,1
0004,C2400,04,21895-1386,,30.000,BOLSA PARA OSTOMIA  ALTERNA TRANSP.  12-75MM  COD. 13860,UND,10409729,29/06/2028,1
0004,C2400,04,21895-1386,,30.000,BOLSA PARA OSTOMIA  ALTERNA TRANSP.  12-75MM  COD. 13860,UND,10409730,29/06/2028,1
0004,C2400,04,21895-1386,,30.000,BOLSA PARA OSTOMIA  ALTERNA TRANSP.  12-75MM  COD. 13860,UND,10409731,30/06/2028,1
0004,C2400,04,21895-1386,,30.000,BOLSA PARA OSTOMIA  ALTERNA TRANSP.  12-75MM  COD. 13860,UND,10409732,29/06/2028,1
0004,C2400,04,21895-1386,,30.000,BOLSA PARA OSTOMIA  ALTERNA TRANSP.  12-75MM  COD. 13860,UND,10472927,11/08/2028,1
0004,C2400,04,21895-1386,,30.000,BOLSA PARA OSTOMIA  ALTERNA TRANSP.  12-75MM  COD. 13860,UND,10472928,11/08/2028,1
0004,C2400,04,21895-1386,,30.000,BOLSA PARA OSTOMIA  ALTERNA TRANSP.  12-75MM  COD. 13860,UND,10472929,11/08/2028,1
0004,C2400,04,21895-1386,,30.000,BOLSA PARA OSTOMIA  ALTERNA TRANSP.  12-75MM  COD. 13860,UND,10472930,10/08/2028,1
0004,C2400,04,21895-1386,,30.000,BOLSA PARA OSTOMIA  ALTERNA TRANSP.  12-75MM  COD. 13860,UND,10472931,10/08/2028,1
0004,C2400,04,21895-1386,,30.000,BOLSA PARA OSTOMIA  ALTERNA TRANSP.  12-75MM  COD. 13860,UND,10472932,10/08/2028,1
0004,C2400,04,21895-1386,,30.000,BOLSA PARA OSTOMIA  ALTERNA TRANSP.  12-75MM  COD. 13860,UND,10472933,07/08/2028,1
0004,C2400,04,21895-1386,,30.000,BOLSA PARA OSTOMIA  ALTERNA TRANSP.  12-75MM  COD. 13860,UND,10472934,10/08/2028,1
0004,C2400,04,21895-1386,,30.000,BOLSA PARA OSTOMIA  ALTERNA TRANSP.  12-75MM  COD. 13860,UND,10472935,07/08/2028,1
0004,C2400,04,21895-1386,,30.000,BOLSA PARA OSTOMIA  ALTERNA TRANSP.  12-75MM  COD. 13860,UND,10472936,07/08/2028,1
0004,C2400,04,21895-1386,,30.000,BOLSA PARA OSTOMIA  ALTERNA TRANSP.  12-75MM  COD. 13860,UND,10472937,07/08/2028,1
0004,C2400,04,21895-1386,,30.000,BOLSA PARA OSTOMIA  ALTERNA TRANSP.  12-75MM  COD. 13860,UND,10472938,07/08/2028,1
0004,C2400,04,21895-1386,,30.000,BOLSA PARA OSTOMIA  ALTERNA TRANSP.  12-75MM  COD. 13860,UND,10472939,06/08/2028,1
0004,C2400,04,21895-1386,,30.000,BOLSA PARA OSTOMIA  ALTERNA TRANSP.  12-75MM  COD. 13860,UND,10472940,06/08/2028,1
0004,C2400,04,21895-1386,,30.000,BOLSA PARA OSTOMIA  ALTERNA TRANSP.  12-75MM  COD. 13860,UND,10472941,06/08/2028,1
0004,C2400,04,21895-1386,,30.000,BOLSA PARA OSTOMIA  ALTERNA TRANSP.  12-75MM  COD. 13860,UND,10472942,06/08/2028,1
0004,C2400,04,21895-1386,,30.000,BOLSA PARA OSTOMIA  ALTERNA TRANSP.  12-75MM  COD. 13860,UND,10777361,15/02/2029,1
0004,C2400,04,21895-1386,,30.000,BOLSA PARA OSTOMIA  ALTERNA TRANSP.  12-75MM  COD. 13860,UND,10777362,24/02/2029,1
0004,C2400,04,21895-1386,,30.000,BOLSA PARA OSTOMIA  ALTERNA TRANSP.  12-75MM  COD. 13860,UND,10777363,24/02/2029,1
0004,C2400,04,21895-1386,,30.000,BOLSA PARA OSTOMIA  ALTERNA TRANSP.  12-75MM  COD. 13860,UND,10777364,23/02/2029,1
0004,C2400,04,21895-1386,,30.000,BOLSA PARA OSTOMIA  ALTERNA TRANSP.  12-75MM  COD. 13860,UND,10777365,23/02/2029,1
0004,C2400,04,21895-1386,,30.000,BOLSA PARA OSTOMIA  ALTERNA TRANSP.  12-75MM  COD. 13860,UND,10777366,23/02/2029,1
0004,C2400,04,21895-1386,,30.000,BOLSA PARA OSTOMIA  ALTERNA TRANSP.  12-75MM  COD. 13860,UND,10777367,15/02/2029,1
0004,C2400,04,21895-1386,,30.000,BOLSA PARA OSTOMIA  ALTERNA TRANSP.  12-75MM  COD. 13860,UND,10777368,24/02/2029,1
0004,C2400,04,21895-1386,,30.000,BOLSA PARA OSTOMIA  ALTERNA TRANSP.  12-75MM  COD. 13860,UND,10777369,25/02/2029,1
0004,C2400,04,21895-1386,,30.000,BOLSA PARA OSTOMIA  ALTERNA TRANSP.  12-75MM  COD. 13860,UND,10777370,25/02/2029,1
0004,C2400,04,21895-1386,,30.000,BOLSA PARA OSTOMIA  ALTERNA TRANSP.  12-75MM  COD. 13860,UND,10777371,24/02/2029,1
0004,C2400,04,21895-1386,,30.000,BOLSA PARA OSTOMIA  ALTERNA TRANSP.  12-75MM  COD. 13860,UND,10777372,24/02/2029,1
0004,C2400,04,21895-1386,,30.000,BOLSA PARA OSTOMIA  ALTERNA TRANSP.  12-75MM  COD. 13860,UND,8781794,08/09/2025,1
0004,C2400,04,21895-1386,,30.000,BOLSA PARA OSTOMIA  ALTERNA TRANSP.  12-75MM  COD. 13860,UND,8781795,18/09/2025,1
0004,C2400,04,21895-1386,,30.000,BOLSA PARA OSTOMIA  ALTERNA TRANSP.  12-75MM  COD. 13860,UND,8781796,08/09/2025,1
0004,C2400,04,21895-1386,,30.000,BOLSA PARA OSTOMIA  ALTERNA TRANSP.  12-75MM  COD. 13860,UND,8781797,08/09/2025,1
0004,C2400,04,21895-1386,,30.000,BOLSA PARA OSTOMIA  ALTERNA TRANSP.  12-75MM  COD. 13860,UND,8781798,11/09/2025,1
0004,C2400,04,21895-1386,,30.000,BOLSA PARA OSTOMIA  ALTERNA TRANSP.  12-75MM  COD. 13860,UND,8781799,11/09/2025,1
0004,C2400,04,21895-1386,,30.000,BOLSA PARA OSTOMIA  ALTERNA TRANSP.  12-75MM  COD. 13860,UND,8781800,11/09/2025,1
0004,C2400,04,21895-1386,,30.000,BOLSA PARA OSTOMIA  ALTERNA TRANSP.  12-75MM  COD. 13860,UND,8781801,12/09/2025,1
0004,C2400,04,21895-1386,,30.000,BOLSA PARA OSTOMIA  ALTERNA TRANSP.  12-75MM  COD. 13860,UND,8781802,12/09/2025,1
0004,C2400,04,21895-1386,,30.000,BOLSA PARA OSTOMIA  ALTERNA TRANSP.  12-75MM  COD. 13860,UND,8781803,12/09/2025,1
0004,C2400,04,21895-1386,,30.000,BOLSA PARA OSTOMIA  ALTERNA TRANSP.  12-75MM  COD. 13860,UND,8894753,15/11/2025,1
0004,C2400,04,21895-1386,,30.000,BOLSA PARA OSTOMIA  ALTERNA TRANSP.  12-75MM  COD. 13860,UND,8894754,15/11/2025,1
0004,C2400,04,21895-1386,,30.000,BOLSA PARA OSTOMIA  ALTERNA TRANSP.  12-75MM  COD. 13860,UND,8894755,15/11/2025,1
0004,C2400,04,21895-1386,,30.000,BOLSA PARA OSTOMIA  ALTERNA TRANSP.  12-75MM  COD. 13860,UND,8894756,16/11/2025,1
0004,C2400,04,21895-1386,,30.000,BOLSA PARA OSTOMIA  ALTERNA TRANSP.  12-75MM  COD. 13860,UND,8894757,16/11/2025,1
0004,C2400,04,21895-1386,,30.000,BOLSA PARA OSTOMIA  ALTERNA TRANSP.  12-75MM  COD. 13860,UND,8894758,16/11/2025,1
0004,C2400,04,21895-1386,,30.000,BOLSA PARA OSTOMIA  ALTERNA TRANSP.  12-75MM  COD. 13860,UND,8894759,16/11/2025,1
0004,C2400,04,21895-1386,,30.000,BOLSA PARA OSTOMIA  ALTERNA TRANSP.  12-75MM  COD. 13860,UND,8894760,17/11/2025,1
0004,C2400,04,21895-1386,,30.000,BOLSA PARA OSTOMIA  ALTERNA TRANSP.  12-75MM  COD. 13860,UND,8894761,17/11/2025,1
0004,C2400,04,21895-1386,,30.000,BOLSA PARA OSTOMIA  ALTERNA TRANSP.  12-75MM  COD. 13860,UND,8894762,17/11/2025,1
0004,C2400,04,21895-1386,,30.000,BOLSA PARA OSTOMIA  ALTERNA TRANSP.  12-75MM  COD. 13860,UND,8919309,08/12/2025,1
0004,C2400,04,21895-1386,,30.000,BOLSA PARA OSTOMIA  ALTERNA TRANSP.  12-75MM  COD. 13860,UND,8919310,09/12/2025,1
0004,C2400,04,21895-1386,,30.000,BOLSA PARA OSTOMIA  ALTERNA TRANSP.  12-75MM  COD. 13860,UND,8919311,09/12/2025,1
0004,C2400,04,21895-1386,,30.000,BOLSA PARA OSTOMIA  ALTERNA TRANSP.  12-75MM  COD. 13860,UND,8919312,09/12/2025,1
0004,C2400,04,21895-1386,,30.000,BOLSA PARA OSTOMIA  ALTERNA TRANSP.  12-75MM  COD. 13860,UND,8919313,11/12/2025,1
0004,C2400,04,21895-1386,,30.000,BOLSA PARA OSTOMIA  ALTERNA TRANSP.  12-75MM  COD. 13860,UND,8919314,11/12/2025,1
0004,C2400,04,21895-1386,,30.000,BOLSA PARA OSTOMIA  ALTERNA TRANSP.  12-75MM  COD. 13860,UND,8919315,12/12/2025,1
0004,C2400,04,21895-1386,,30.000,BOLSA PARA OSTOMIA  ALTERNA TRANSP.  12-75MM  COD. 13860,UND,8919316,12/12/2025,1
0004,C2400,04,21895-1386,,30.000,BOLSA PARA OSTOMIA  ALTERNA TRANSP.  12-75MM  COD. 13860,UND,8919317,12/12/2025,1
0004,C2400,04,21895-1386,,30.000,BOLSA PARA OSTOMIA  ALTERNA TRANSP.  12-75MM  COD. 13860,UND,8919318,12/12/2025,1
0004,C2400,04,21895-1386,,30.000,BOLSA PARA OSTOMIA  ALTERNA TRANSP.  12-75MM  COD. 13860,UND,8950264,05/01/2026,1
0004,C2400,04,21895-1386,,30.000,BOLSA PARA OSTOMIA  ALTERNA TRANSP.  12-75MM  COD. 13860,UND,8950265,15/01/2026,1
0004,C2400,04,21895-1386,,30.000,BOLSA PARA OSTOMIA  ALTERNA TRANSP.  12-75MM  COD. 13860,UND,8950266,15/01/2026,1
0004,C2400,04,21895-1386,,30.000,BOLSA PARA OSTOMIA  ALTERNA TRANSP.  12-75MM  COD. 13860,UND,8950267,15/01/2026,1
0004,C2400,04,21895-1386,,30.000,BOLSA PARA OSTOMIA  ALTERNA TRANSP.  12-75MM  COD. 13860,UND,8950268,05/01/2026,1
0004,C2400,04,21895-1386,,30.000,BOLSA PARA OSTOMIA  ALTERNA TRANSP.  12-75MM  COD. 13860,UND,8950269,16/01/2026,1
0004,C2400,04,21895-1386,,30.000,BOLSA PARA OSTOMIA  ALTERNA TRANSP.  12-75MM  COD. 13860,UND,8950270,16/01/2026,1
0004,C2400,04,21895-1386,,30.000,BOLSA PARA OSTOMIA  ALTERNA TRANSP.  12-75MM  COD. 13860,UND,8950271,16/01/2026,1
0004,C2400,04,21895-1386,,30.000,BOLSA PARA OSTOMIA  ALTERNA TRANSP.  12-75MM  COD. 13860,UND,8950272,16/01/2026,1
0004,C2400,04,21895-1386,,30.000,BOLSA PARA OSTOMIA  ALTERNA TRANSP.  12-75MM  COD. 13860,UND,8950273,16/01/2026,1
0004,C2400,04,21895-1386,,30.000,BOLSA PARA OSTOMIA  ALTERNA TRANSP.  12-75MM  COD. 13860,UND,9038347,24/02/2026,1
0004,C2400,04,21895-1386,,30.000,BOLSA PARA OSTOMIA  ALTERNA TRANSP.  12-75MM  COD. 13860,UND,9038348,24/02/2026,1
0004,C2400,04,21895-1386,,30.000,BOLSA PARA OSTOMIA  ALTERNA TRANSP.  12-75MM  COD. 13860,UND,9038349,26/02/2026,1
0004,C2400,04,21895-1386,,30.000,BOLSA PARA OSTOMIA  ALTERNA TRANSP.  12-75MM  COD. 13860,UND,9038350,26/02/2026,1
0004,C2400,04,21895-1386,,30.000,BOLSA PARA OSTOMIA  ALTERNA TRANSP.  12-75MM  COD. 13860,UND,9038351,26/02/2026,1
0004,C2400,04,21895-1386,,30.000,BOLSA PARA OSTOMIA  ALTERNA TRANSP.  12-75MM  COD. 13860,UND,9038352,26/02/2026,1
0004,C2400,04,21895-1386,,30.000,BOLSA PARA OSTOMIA  ALTERNA TRANSP.  12-75MM  COD. 13860,UND,9038353,26/02/2026,1
0004,C2400,04,21895-1386,,30.000,BOLSA PARA OSTOMIA  ALTERNA TRANSP.  12-75MM  COD. 13860,UND,9038354,27/02/2026,1
0004,C2400,04,21895-1386,,30.000,BOLSA PARA OSTOMIA  ALTERNA TRANSP.  12-75MM  COD. 13860,UND,9038355,27/02/2026,1
0004,C2400,04,21895-1386,,30.000,BOLSA PARA OSTOMIA  ALTERNA TRANSP.  12-75MM  COD. 13860,UND,9038356,27/02/2026,1
0004,C2400,04,21895-1386,,30.000,BOLSA PARA OSTOMIA  ALTERNA TRANSP.  12-75MM  COD. 13860,UND,9038357,28/02/2026,1
0004,C2400,04,21895-1386,,30.000,BOLSA PARA OSTOMIA  ALTERNA TRANSP.  12-75MM  COD. 13860,UND,9038358,28/02/2026,1
0004,C2400,04,21895-1386,,30.000,BOLSA PARA OSTOMIA  ALTERNA TRANSP.  12-75MM  COD. 13860,UND,9038359,28/02/2026,1
0004,C2400,04,21895-1386,,30.000,BOLSA PARA OSTOMIA  ALTERNA TRANSP.  12-75MM  COD. 13860,UND,9077649,26/03/2026,1
0004,C2400,04,21895-1386,,30.000,BOLSA PARA OSTOMIA  ALTERNA TRANSP.  12-75MM  COD. 13860,UND,9077650,26/03/2026,1
0004,C2400,04,21895-1386,,30.000,BOLSA PARA OSTOMIA  ALTERNA TRANSP.  12-75MM  COD. 13860,UND,9077651,26/03/2026,1
0004,C2400,04,21895-1386,,30.000,BOLSA PARA OSTOMIA  ALTERNA TRANSP.  12-75MM  COD. 13860,UND,9077652,27/03/2026,1
0004,C2400,04,21895-1386,,30.000,BOLSA PARA OSTOMIA  ALTERNA TRANSP.  12-75MM  COD. 13860,UND,9077653,27/03/2026,1
0004,C2400,04,21895-1386,,30.000,BOLSA PARA OSTOMIA  ALTERNA TRANSP.  12-75MM  COD. 13860,UND,9077654,27/03/2026,1
0004,C2400,04,21895-1386,,30.000,BOLSA PARA OSTOMIA  ALTERNA TRANSP.  12-75MM  COD. 13860,UND,9077655,27/03/2026,1
0004,C2400,04,21895-1386,,30.000,BOLSA PARA OSTOMIA  ALTERNA TRANSP.  12-75MM  COD. 13860,UND,9077656,28/03/2026,1
0004,C2400,04,21895-1386,,30.000,BOLSA PARA OSTOMIA  ALTERNA TRANSP.  12-75MM  COD. 13860,UND,9077657,29/03/2026,1
0004,C2400,04,21895-1386,,30.000,BOLSA PARA OSTOMIA  ALTERNA TRANSP.  12-75MM  COD. 13860,UND,9077658,29/03/2026,1
0004,C2400,04,21895-1386,,30.000,BOLSA PARA OSTOMIA  ALTERNA TRANSP.  12-75MM  COD. 13860,UND,9077659,29/03/2026,1
0004,C2400,04,21895-1386,,30.000,BOLSA PARA OSTOMIA  ALTERNA TRANSP.  12-75MM  COD. 13860,UND,9077660,29/03/2026,1
0004,C2400,04,21895-1386,,30.000,BOLSA PARA OSTOMIA  ALTERNA TRANSP.  12-75MM  COD. 13860,UND,9077661,29/03/2026,1
0004,C2400,04,21895-1386,,30.000,BOLSA PARA OSTOMIA  ALTERNA TRANSP.  12-75MM  COD. 13860,UND,9299116,21/08/2026,1
0004,C2400,04,21895-1386,,30.000,BOLSA PARA OSTOMIA  ALTERNA TRANSP.  12-75MM  COD. 13860,UND,9299117,21/08/2026,1
0004,C2400,04,21895-1386,,30.000,BOLSA PARA OSTOMIA  ALTERNA TRANSP.  12-75MM  COD. 13860,UND,9299118,20/08/2026,1
0004,C2400,04,21895-1386,,30.000,BOLSA PARA OSTOMIA  ALTERNA TRANSP.  12-75MM  COD. 13860,UND,9299119,20/08/2026,1
0004,C2400,04,21895-1386,,30.000,BOLSA PARA OSTOMIA  ALTERNA TRANSP.  12-75MM  COD. 13860,UND,9299120,20/08/2026,1
0004,C2400,04,21895-1386,,30.000,BOLSA PARA OSTOMIA  ALTERNA TRANSP.  12-75MM  COD. 13860,UND,9299121,20/08/2026,1
0004,C2400,04,21895-1386,,30.000,BOLSA PARA OSTOMIA  ALTERNA TRANSP.  12-75MM  COD. 13860,UND,9299122,20/08/2026,1
0004,C2400,04,21895-1386,,30.000,BOLSA PARA OSTOMIA  ALTERNA TRANSP.  12-75MM  COD. 13860,UND,9299123,20/08/2026,1
0004,C2400,04,21895-1386,,30.000,BOLSA PARA OSTOMIA  ALTERNA TRANSP.  12-75MM  COD. 13860,UND,9299124,16/08/2026,1
0004,C2400,04,21895-1386,,30.000,BOLSA PARA OSTOMIA  ALTERNA TRANSP.  12-75MM  COD. 13860,UND,9299125,16/08/2026,1
0004,C2400,04,21895-1386,,30.000,BOLSA PARA OSTOMIA  ALTERNA TRANSP.  12-75MM  COD. 13860,UND,9299126,15/08/2026,1
0004,C2400,04,21895-1386,,30.000,BOLSA PARA OSTOMIA  ALTERNA TRANSP.  12-75MM  COD. 13860,UND,9299127,15/08/2026,1
0004,C2400,04,21895-1386,,30.000,BOLSA PARA OSTOMIA  ALTERNA TRANSP.  12-75MM  COD. 13860,UND,9299128,15/08/2026,1
0004,C2400,04,21895-1386,,30.000,BOLSA PARA OSTOMIA  ALTERNA TRANSP.  12-75MM  COD. 13860,UND,9336848,23/08/2026,1
0004,C2400,04,21895-1386,,30.000,BOLSA PARA OSTOMIA  ALTERNA TRANSP.  12-75MM  COD. 13860,UND,9336849,23/08/2026,1
0004,C2400,04,21895-1386,,30.000,BOLSA PARA OSTOMIA  ALTERNA TRANSP.  12-75MM  COD. 13860,UND,9336850,23/08/2026,1
0004,C2400,04,21895-1386,,30.000,BOLSA PARA OSTOMIA  ALTERNA TRANSP.  12-75MM  COD. 13860,UND,9336851,23/08/2026,1
0004,C2400,04,21895-1386,,30.000,BOLSA PARA OSTOMIA  ALTERNA TRANSP.  12-75MM  COD. 13860,UND,9336852,23/08/2026,1
0004,C2400,04,21895-1386,,30.000,BOLSA PARA OSTOMIA  ALTERNA TRANSP.  12-75MM  COD. 13860,UND,9336853,23/08/2026,1
0004,C2400,04,21895-1386,,30.000,BOLSA PARA OSTOMIA  ALTERNA TRANSP.  12-75MM  COD. 13860,UND,9336854,23/08/2026,1
0004,C2400,04,21895-1386,,30.000,BOLSA PARA OSTOMIA  ALTERNA TRANSP.  12-75MM  COD. 13860,UND,9336855,23/08/2026,1
0004,C2400,04,21895-1386,,30.000,BOLSA PARA OSTOMIA  ALTERNA TRANSP.  12-75MM  COD. 13860,UND,9435603,27/11/2026,1
0004,C2400,04,21895-1386,,30.000,BOLSA PARA OSTOMIA  ALTERNA TRANSP.  12-75MM  COD. 13860,UND,9435604,29/11/2026,1
0004,C2400,04,21895-1386,,30.000,BOLSA PARA OSTOMIA  ALTERNA TRANSP.  12-75MM  COD. 13860,UND,9435605,29/11/2026,1
0004,C2400,04,21895-1386,,30.000,BOLSA PARA OSTOMIA  ALTERNA TRANSP.  12-75MM  COD. 13860,UND,9435606,29/11/2026,1
0004,C2400,04,21895-1386,,30.000,BOLSA PARA OSTOMIA  ALTERNA TRANSP.  12-75MM  COD. 13860,UND,9435607,29/11/2026,1
0004,C2400,04,21895-1386,,30.000,BOLSA PARA OSTOMIA  ALTERNA TRANSP.  12-75MM  COD. 13860,UND,9435608,28/11/2026,1
0004,C2400,04,21895-1386,,30.000,BOLSA PARA OSTOMIA  ALTERNA TRANSP.  12-75MM  COD. 13860,UND,9435609,28/11/2026,1
0004,C2400,04,21895-1386,,30.000,BOLSA PARA OSTOMIA  ALTERNA TRANSP.  12-75MM  COD. 13860,UND,9435610,28/11/2026,1
0004,C2400,04,21895-1386,,30.000,BOLSA PARA OSTOMIA  ALTERNA TRANSP.  12-75MM  COD. 13860,UND,9435611,28/11/2026,1
0004,C2400,04,21895-1386,,30.000,BOLSA PARA OSTOMIA  ALTERNA TRANSP.  12-75MM  COD. 13860,UND,9435612,28/11/2026,1
0004,C2400,04,21895-1386,,30.000,BOLSA PARA OSTOMIA  ALTERNA TRANSP.  12-75MM  COD. 13860,UND,9435613,27/11/2026,1
0004,C2400,04,21895-1386,,30.000,BOLSA PARA OSTOMIA  ALTERNA TRANSP.  12-75MM  COD. 13860,UND,9435614,27/11/2026,1
0004,C2400,04,21895-1386,,30.000,BOLSA PARA OSTOMIA  ALTERNA TRANSP.  12-75MM  COD. 13860,UND,9435615,27/11/2026,1
0004,C2400,04,21895-1386,,30.000,BOLSA PARA OSTOMIA  ALTERNA TRANSP.  12-75MM  COD. 13860,UND,9435616,27/11/2026,1
0004,C2400,04,21895-1386,,30.000,BOLSA PARA OSTOMIA  ALTERNA TRANSP.  12-75MM  COD. 13860,UND,9435617,27/11/2026,1
0004,C2400,04,21895-1386,,30.000,BOLSA PARA OSTOMIA  ALTERNA TRANSP.  12-75MM  COD. 13860,UND,9435618,27/11/2026,1
0004,C2400,04,21895-1386,,30.000,BOLSA PARA OSTOMIA  ALTERNA TRANSP.  12-75MM  COD. 13860,UND,9449744,30/11/2026,1
0004,C2400,04,21895-1386,,30.000,BOLSA PARA OSTOMIA  ALTERNA TRANSP.  12-75MM  COD. 13860,UND,9449745,06/12/2026,1
0004,C2400,04,21895-1386,,30.000,BOLSA PARA OSTOMIA  ALTERNA TRANSP.  12-75MM  COD. 13860,UND,9449746,06/12/2026,1
0004,C2400,04,21895-1386,,30.000,BOLSA PARA OSTOMIA  ALTERNA TRANSP.  12-75MM  COD. 13860,UND,9449747,04/12/2026,1
0004,C2400,04,21895-1386,,30.000,BOLSA PARA OSTOMIA  ALTERNA TRANSP.  12-75MM  COD. 13860,UND,9449748,06/12/2026,1
0004,C2400,04,21895-1386,,30.000,BOLSA PARA OSTOMIA  ALTERNA TRANSP.  12-75MM  COD. 13860,UND,9449749,05/12/2026,1
0004,C2400,04,21895-1386,,30.000,BOLSA PARA OSTOMIA  ALTERNA TRANSP.  12-75MM  COD. 13860,UND,9449750,05/12/2026,1
0004,C2400,04,21895-1386,,30.000,BOLSA PARA OSTOMIA  ALTERNA TRANSP.  12-75MM  COD. 13860,UND,9449751,05/12/2026,1
0004,C2400,04,21895-1386,,30.000,BOLSA PARA OSTOMIA  ALTERNA TRANSP.  12-75MM  COD. 13860,UND,9449752,04/12/2026,1
0004,C2400,04,21895-1386,,30.000,BOLSA PARA OSTOMIA  ALTERNA TRANSP.  12-75MM  COD. 13860,UND,9449753,04/12/2026,1
0004,C2400,04,21895-1386,,30.000,BOLSA PARA OSTOMIA  ALTERNA TRANSP.  12-75MM  COD. 13860,UND,9449754,04/12/2026,1
0004,C2400,04,21895-1386,,30.000,BOLSA PARA OSTOMIA  ALTERNA TRANSP.  12-75MM  COD. 13860,UND,9449755,04/12/2026,1
0004,C2400,04,21895-1386,,30.000,BOLSA PARA OSTOMIA  ALTERNA TRANSP.  12-75MM  COD. 13860,UND,9449756,04/12/2026,1
0004,C2400,04,21895-1386,,30.000,BOLSA PARA OSTOMIA  ALTERNA TRANSP.  12-75MM  COD. 13860,UND,9449757,04/12/2026,1
0004,C2400,04,21895-1386,,30.000,BOLSA PARA OSTOMIA  ALTERNA TRANSP.  12-75MM  COD. 13860,UND,9449758,04/12/2026,1
0004,C2400,04,21895-1386,,30.000,BOLSA PARA OSTOMIA  ALTERNA TRANSP.  12-75MM  COD. 13860,UND,9449759,01/12/2026,1
0004,C2400,04,21895-1386,,30.000,BOLSA PARA OSTOMIA  ALTERNA TRANSP.  12-75MM  COD. 13860,UND,9449760,01/12/2026,1
0004,C2400,04,21895-1386,,30.000,BOLSA PARA OSTOMIA  ALTERNA TRANSP.  12-75MM  COD. 13860,UND,9449761,01/12/2026,1
0004,C2400,04,21895-1386,,30.000,BOLSA PARA OSTOMIA  ALTERNA TRANSP.  12-75MM  COD. 13860,UND,9449762,30/11/2026,1
0004,C2400,04,21895-1386,,30.000,BOLSA PARA OSTOMIA  ALTERNA TRANSP.  12-75MM  COD. 13860,UND,9449763,30/11/2026,1
0004,C2400,04,21895-1386,,30.000,BOLSA PARA OSTOMIA  ALTERNA TRANSP.  12-75MM  COD. 13860,UND,9449764,30/11/2026,1
0004,C2400,04,21895-1386,,30.000,BOLSA PARA OSTOMIA  ALTERNA TRANSP.  12-75MM  COD. 13860,UND,9449765,06/12/2026,1
0004,C2400,04,21895-1386,,30.000,BOLSA PARA OSTOMIA  ALTERNA TRANSP.  12-75MM  COD. 13860,UND,9449766,06/12/2026,1
0004,C2400,04,21895-1386,,30.000,BOLSA PARA OSTOMIA  ALTERNA TRANSP.  12-75MM  COD. 13860,UND,9449767,06/12/2026,1
0004,C2400,04,21895-1386,,30.000,BOLSA PARA OSTOMIA  ALTERNA TRANSP.  12-75MM  COD. 13860,UND,9449768,05/12/2026,1
0004,C2400,04,21895-1386,,30.000,BOLSA PARA OSTOMIA  ALTERNA TRANSP.  12-75MM  COD. 13860,UND,9449769,09/01/2027,1
0004,C2400,04,21895-1386,,30.000,BOLSA PARA OSTOMIA  ALTERNA TRANSP.  12-75MM  COD. 13860,UND,9449770,08/01/2027,1
0004,C2400,04,21895-1386,,30.000,BOLSA PARA OSTOMIA  ALTERNA TRANSP.  12-75MM  COD. 13860,UND,9449771,09/01/2027,1
0004,C2400,04,21895-1386,,30.000,BOLSA PARA OSTOMIA  ALTERNA TRANSP.  12-75MM  COD. 13860,UND,9449772,09/01/2027,1
0004,C2400,04,21895-1386,,30.000,BOLSA PARA OSTOMIA  ALTERNA TRANSP.  12-75MM  COD. 13860,UND,9449773,09/01/2027,1
0004,C2400,04,21895-1386,,30.000,BOLSA PARA OSTOMIA  ALTERNA TRANSP.  12-75MM  COD. 13860,UND,9449774,09/01/2027,1
0004,C2400,04,21895-1386,,30.000,BOLSA PARA OSTOMIA  ALTERNA TRANSP.  12-75MM  COD. 13860,UND,9449775,08/01/2027,1
0004,C2400,04,21895-1386,,30.000,BOLSA PARA OSTOMIA  ALTERNA TRANSP.  12-75MM  COD. 13860,UND,9449776,08/01/2027,1
0004,C2400,04,21895-1386,,30.000,BOLSA PARA OSTOMIA  ALTERNA TRANSP.  12-75MM  COD. 13860,UND,9449777,08/01/2027,1
0004,C2400,04,21895-1386,,30.000,BOLSA PARA OSTOMIA  ALTERNA TRANSP.  12-75MM  COD. 13860,UND,9449778,08/01/2027,1
0004,C2400,04,21895-1386,,30.000,BOLSA PARA OSTOMIA  ALTERNA TRANSP.  12-75MM  COD. 13860,UND,9488100,08/01/2027,1
0004,C2400,04,21895-1386,,30.000,BOLSA PARA OSTOMIA  ALTERNA TRANSP.  12-75MM  COD. 13860,UND,9488101,07/01/2027,1
0004,C2400,04,21895-1386,,30.000,BOLSA PARA OSTOMIA  ALTERNA TRANSP.  12-75MM  COD. 13860,UND,9488102,07/01/2027,1
0004,C2400,04,21895-1386,,30.000,BOLSA PARA OSTOMIA  ALTERNA TRANSP.  12-75MM  COD. 13860,UND,9488103,07/01/2027,1
0004,C2400,04,21895-1386,,30.000,BOLSA PARA OSTOMIA  ALTERNA TRANSP.  12-75MM  COD. 13860,UND,9488104,07/01/2027,1
0004,C2400,04,21895-1386,,30.000,BOLSA PARA OSTOMIA  ALTERNA TRANSP.  12-75MM  COD. 13860,UND,9488105,07/01/2027,1
0004,C2400,04,21895-1386,,30.000,BOLSA PARA OSTOMIA  ALTERNA TRANSP.  12-75MM  COD. 13860,UND,9488106,05/01/2027,1
0004,C2400,04,21895-1386,,30.000,BOLSA PARA OSTOMIA  ALTERNA TRANSP.  12-75MM  COD. 13860,UND,9488107,04/01/2027,1
0004,C2400,04,21895-1386,,30.000,BOLSA PARA OSTOMIA  ALTERNA TRANSP.  12-75MM  COD. 13860,UND,9488108,04/01/2027,1
0004,C2400,04,21895-1386,,30.000,BOLSA PARA OSTOMIA  ALTERNA TRANSP.  12-75MM  COD. 13860,UND,9488109,04/01/2027,1
0004,C2400,04,21895-1386,,30.000,BOLSA PARA OSTOMIA  ALTERNA TRANSP.  12-75MM  COD. 13860,UND,9488110,04/01/2027,1
0004,C2400,04,21895-1386,,30.000,BOLSA PARA OSTOMIA  ALTERNA TRANSP.  12-75MM  COD. 13860,UND,9488111,04/01/2027,1
0004,C2400,04,21895-1386,,30.000,BOLSA PARA OSTOMIA  ALTERNA TRANSP.  12-75MM  COD. 13860,UND,9488112,04/01/2027,1
0004,C2400,04,21895-1386,,30.000,BOLSA PARA OSTOMIA  ALTERNA TRANSP.  12-75MM  COD. 13860,UND,9488113,03/01/2027,1
0004,C2400,04,21895-1386,,30.000,BOLSA PARA OSTOMIA  ALTERNA TRANSP.  12-75MM  COD. 13860,UND,9488114,03/01/2027,1
0004,C2400,04,21895-1386,,30.000,BOLSA PARA OSTOMIA  ALTERNA TRANSP.  12-75MM  COD. 13860,UND,9488115,03/01/2027,1
0004,C2400,04,21895-1386,,30.000,BOLSA PARA OSTOMIA  ALTERNA TRANSP.  12-75MM  COD. 13860,UND,9488116,02/01/2027,1
0004,C2400,04,21895-1386,,30.000,BOLSA PARA OSTOMIA  ALTERNA TRANSP.  12-75MM  COD. 13860,UND,9488117,02/01/2027,1
0004,C2400,04,21895-1386,,30.000,BOLSA PARA OSTOMIA  ALTERNA TRANSP.  12-75MM  COD. 13860,UND,9488118,02/01/2027,1
0004,C2400,04,21895-1386,,30.000,BOLSA PARA OSTOMIA  ALTERNA TRANSP.  12-75MM  COD. 13860,UND,9488119,10/12/2026,1
0004,C2400,04,21895-1386,,30.000,BOLSA PARA OSTOMIA  ALTERNA TRANSP.  12-75MM  COD. 13860,UND,9488120,10/12/2026,1
0004,C2400,04,21895-1386,,30.000,BOLSA PARA OSTOMIA  ALTERNA TRANSP.  12-75MM  COD. 13860,UND,9488121,10/12/2026,1
0004,C2400,04,21895-1386,,30.000,BOLSA PARA OSTOMIA  ALTERNA TRANSP.  12-75MM  COD. 13860,UND,9488122,10/12/2026,1
0004,C2400,04,21895-1386,,30.000,BOLSA PARA OSTOMIA  ALTERNA TRANSP.  12-75MM  COD. 13860,UND,9488123,08/12/2026,1
0004,C2400,04,21895-1386,,30.000,BOLSA PARA OSTOMIA  ALTERNA TRANSP.  12-75MM  COD. 13860,UND,9488124,08/12/2026,1
0004,C2400,04,21895-1386,,30.000,BOLSA PARA OSTOMIA  ALTERNA TRANSP.  12-75MM  COD. 13860,UND,9609207,21/02/2027,1
0004,C2400,04,21895-1386,,30.000,BOLSA PARA OSTOMIA  ALTERNA TRANSP.  12-75MM  COD. 13860,UND,9609208,27/02/2027,1
0004,C2400,04,21895-1386,,30.000,BOLSA PARA OSTOMIA  ALTERNA TRANSP.  12-75MM  COD. 13860,UND,9609209,27/02/2027,1
0004,C2400,04,21895-1386,,30.000,BOLSA PARA OSTOMIA  ALTERNA TRANSP.  12-75MM  COD. 13860,UND,9609210,27/02/2027,1
0004,C2400,04,21895-1386,,30.000,BOLSA PARA OSTOMIA  ALTERNA TRANSP.  12-75MM  COD. 13860,UND,9609211,27/02/2027,1
0004,C2400,04,21895-1386,,30.000,BOLSA PARA OSTOMIA  ALTERNA TRANSP.  12-75MM  COD. 13860,UND,9609212,25/02/2027,1
0004,C2400,04,21895-1386,,30.000,BOLSA PARA OSTOMIA  ALTERNA TRANSP.  12-75MM  COD. 13860,UND,9609213,25/02/2027,1
0004,C2400,04,21895-1386,,30.000,BOLSA PARA OSTOMIA  ALTERNA TRANSP.  12-75MM  COD. 13860,UND,9609214,25/02/2027,1
0004,C2400,04,21895-1386,,30.000,BOLSA PARA OSTOMIA  ALTERNA TRANSP.  12-75MM  COD. 13860,UND,9609215,26/02/2027,1
0004,C2400,04,21895-1386,,30.000,BOLSA PARA OSTOMIA  ALTERNA TRANSP.  12-75MM  COD. 13860,UND,9609216,26/02/2027,1
0004,C2400,04,21895-1386,,30.000,BOLSA PARA OSTOMIA  ALTERNA TRANSP.  12-75MM  COD. 13860,UND,9609217,26/02/2027,1
0004,C2400,04,21895-1386,,30.000,BOLSA PARA OSTOMIA  ALTERNA TRANSP.  12-75MM  COD. 13860,UND,9609218,26/02/2027,1
0004,C2400,04,21895-1386,,30.000,BOLSA PARA OSTOMIA  ALTERNA TRANSP.  12-75MM  COD. 13860,UND,9609219,26/02/2027,1
0004,C2400,04,21895-1386,,30.000,BOLSA PARA OSTOMIA  ALTERNA TRANSP.  12-75MM  COD. 13860,UND,9609220,26/02/2027,1
0004,C2400,04,21895-1386,,30.000,BOLSA PARA OSTOMIA  ALTERNA TRANSP.  12-75MM  COD. 13860,UND,9609221,27/02/2027,1
0004,C2400,04,21895-1386,,30.000,BOLSA PARA OSTOMIA  ALTERNA TRANSP.  12-75MM  COD. 13860,UND,9609222,27/02/2027,1
0004,C2400,04,21895-1386,,30.000,BOLSA PARA OSTOMIA  ALTERNA TRANSP.  12-75MM  COD. 13860,UND,9609223,27/02/2027,1
0004,C2400,04,21895-1386,,30.000,BOLSA PARA OSTOMIA  ALTERNA TRANSP.  12-75MM  COD. 13860,UND,9609225,27/02/2027,1
0004,C2400,04,21895-1386,,30.000,BOLSA PARA OSTOMIA  ALTERNA TRANSP.  12-75MM  COD. 13860,UND,9609226,27/02/2027,1
0004,C2400,04,21895-1386,,30.000,BOLSA PARA OSTOMIA  ALTERNA TRANSP.  12-75MM  COD. 13860,UND,9609227,22/02/2027,1
0004,C2400,04,21895-1386,,30.000,BOLSA PARA OSTOMIA  ALTERNA TRANSP.  12-75MM  COD. 13860,UND,9609228,22/02/2027,1
0004,C2400,04,21895-1386,,30.000,BOLSA PARA OSTOMIA  ALTERNA TRANSP.  12-75MM  COD. 13860,UND,9609229,22/02/2027,1
0004,C2400,04,21895-1386,,30.000,BOLSA PARA OSTOMIA  ALTERNA TRANSP.  12-75MM  COD. 13860,UND,9609230,22/02/2027,1
0004,C2400,04,21895-1386,,30.000,BOLSA PARA OSTOMIA  ALTERNA TRANSP.  12-75MM  COD. 13860,UND,9609231,22/02/2027,1
0004,C2400,04,21895-1386,,30.000,BOLSA PARA OSTOMIA  ALTERNA TRANSP.  12-75MM  COD. 13860,UND,9609232,25/02/2027,1
0004,C2400,04,21895-1386,,30.000,BOLSA PARA OSTOMIA  ALTERNA TRANSP.  12-75MM  COD. 13860,UND,9687053,07/04/2027,1
0004,C2400,04,21895-1386,,30.000,BOLSA PARA OSTOMIA  ALTERNA TRANSP.  12-75MM  COD. 13860,UND,9687054,07/04/2027,1
0004,C2400,04,21895-1386,,30.000,BOLSA PARA OSTOMIA  ALTERNA TRANSP.  12-75MM  COD. 13860,UND,9687055,07/04/2027,1
0004,C2400,04,21895-1386,,30.000,BOLSA PARA OSTOMIA  ALTERNA TRANSP.  12-75MM  COD. 13860,UND,9687056,08/04/2027,1
0004,C2400,04,21895-1386,,30.000,BOLSA PARA OSTOMIA  ALTERNA TRANSP.  12-75MM  COD. 13860,UND,9687057,08/04/2027,1
0004,C2400,04,21895-1386,,30.000,BOLSA PARA OSTOMIA  ALTERNA TRANSP.  12-75MM  COD. 13860,UND,9687058,08/04/2027,1
0004,C2400,04,21895-1386,,30.000,BOLSA PARA OSTOMIA  ALTERNA TRANSP.  12-75MM  COD. 13860,UND,9687059,08/04/2027,1
0004,C2400,04,21895-1386,,30.000,BOLSA PARA OSTOMIA  ALTERNA TRANSP.  12-75MM  COD. 13860,UND,9687060,08/04/2027,1
0004,C2400,04,21895-1386,,30.000,BOLSA PARA OSTOMIA  ALTERNA TRANSP.  12-75MM  COD. 13860,UND,9687061,08/04/2027,1
0004,C2400,04,21895-1386,,30.000,BOLSA PARA OSTOMIA  ALTERNA TRANSP.  12-75MM  COD. 13860,UND,9687062,09/04/2027,1
0004,C2400,04,21895-1386,,30.000,BOLSA PARA OSTOMIA  ALTERNA TRANSP.  12-75MM  COD. 13860,UND,9687063,09/04/2027,1
0004,C2400,04,21895-1386,,30.000,BOLSA PARA OSTOMIA  ALTERNA TRANSP.  12-75MM  COD. 13860,UND,9687064,10/04/2027,1
0004,C2400,04,21895-1386,,30.000,BOLSA PARA OSTOMIA  ALTERNA TRANSP.  12-75MM  COD. 13860,UND,9687065,10/04/2027,1
0004,C2400,04,21895-1386,,30.000,BOLSA PARA OSTOMIA  ALTERNA TRANSP.  12-75MM  COD. 13860,UND,9687066,10/04/2027,1
0004,C2400,04,21895-1386,,30.000,BOLSA PARA OSTOMIA  ALTERNA TRANSP.  12-75MM  COD. 13860,UND,9687067,10/04/2027,1
0004,C2400,04,21895-1386,,30.000,BOLSA PARA OSTOMIA  ALTERNA TRANSP.  12-75MM  COD. 13860,UND,9687068,10/04/2027,1
0004,C2400,04,21895-1386,,30.000,BOLSA PARA OSTOMIA  ALTERNA TRANSP.  12-75MM  COD. 13860,UND,9687069,10/04/2027,1
0004,C2400,04,21895-1386,,30.000,BOLSA PARA OSTOMIA  ALTERNA TRANSP.  12-75MM  COD. 13860,UND,9687070,10/04/2027,1
0004,C2400,04,21895-1386,,30.000,BOLSA PARA OSTOMIA  ALTERNA TRANSP.  12-75MM  COD. 13860,UND,9687071,11/04/2027,1
0004,C2400,04,21895-1386,,30.000,BOLSA PARA OSTOMIA  ALTERNA TRANSP.  12-75MM  COD. 13860,UND,9687072,11/04/2027,1
0004,C2400,04,21895-1386,,30.000,BOLSA PARA OSTOMIA  ALTERNA TRANSP.  12-75MM  COD. 13860,UND,9687073,12/04/2027,1
0004,C2400,04,21895-1386,,30.000,BOLSA PARA OSTOMIA  ALTERNA TRANSP.  12-75MM  COD. 13860,UND,9687074,12/04/2027,1
0004,C2400,04,21895-1386,,30.000,BOLSA PARA OSTOMIA  ALTERNA TRANSP.  12-75MM  COD. 13860,UND,9687075,14/04/2027,1
0004,C2400,04,21895-1386,,30.000,BOLSA PARA OSTOMIA  ALTERNA TRANSP.  12-75MM  COD. 13860,UND,9687076,14/04/2027,1
0004,C2400,04,21895-1386,,30.000,BOLSA PARA OSTOMIA  ALTERNA TRANSP.  12-75MM  COD. 13860,UND,9687077,14/04/2027,1
0004,C2400,04,21895-1386,,30.000,BOLSA PARA OSTOMIA  ALTERNA TRANSP.  12-75MM  COD. 13860,UND,9745383,22/05/2027,1
0004,C2400,04,21895-1386,,30.000,BOLSA PARA OSTOMIA  ALTERNA TRANSP.  12-75MM  COD. 13860,UND,9745384,02/06/2027,1
0004,C2400,04,21895-1386,,30.000,BOLSA PARA OSTOMIA  ALTERNA TRANSP.  12-75MM  COD. 13860,UND,9745385,28/05/2027,1
0004,C2400,04,21895-1386,,30.000,BOLSA PARA OSTOMIA  ALTERNA TRANSP.  12-75MM  COD. 13860,UND,9745386,27/05/2027,1
0004,C2400,04,21895-1386,,30.000,BOLSA PARA OSTOMIA  ALTERNA TRANSP.  12-75MM  COD. 13860,UND,9745387,27/05/2027,1
0004,C2400,04,21895-1386,,30.000,BOLSA PARA OSTOMIA  ALTERNA TRANSP.  12-75MM  COD. 13860,UND,9745388,27/05/2027,1
0004,C2400,04,21895-1386,,30.000,BOLSA PARA OSTOMIA  ALTERNA TRANSP.  12-75MM  COD. 13860,UND,9745389,26/05/2027,1
0004,C2400,04,21895-1386,,30.000,BOLSA PARA OSTOMIA  ALTERNA TRANSP.  12-75MM  COD. 13860,UND,9745390,26/05/2027,1
0004,C2400,04,21895-1386,,30.000,BOLSA PARA OSTOMIA  ALTERNA TRANSP.  12-75MM  COD. 13860,UND,9745391,26/05/2027,1
0004,C2400,04,21895-1386,,30.000,BOLSA PARA OSTOMIA  ALTERNA TRANSP.  12-75MM  COD. 13860,UND,9745392,26/05/2027,1
0004,C2400,04,21895-1386,,30.000,BOLSA PARA OSTOMIA  ALTERNA TRANSP.  12-75MM  COD. 13860,UND,9745393,23/05/2027,1
0004,C2400,04,21895-1386,,30.000,BOLSA PARA OSTOMIA  ALTERNA TRANSP.  12-75MM  COD. 13860,UND,9745394,23/05/2027,1
0004,C2400,04,21895-1386,,30.000,BOLSA PARA OSTOMIA  ALTERNA TRANSP.  12-75MM  COD. 13860,UND,9745395,23/05/2027,1
0004,C2400,04,21895-1386,,30.000,BOLSA PARA OSTOMIA  ALTERNA TRANSP.  12-75MM  COD. 13860,UND,9745396,23/05/2027,1
0004,C2400,04,21895-1386,,30.000,BOLSA PARA OSTOMIA  ALTERNA TRANSP.  12-75MM  COD. 13860,UND,9745397,23/05/2027,1
0004,C2400,04,21895-1386,,30.000,BOLSA PARA OSTOMIA  ALTERNA TRANSP.  12-75MM  COD. 13860,UND,9745398,22/05/2027,1
0004,C2400,04,21895-1386,,30.000,BOLSA PARA OSTOMIA  ALTERNA TRANSP.  12-75MM  COD. 13860,UND,9745399,22/05/2027,1
0004,C2400,04,21895-1386,,30.000,BOLSA PARA OSTOMIA  ALTERNA TRANSP.  12-75MM  COD. 13860,UND,9745400,22/05/2027,1
0004,C2400,04,21895-1386,,30.000,BOLSA PARA OSTOMIA  ALTERNA TRANSP.  12-75MM  COD. 13860,UND,9745401,30/05/2027,1
0004,C2400,04,21895-1386,,30.000,BOLSA PARA OSTOMIA  ALTERNA TRANSP.  12-75MM  COD. 13860,UND,9745402,28/05/2027,1
0004,C2400,04,21895-1386,,30.000,BOLSA PARA OSTOMIA  ALTERNA TRANSP.  12-75MM  COD. 13860,UND,9745403,28/05/2027,1
0004,C2400,04,21895-1386,,30.000,BOLSA PARA OSTOMIA  ALTERNA TRANSP.  12-75MM  COD. 13860,UND,9745404,27/05/2027,1
0004,C2400,04,21895-1386,,30.000,BOLSA PARA OSTOMIA  ALTERNA TRANSP.  12-75MM  COD. 13860,UND,9745405,27/05/2027,1
0004,C2400,04,21895-1386,,30.000,BOLSA PARA OSTOMIA  ALTERNA TRANSP.  12-75MM  COD. 13860,UND,9745406,27/05/2027,1
0004,C2400,04,21895-1386,,30.000,BOLSA PARA OSTOMIA  ALTERNA TRANSP.  12-75MM  COD. 13860,UND,9745407,26/05/2027,1
0004,C2400,04,21895-1386,,30.000,BOLSA PARA OSTOMIA  ALTERNA TRANSP.  12-75MM  COD. 13860,UND,9840605,21/07/2027,1
0004,C2400,04,21895-1386,,30.000,BOLSA PARA OSTOMIA  ALTERNA TRANSP.  12-75MM  COD. 13860,UND,9840606,29/07/2027,1
0004,C2400,04,21895-1386,,30.000,BOLSA PARA OSTOMIA  ALTERNA TRANSP.  12-75MM  COD. 13860,UND,9840607,29/07/2027,1
0004,C2400,04,21895-1386,,30.000,BOLSA PARA OSTOMIA  ALTERNA TRANSP.  12-75MM  COD. 13860,UND,9840608,29/07/2027,1
0004,C2400,04,21895-1386,,30.000,BOLSA PARA OSTOMIA  ALTERNA TRANSP.  12-75MM  COD. 13860,UND,9840609,21/07/2027,1
0004,C2400,04,21895-1386,,30.000,BOLSA PARA OSTOMIA  ALTERNA TRANSP.  12-75MM  COD. 13860,UND,9840610,31/07/2027,1
0004,C2400,04,21895-1386,,30.000,BOLSA PARA OSTOMIA  ALTERNA TRANSP.  12-75MM  COD. 13860,UND,9840611,30/07/2027,1
0004,C2400,04,21895-1386,,30.000,BOLSA PARA OSTOMIA  ALTERNA TRANSP.  12-75MM  COD. 13860,UND,9840612,30/07/2027,1
0004,C2400,04,21895-1386,,30.000,BOLSA PARA OSTOMIA  ALTERNA TRANSP.  12-75MM  COD. 13860,UND,9840613,30/07/2027,1
0004,C2400,04,21895-1386,,30.000,BOLSA PARA OSTOMIA  ALTERNA TRANSP.  12-75MM  COD. 13860,UND,9840614,30/07/2027,1
0004,C2400,04,21895-1386,,30.000,BOLSA PARA OSTOMIA  ALTERNA TRANSP.  12-75MM  COD. 13860,UND,9840615,29/07/2027,1
0004,C2400,04,21895-1386,,30.000,BOLSA PARA OSTOMIA  ALTERNA TRANSP.  12-75MM  COD. 13860,UND,9840616,29/07/2027,1
0004,C2400,04,21895-1386,,30.000,BOLSA PARA OSTOMIA  ALTERNA TRANSP.  12-75MM  COD. 13860,UND,9840617,28/07/2027,1
0004,C2400,04,21895-1386,,30.000,BOLSA PARA OSTOMIA  ALTERNA TRANSP.  12-75MM  COD. 13860,UND,9840618,28/07/2027,1
0004,C2400,04,21895-1386,,30.000,BOLSA PARA OSTOMIA  ALTERNA TRANSP.  12-75MM  COD. 13860,UND,9840619,26/07/2027,1
0004,C2400,04,21895-1386,,30.000,BOLSA PARA OSTOMIA  ALTERNA TRANSP.  12-75MM  COD. 13860,UND,9840620,26/07/2027,1
0004,C2400,04,21895-1386,,30.000,BOLSA PARA OSTOMIA  ALTERNA TRANSP.  12-75MM  COD. 13860,UND,9840621,26/07/2027,1
0004,C2400,04,21895-1386,,30.000,BOLSA PARA OSTOMIA  ALTERNA TRANSP.  12-75MM  COD. 13860,UND,9840622,24/07/2027,1
0004,C2400,04,21895-1386,,30.000,BOLSA PARA OSTOMIA  ALTERNA TRANSP.  12-75MM  COD. 13860,UND,9840623,24/07/2027,1
0004,C2400,04,21895-1386,,30.000,BOLSA PARA OSTOMIA  ALTERNA TRANSP.  12-75MM  COD. 13860,UND,9840624,24/07/2027,1
0004,C2400,04,21895-1386,,30.000,BOLSA PARA OSTOMIA  ALTERNA TRANSP.  12-75MM  COD. 13860,UND,9840625,23/07/2027,1
0004,C2400,04,21895-1386,,30.000,BOLSA PARA OSTOMIA  ALTERNA TRANSP.  12-75MM  COD. 13860,UND,9840626,23/07/2027,1
0004,C2400,04,21895-1386,,30.000,BOLSA PARA OSTOMIA  ALTERNA TRANSP.  12-75MM  COD. 13860,UND,9840627,23/07/2027,1
0004,C2400,04,21895-1386,,30.000,BOLSA PARA OSTOMIA  ALTERNA TRANSP.  12-75MM  COD. 13860,UND,9840628,22/07/2027,1
0004,C2400,04,21895-1386,,30.000,BOLSA PARA OSTOMIA  ALTERNA TRANSP.  12-75MM  COD. 13860,UND,9840629,22/07/2027,1
0004,C2400,04,21895-1386,,30.000,BOLSA PARA OSTOMIA  ALTERNA TRANSP.  12-75MM  COD. 13860,UND,9888147,25/08/2027,1
0004,C2400,04,21895-1386,,30.000,BOLSA PARA OSTOMIA  ALTERNA TRANSP.  12-75MM  COD. 13860,UND,9888148,02/09/2027,1
0004,C2400,04,21895-1386,,30.000,BOLSA PARA OSTOMIA  ALTERNA TRANSP.  12-75MM  COD. 13860,UND,9888149,02/09/2027,1
0004,C2400,04,21895-1386,,30.000,BOLSA PARA OSTOMIA  ALTERNA TRANSP.  12-75MM  COD. 13860,UND,9888150,01/09/2027,1
0004,C2400,04,21895-1386,,30.000,BOLSA PARA OSTOMIA  ALTERNA TRANSP.  12-75MM  COD. 13860,UND,9888151,01/09/2027,1
0004,C2400,04,21895-1386,,30.000,BOLSA PARA OSTOMIA  ALTERNA TRANSP.  12-75MM  COD. 13860,UND,9888152,30/08/2027,1
0004,C2400,04,21895-1386,,30.000,BOLSA PARA OSTOMIA  ALTERNA TRANSP.  12-75MM  COD. 13860,UND,9888153,30/08/2027,1
0004,C2400,04,21895-1386,,30.000,BOLSA PARA OSTOMIA  ALTERNA TRANSP.  12-75MM  COD. 13860,UND,9888154,29/08/2027,1
0004,C2400,04,21895-1386,,30.000,BOLSA PARA OSTOMIA  ALTERNA TRANSP.  12-75MM  COD. 13860,UND,9888155,29/08/2027,1
0004,C2400,04,21895-1386,,30.000,BOLSA PARA OSTOMIA  ALTERNA TRANSP.  12-75MM  COD. 13860,UND,9888156,29/08/2027,1
0004,C2400,04,21895-1386,,30.000,BOLSA PARA OSTOMIA  ALTERNA TRANSP.  12-75MM  COD. 13860,UND,9888157,28/08/2027,1
0004,C2400,04,21895-1386,,30.000,BOLSA PARA OSTOMIA  ALTERNA TRANSP.  12-75MM  COD. 13860,UND,9888158,28/08/2027,1
0004,C2400,04,21895-1386,,30.000,BOLSA PARA OSTOMIA  ALTERNA TRANSP.  12-75MM  COD. 13860,UND,9888159,28/08/2027,1
0004,C2400,04,21895-1386,,30.000,BOLSA PARA OSTOMIA  ALTERNA TRANSP.  12-75MM  COD. 13860,UND,9888160,28/08/2027,1
0004,C2400,04,21895-1386,,30.000,BOLSA PARA OSTOMIA  ALTERNA TRANSP.  12-75MM  COD. 13860,UND,9888161,28/08/2027,1
0004,C2400,04,21895-1386,,30.000,BOLSA PARA OSTOMIA  ALTERNA TRANSP.  12-75MM  COD. 13860,UND,9888162,27/08/2027,1
0004,C2400,04,21895-1386,,30.000,BOLSA PARA OSTOMIA  ALTERNA TRANSP.  12-75MM  COD. 13860,UND,9888163,26/08/2027,1
0004,C2400,04,21895-1386,,30.000,BOLSA PARA OSTOMIA  ALTERNA TRANSP.  12-75MM  COD. 13860,UND,9888164,26/08/2027,1
0004,C2400,04,21895-1386,,30.000,BOLSA PARA OSTOMIA  ALTERNA TRANSP.  12-75MM  COD. 13860,UND,9888165,27/08/2027,1
0004,C2400,04,21895-1386,,30.000,BOLSA PARA OSTOMIA  ALTERNA TRANSP.  12-75MM  COD. 13860,UND,9888166,27/08/2027,1
0004,C2400,04,21895-1386,,30.000,BOLSA PARA OSTOMIA  ALTERNA TRANSP.  12-75MM  COD. 13860,UND,9888167,27/08/2027,1
0004,C2400,04,21895-1386,,30.000,BOLSA PARA OSTOMIA  ALTERNA TRANSP.  12-75MM  COD. 13860,UND,9888168,27/08/2027,1
0004,C2400,04,21895-1386,,30.000,BOLSA PARA OSTOMIA  ALTERNA TRANSP.  12-75MM  COD. 13860,UND,9888169,27/08/2027,1
0004,C2400,04,21895-1386,,30.000,BOLSA PARA OSTOMIA  ALTERNA TRANSP.  12-75MM  COD. 13860,UND,9888170,26/08/2027,1
0004,C2400,04,21895-1386,,30.000,BOLSA PARA OSTOMIA  ALTERNA TRANSP.  12-75MM  COD. 13860,UND,9888171,26/08/2027,1
0004,C2400,04,21895-13976,,30.000,BOLSA PARA OSTOMIA  ALTERNA 2 PIEZAS ABIERTA COLOPLAST,UND,10193356,10/07/2027,1
0004,C2400,04,21895-13976,,30.000,BOLSA PARA OSTOMIA  ALTERNA 2 PIEZAS ABIERTA COLOPLAST,UND,9004599,30/09/2025,1
0004,C2400,04,21895-13976,,30.000,BOLSA PARA OSTOMIA  ALTERNA 2 PIEZAS ABIERTA COLOPLAST,UND,9772379,30/03/2027,1
0004,C2400,04,21895-8002,8002,30.000,BOLSA D/OSTOMIA ALTERNA UNA PIEZA TRANSP. PEDIATRICA,UND,10193353,04/11/2027,1
0004,C2400,04,21895-8002,8002,30.000,BOLSA D/OSTOMIA ALTERNA UNA PIEZA TRANSP. PEDIATRICA,UND,8702576,29/06/2025,1
0004,C2400,04,21895-8002,8002,30.000,BOLSA D/OSTOMIA ALTERNA UNA PIEZA TRANSP. PEDIATRICA,UND,9004600,02/10/2025,1
0004,C2400,04,21895-8002,8002,30.000,BOLSA D/OSTOMIA ALTERNA UNA PIEZA TRANSP. PEDIATRICA,UND,9799194,25/01/2027,1
0004,C2400,04,284100,284100,30.000,CATETER  SPEEDICATH  CH10  MASCULINO   COLOPLAST,UND,10530675,06/09/2027,1
0004,C2400,04,284100,284100,30.000,CATETER  SPEEDICATH  CH10  MASCULINO   COLOPLAST,UND,10533981,06/09/2027,1
0004,C2400,04,284120,284120,30.000,CATETER  SPEEDICATH  CH12  MASCULINO  COLOPLAST,UND,10523515,01/09/2027,1
0004,C2400,04,284140,284140,30.000,CATETER  SPEEDICATH  CH14  MASCULINO  COLOPLAST,UND,10476690,29/07/2027,1
0004,C2400,04,287080,287080,30.000,CATETER  SPEEDICATH  CH08  PEDIATRICO  COLOPLAST,UND,10481640,02/08/2027,1
0004,C2400,04,287080,287080,30.000,CATETER  SPEEDICATH  CH08  PEDIATRICO  COLOPLAST,UND,10557696,22/09/2027,1
0004,C2400,04,33115,33115,30.000,APOSITO  COMFEEL  PLUS  15x15    COLOPLAST,UND,10337573,07/05/2028,1
0004,C2400,04,33539,33539,30.000,APOSITO TRANSPARENTE COMFEEL PLUS 15x15 COLOPLAST,UND,10740094,01/02/2029,1
0004,C2400,04,3903,3903,30.000,PURILON GEL COMFEEL 25 GR.   COLOPLAST,UND,109746,25/04/2028,1
0004,C2400,04,39636,39636,30.000,APOSITO BIATAIN SILICONE AG  COLOPLAST,UND,10166641,22/01/2028,1
0004,C2400,04,39636,39636,30.000,APOSITO BIATAIN SILICONE AG  COLOPLAST,UND,10768899,02/02/2029,1
0004,C2400,04,39638,39638,30.000,APOSITO BIATAIN SILICONE  AG  COLOPLAST,UND,10738939,14/01/2029,1
0004,C2400,04,39638,39638,30.000,APOSITO BIATAIN SILICONE  AG  COLOPLAST,UND,9728653,18/04/2027,1
0004,C2400,04,39639,39639,30.000,APOSITO BIATAIN SILICONE  Ag  COLOPLAST,UND,9316233,09/07/2026,1
0004,C2400,04,39639,39639,30.000,APOSITO BIATAIN SILICONE  Ag  COLOPLAST,UND,9728654,21/05/2027,1
0004,C2400,04,39640,39640,30.000,APOSITO BIATAIN SILICONE  AG  COLOPLAST,UND,10834477,16/01/2029,1
0004,C2400,04,39640,39640,30.000,APOSITO BIATAIN SILICONE  AG  COLOPLAST,UND,9324888,12/08/2026,1
0004,C2400,04,5585,5585,30.000,BOLSA DE UROSTOMIA MAXI 10-55MM UNA PIEZA  COLOPLAST,UND,10772711,24/11/2028,1
0004,H4316,04,PL3VAE,PL3VAE,30.000,FILTRO DESLEUCOSITADORA PURECELL PL PL3  HAEMONETICS,UND,2558044,06/02/2031,1
0004,JP4316,02,6303-JP,,30.000,SOLUCION ANTICOAGULANTE PARA  AFERESIS 800 ML JP INDUSTRIA,UND,954325,31/08/2027,1
0004,JP4316,02,6303-JP,,30.000,SOLUCION ANTICOAGULANTE PARA  AFERESIS 800 ML JP INDUSTRIA,UND,E074226,30/05/2028,1
0004,999,01,BPFBLA,BPFBLA,30.000,FILTRO DE SANGRE HEMATIES BPFBLA C/BOLSA  GVS,UND,2558030,06/02/2029,1
0004,999,04,RC1VAE,RC1VAE,30.000,FILTRO DE SANGRE/ HEMATIES  RC1VAE SET  GVS,UND,2558054,06/02/2031,1
0005,C2400,04,10351,10351,360.000,BOLSA OST.SENSURA CLICK 2 PC  ABIERTA OPACA MINI ACOP. Ø40MM,UND,9721523,22/02/2027,1
0005,C2400,04,10366,10366,2.000,BOLSA OST. SENSURA CLICK 2 PC  ABIERTA OPACA MAXI ACOP.Ø60MM,UND,9721522,28/02/2027,1
0005,C2400,04,10366,10366,235.000,BOLSA OST. SENSURA CLICK 2 PC  ABIERTA OPACA MAXI ACOP.Ø60MM,UND,10186697,28/01/2028,1
0005,C2400,04,10367,10367,1827.000,BOLSA OST. SENSURA CLICK 2 PC ABIERTA OPACA MAXI ACOP. Ø70MM,UND,10186698,17/11/2027,1
0005,C2400,04,11015,11015,240.000,PLACA BASE SENSURA CLICKXPRO C/OP/CINT.ACOP. Ø 40MM 15-23MM,UND,9721519,25/01/2027,1
0005,C2400,04,11045,11045,533.000,PLACA BASE SENSURA CLICKXPROC/O/P/CINT.ACOP.  Ø70MM  15-53MM,UND,10186700,07/10/2027,1
0005,C2400,04,11812,11812,140.000,BOLSA UROSTOMIA SENSURA 1PC OPACA LIG.CVX MAXI   15-43MM,UND,9721513,15/02/2027,1
0005,C2400,04,12020,12020,160.000,BARRERA LIQUIDA PROTECTOR SKIN BARRIER SPRAY COLOPLAST,UND,89362,29/01/2029,1
0005,C2400,04,13976,13976,425.000,BOLSA PARA OSTOMIA  ALTERNA 2 PIEZAS ABIERTA  COLOPLAST,UND,10186599,02/10/2027,1
0005,C2400,04,15202,15202,455.000,BOLSA OST SENSURA 1PC OPEN C/V OPACA LIGVX C/CO MIDI 15-43MM,UND,10186701,11/06/2027,1
0005,C2400,04,15206,15206,222.000,BOLSA OST. SENSURA 1PC OPEN  TRANSP LIGCX C/CO MAXI 15-43MM,UND,9721517,11/02/2027,1
0005,C2400,04,15251,15251,440.000,BOLSA OST. SENSURA 1PC ABIERTA C/V OPACA C/CO MIDI 10-66MM,UND,9721511,08/02/2027,1
0005,C2400,04,15281,15281,287.000,BOLSA OST. SENSURA 1PC ABIERTA C/V OPACA  C/CO MAXI 10-76MM,UND,10186702,03/12/2027,1
0005,C2400,04,1759,1759,57.000,BOLSA D/UROSTOMIA MAXI TRANSP. 60MM ALTERNA 2 PIEZAS COLOPLA,UND,10186593,02/01/2030,1
0005,C2400,04,17763,17763,80.000,DISCO BASE CONVEXO P/OSTOMIA  2 PIEZAS  COLOPLAST,UND,10186597,01/12/2027,1
0005,C2400,04,21895-1386,,36.000,BOLSA PARA OSTOMIA  ALTERNA TRANSP.  12-75MM  COD. 13860,UND,10186595,15/12/2027,1
0005,C2400,04,28408,20408,250.000,CATETER SPEEDICATH STANDAR  CH08 MASCULINO  COLOPLAST,UND,10500651,14/08/2027,1
0005,C2400,04,28410,28410,215.000,CATETER SPEEDICATH STANDAR  CH10  MASCULINO CLOPLAST,UND,10530675,06/09/2027,1
0005,C2400,04,28412,28412,327.000,CATETER SPEEDICATH STANDAR CH12 MASCULINO COLOPLAST,UND,10523515,01/09/2027,1
0005,C2400,04,28414,28414,1649.000,CATETER SPEEDICATH STANDAR  CH14  MASCULINO COLOPLAST,UND,10476689,29/07/2027,1
0005,C2400,04,28508,28508,276.000,CATETER SPEEDICATH STANDAR  CH08  FEMENINO  COLPLAST,UND,10481635,02/08/2027,1
0005,C2400,04,28510,28510,230.000,CATETER SPEEDICATH STANDAR  CH10  FEMENINO  COLOPLAST,UND,10491920,08/08/2027,1
0005,C2400,04,28512,28512,118.000,CATETER SPEEDICATH  STANDAR CH12  FEMENINO COLOPLAST,UND,10516741,28/08/2027,1
0005,C2400,04,28514,28514,580.000,CATETER SPEEDICATH STANDAR  CH14  FEMENINO  COLOPLAST,UND,10492147,08/08/2027,1
0005,C2400,04,28606,28606,280.000,CATETER SPEEDICATH STANDAR  CH06  NIÑO  COLOPLAST,UND,10533983,05/09/2027,1
0005,C2400,04,28608,28608,280.000,CATETER SPEEDICATH STANDAR  CH08  NIÑO  COLOPLAST,UND,10509580,25/08/2027,1
0005,C2400,04,28706,28706,280.000,CATETER SPEEDICATH STANDAR  CH06  PEDIATRICO  COLOPLAST,UND,10557695,22/09/2027,1
0005,C2400,04,28708,28708,514.000,CATETER SPEEDICATH STANDAR  CH08  PEDIATRICO  COLOPLAST,UND,10557696,22/09/2027,1
0005,C2400,04,33421,33421,119.000,APOSITO BIATAIN HIDROPOLIMERO ADHESIVO  15x15CM  COLOPLAST,UND,10192589,11/02/2028,1
0005,C2400,04,39636,39636,35.000,APOSITO BIATAIN SILICONE AG  COLOPLAST,UND,9787785,30/05/2027,1
0005,C2400,04,39636,39636,320.000,APOSITO BIATAIN SILICONE AG  COLOPLAST,UND,10272577,22/01/2028,1
0005,C2400,04,39637,39637,80.000,APOSITO BIATAIN SILICONE  Ag   COLOPLAST,UND,9787786,03/06/2027,1
0005,C2400,04,39637,39637,480.000,APOSITO BIATAIN SILICONE  Ag   COLOPLAST,UND,10272576,20/02/2028,1
0005,C2400,04,39638,39638,240.000,APOSITO BIATAIN SILICONE  AG  COLOPLAST,UND,10269546,24/02/2028,1
0005,C2400,04,39638,39638,245.000,APOSITO BIATAIN SILICONE  AG  COLOPLAST,UND,9787787,16/06/2027,1
0005,C2400,04,39639,39639,75.000,APOSITO BIATAIN SILICONE  Ag  COLOPLAST,UND,9787788,21/05/2027,1
0007,CA1921,04,65650-083,SP0046/01,36.000,FILTRO BACTERIAL SP0046 P/ASPIRADOR ASKIR 20 / 30,UND,-,,0
0007,CM0706,06,601438,601438,1.000,TARJETA PRINCIPAL CON PANTALLA LCD  CODAN ARGUS,UND,-,,0
0007,C2400,04,05372,05372,1.000,CATETER  EASICATH   FEMENINO CH12  COLOPLAST,UND,9322521,15/08/2026,1
0007,C2400,04,12020,12020,1.000,BARRERA LIQUIDA PROTECTOR SKIN BARRIER SPRAY COLOPLAST,UND,89362,29/01/2029,1
0007,C2400,04,21875-5235,,790.000,COLECTOR  URINARIO EXTERNO CONVEEN CAT. 5235 COLOPLA,UND,9150583,05/05/2026,1
0007,C2400,04,21891-5585,5585,30.000,BOLSA DE UROSTOMIA MAXI 10-55MM UNA PIEZA COLOPLA,UND,8887224,27/07/2025,1
0007,C2400,04,21893-10,3110,9910.000,APOSITO HIDROCOLOIDE  COMFEEL 3110 10x10 COLOPLAST,UND,9155812,26/04/2026,1
0007,C2400,04,21893-15,3115,284.000,APOSITO HIDROCOLOIDE COMFEEL 3115 15x15  COLOPLAST,UND,9191742,25/05/2026,1
0007,C2400,04,21895-1386,,450.000,BOLSA PARA OSTOMIA  ALTERNA TRANSP.  12-75MM  COD. 13860,UND,9840627,23/07/2027,1
0007,C2400,04,39639,39639,139.000,APOSITO BIATAIN SILICONE  Ag  COLOPLAST,UND,9316233,09/07/2026,1
0007,FS3730,02,A9984,A9984,80.000,ACETONITRILO GRADO HPLC/ACS 4 L FISHER,UND,206492,31/12/2025,1
0007,FS3730,02,D1281,D1281,1.000,DIMETIL SULFOXIDO CR ACS 1 LT. FISHER,UND,211026,31/05/2026,1
0007,FS3730,02,E13920,E13920,1.000,ETER DE PETROLEO CERTIFICADO 20 LT. FISHER,UND,244364,31/10/2029,1
0007,FS3730,02,O307225,O307225,29.000,ACIDO SODICO 1 HEXANOSULFONICO 25 GR. FISHER,UND,233344,30/04/2026,1
0007,FS3730,02,O48851,O48851,12.000,TRIETIL AMINA R 1 LT. FISHER,UND,207965,31/01/2026,1
0007,FS3730,02,S3691,S381500,7.000,FOSFATO DE SODIO MONOBASICO MONOHIDRATADO 1 KG.,UND,205032,30/11/2025,1
0007,H4316,04,07-614,07-614,2.000,SISTEMA DE HEMOSTASIA  MAPEO DE PLAQUETAS  HAEMONETICS,UND,C500205245,31/01/2026,1
0007,H4316,04,10247,10247,4.000,SOLUCION ACD FORMULA   A  x  750 ML,UND,24040516,31/03/2026,1
0007,H4316,04,10247,10247,41.000,SOLUCION ACD FORMULA   A  x  750 ML,UND,22090974,31/08/2024,1
0007,H4316,04,6212-01,6212,8.000,COPAS Y PINES HEPARINASA x UNIDAD HAEMONETICS,UND,HMO1986,30/06/2026,1
0007,H4316,04,8001-CJ,,1.000,CONTROL DE CALIDAD NIVEL I   12x1 ML   HAEMONETICS,CJA,HMO1792,01/03/2026,1
0007,H4316,04,980E-00,980E-00,12.000,KIT DE RECAMBIO PLASMA TERAPEUTICO HAEMONETICS,UND,8125187,17/01/2030,1
0007,H4316,04,994CF,994CF-CPP,3.000,KIT DE RECOLECCION DE PLAQUETAS CON FILTRO HAEMONE,UND,1223054,06/12/2026,1
0007,H4316,04,997CF-E,997CF-E,3.000,KIT DE RECOLECCION DE PLAQUETAS CON FILTRO HAEMONETICS,UND,8723070,31/07/2026,1
0007,H4316,04,CSE-P-125,CSE-P-125,15.000,CELL SAVER ELITE PROCESSING KIT  125 ML  HAEMONETICS,UND,0723051,16/07/2026,1
0007,H4316,04,CSE-P-225,CSE-P-225,22.000,CELL SAVER ELITE PROCESSING KIT  225 ML HAEMONETICS,UND,0823060,22/08/2026,1
0007,LD5585,04,B-1121-31,FA-31,45.000, ANTIGENO TIFICO   O   x 5ML. LABORATORY DIAGNOSTIC ,UND,205-693,30/04/2026,1
0007,LIFE TEC,03,4311971,4311971,3.000,FILM OPTICO ADHESIVO MICROAMP PARA PCR   CJA/100 APPLIED SYS,CJA,33MA4F,10/10/2024,1
0007,PC7485,04,BB100PF,BB100PF,4743.000,FILTRO DE SISTEMA  DE RESPIRACION  ULTIPOR 100  PALL CORP,UND,103002,31/01/2026,1
0007,TE4940,02,011007,011007,1.000,SOLUCION STANDAR 1413uS 60ML.   CJA/5  P/CONDUCTIVIMETRO,CJA,CT1A,31/07/2026,1
0007,TE4940,02,011007-UND,,4.000,SOLUCION STANDAR 1413uS 60 ML . UNIDAD P/CONDUCTIVIMETRO,UND,A01,31/12/2024,1
0007,TE4940,08,013005MD,013005MD,1.000,CELDA DE CONDUCTIVIDAD  DURAPROBE ORION,UND,CU1-15837,31/07/2026,1
0007,TE4940,02,810001,810001,3.000,SOLUCION ROSS ELECTRODO STORAGE 475ML THERMO ORIO,UND,LT CW1,30/04/2026,1
0007,TE4940,02,810199,810199,1.000,SOLUCION BUFFER KIT ( PH4,PH7,PH10 ) ALL IN ONE ORION,UND,CW1,30/04/2026,1
0007,TE4940,02,910110,910110,1.000,SOLUCION BUFFER PH 10.01 475ML. AZUL THERMO ORION,UND,336847,27/01/2026,1
0007,TE4940,03,910710,910710,1.000,BUFFER DE PH  7.00   COLOR  AMARILLO   10x15 ML  THERMO,UND,CV4D,31/05/2026,1
0007,TE4940,01,MC20SS-SAEE,MC20SS-SAEE-TS,1.000,REFRIGERADORA/CONGELADORA 2 PUERTAS MOD. MC20SS-SAEE-TS THER,UND,1163663201200115,,1
0007,TE4940,01,MC20SS-SAEE,MC20SS-SAEE-TS,1.000,REFRIGERADORA/CONGELADORA 2 PUERTAS MOD. MC20SS-SAEE-TS THER,UND,1163977601200408,,1
0007,TE4940,01,MC20SS-SAEE,MC20SS-SAEE-TS,1.000,REFRIGERADORA/CONGELADORA 2 PUERTAS MOD. MC20SS-SAEE-TS THER,UND,300495319,,1
0007,TE4940,01,MC20SS-SAEE,MC20SS-SAEE-TS,1.000,REFRIGERADORA/CONGELADORA 2 PUERTAS MOD. MC20SS-SAEE-TS THER,UND,300495816,,1
0007,TE4940,01,TSSWB15S,TSSWB15S,1.000,BAÑO MARIA CON AGITACION 15 LT.  PRECISION THERMO,UND,300226703,,1
0007,TE4940,01,TSSWB15S,TSSWB15S,1.000,BAÑO MARIA CON AGITACION 15 LT.  PRECISION THERMO,UND,300396299,,1
0015,CS2019,08,62455-255,2531,8.000,BALANZA PEDIATRICA CLINICA 20 1/2KG x 10G DETECT0,UND,-,,0
0015,FS3894,01,E200X,E200X,8.000,CAMILLA MOD. E200X C/ACCESORIOS COMPLETA COGENT,UND,-,,0
0015,CG2590,03,B-2650-2000A,1000-2000,35.000,VASO DE PRECIPITACION FORMA BAJA 2000 ML. CORNING,UND,-,,0
0015,CG2590,03,B-7581-95L,NO.COD.FAB,4.000,BOTELLA ASPIRADORA CON LLAVE 9500 ML.(2 1/2 GL)COR,UND,-,,0
0015,CG2590,03,B-7725-125,NO.COD.FAB,120.000,GOTEROS 125 ML. CORNING GLASS,UND,-,,0
0015,CG2590,03,B-7725-30,NO.COD.FAB,162.000,GOTEROS 30 ML. CORNING GLASS,UND,-,,0
0015,CG2590,03,B-7725-60,NO.COD.FAB,36.000,GOTEROS DE 60 ML. CORNING GLASS,UND,-,,0
0015,CG2590,03,D-2005-5,3160-150,23.000,PLACAS PETRI COMPLETO 150X15ML PYREX CORNING,UND,-,,0
0015,CG2590,03,F-4003-1L,4320-1L,16.000,BALON FONDO REDONDO PYREX 1 LT. BOCA 24/40 CORNING,UND,-,,0
0015,CG2590,03,F-4250-6L,4980-6L,4.000,MATRAZ ERLENMEYER GRADUADO 6000ML PYREX CORNING GL,UND,-,,0
0015,CG2590,03,G-6050-41,NO.COD.FAB,10.000,TUBERIA DE VIDRIO 41 MM. UNIDAD CORNING GLASS,UND,-,,0
0015,CG2590,03,G-6050-45,NO.COD.FAB,3.000,TUBERIA DE VIDRIO DE 45 MM. UNIDAD CORNING GLASS,UND,-,,0
0015,CG2590,03,P-5201-2X,7095B-9,20.000, PIPETA PASTEUR DE 9   PQTE /200 CORNING GLASS ,UND,-,,0
0015,CG2590,03,T-1210-10,9800-20,936.000,TUBO DE PRUEBA CON REBORDE 20x150 CORNING,UND,-,,0
0015,CM2590,03,B-2650-1000A,1000-1000,63.000,VASO DE PRECIPITACION FORMA BAJA 1000 ML. CORNING,UND,-,,0
0015,CM2590,03,B-2655-1000A,1003-1L,10.000,VASO DE PRECIPITACION REFORZADA 1 LT. CORNING,UND,-,,0
0015,CM2590,03,B-2655-400A,1003-400,13.000,VASO D/PRECIPITACION FORMA BAJA PARED GRUESA 400ML,UND,-,,0
0015,CM2590,03,B-7662-1000A,1395-1L,30.000,BOTELLA GRADUADA VIDRIO TRANSP. TAPA ROSCA 1000ML.,UND,-,,0
0015,CM2590,03,B-7662-10LA,1395-10L,2.000,BOTELLA GRADUADA VIDRIO TRANSP. TAPA ROSCA 10LT,UND,-,,0
0015,CM2590,03,B-7662-2000A,1395-2L,90.000,BOTELLA GRADUADA VIDRIO TRANSP. TAPA ROSCA 2LT.,UND,-,,0
0015,CM2590,03,B-7662-500A,1395-500,44.000,BOTELLA GRADUADA VIDRIO TRANSP. TAPA ROSCA 500 ML,UND,-,,0
0015,CM2590,03,B-7662-5LA,1395-5L,2.000,BOTELLA GRADUADA VIDRIO TRANSP. TAPA ROSCA 5LT.,UND,-,,0
0015,CM2590,03,B-7662-C1,1395-45LTC1,20.000,TAPA MORADA P/BOTELLA DE 45LT CORNING,UND,-,,0
0015,CM2590,03,B-7663-100A,51395-100,192.000,BOTELLA GRADUADA BAJO ACTINICO 100ML. CORNING,UND,-,,0
0015,CM2590,03,B-7663-500,51395-500,60.000,BOTELLA GRADUADA VIDRIO AMBAR TAPA ROSCA 500 ML,UND,-,,0
0015,CM2590,03,B-9080-10MC,2103C-10,19.000, BURETA C/LLAVE CLASE   A   CERTIFICADA 10 ML. CORNI ,UND,-,,0
0015,CM2590,03,C-3910-100M,8190-100,48.000,TUBO DE CENTRIFUGA GRADUADO P/ACEITE 100ML CORNING,UND,-,,0
0015,CM2590,03,C-9050-100M,2982-100,35.000,PROBETA GRADUADA PYREX 100 ML. CORNING MEXICO,UND,-,,0
0015,CM2590,03,C-9055-500MC,3022C-500,3.000,PROBETA GRADUADA CERTIFICADA 500ML. PYREX CORNING,UND,-,,0
0015,CM2590,03,C-9060-100M,3023-100,2.000,PROBETA GRADUADA DOBLE ESCALA CLASE A 100ML PYREX,UND,-,,0
0015,CM2590,03,C-9060-250,3023-250,24.000,PROBETA GRADUADA DOBLE ESCALA CLASE A 250ML PYREX,UND,-,,0
0015,CM2590,03,C-9060-250M,3023-250,4.000,PROBETA GRADUADA DOBLE ESCALA CLASE A 250ML PYREX,UND,-,,0
0015,CM2590,03,C-9060-500M,3023-500,4.000,PROBETA GRADUADA DOBLE ESCALA CLASE A 500ML PYREX,UND,-,,0
0015,CM2590,03,C-9066-500M,3062-500,10.000, PROBETA GRADUADA CLASE   A   500 ML. CORNING ,UND,-,,0
0015,CM2590,03,D-1436-101,3121-250CO,4.000,TAPA PARA DESECADOR DE 10.8LT. CORNING,UND,-,,0
0015,CM2590,03,D-1436-2A,3121-250,1.000,DESECADOR COMPLETO 10.8LT C/TAPON 250ML. CORNING,UND,-,,0
0015,CM2590,03,E-6250-125,3840-S,2.000,APARATO DE EXTRACCION CHICO 125ML  CORNING,UND,-,,0
0015,CM2590,03,E-6250-500,3840-L,2.000,APARATO DE EXTRACCION  LARGO  500ML  CORNING,UND,-,,0
0015,CM2590,03,F-4000-125M,4060-125,24.000,BALON FONDO PLANO PYREX 125 ML. CORNING,UND,-,,0
0015,CM2590,03,F-4000-1LM,4060-1000,12.000,BALON FONDO PLANO 1000 ML. PYREX CORNING,UND,-,,0
0015,CM2590,03,F-4000-250M,4060-250,24.000,BALON FONDO PLANO PYREX X 250 ML. CORNING GLASS,UND,-,,0
0015,CM2590,03,F-4000-500M,4060-500,48.000,BALON FONDO PLANO DE 500 ML. PYREX CORNING GLASS,UND,-,,0
0015,CM2590,03,F-4003-250M,4320-250,36.000,BALON FONDO REDONDO 250ML. PYREX CORNING,UND,-,,0
0015,CM2590,03,F-4022-1LM,4100-1L,15.000,BALON FONDO PLANO CUELLO ESMERILADO 1000ML CORNIN,UND,-,,0
0015,CM2590,03,F-4250-1000A,4980-1000,173.000,MATRAZ ERLENMEYER DE 1000ML. PYREX CORNING,UND,-,,0
0015,CM2590,03,F-4250-125A,4980-125,16.000,MATRAZ ERLENMEYER DE 125 ML. CORNING,UND,-,,0
0015,CM2590,03,F-4250-2LM,4980-2L,24.000,MATRAZ ERLENMAYER GRADUADO 2000ML. CORNING,UND,-,,0
0015,CM2590,03,F-4250-300A,4980-300,1.000,MATRAZ ERLENMEYER 300 ML. PYREX CORNING GLASS,UND,-,,0
0015,CM2590,03,F-4295-1000M,5020-1L,6.000,MATRAZ ERLENMEYER C/TAPA VIDRIO 1000ML CORNING,UND,-,,0
0015,CM2590,03,F-4295-125M,5020-125,60.000,MATRAZ ERLENMEYER C/TAPA 125ML. BOCA ESMERILADA,UND,-,,0
0015,CM2590,03,F-4295-500M,5020-500,64.000,MATRAZ ERLENMAYER C/TAPA 500ML BOCA ESMERILADA,UND,-,,0
0015,CM2590,03,F-4310-1000M,4985-1L,18.000,MATRAZA ERLENMEYER TAPA ROSCA 1000ML (4985-1L,UND,-,,0
0015,CM2590,03,F-4310-500A,4985-500,19.000,MATRAZ ERLENMEYER TAPA ROSCA 500 ML. CORNING,UND,-,,0
0015,CM2590,03,F-4351-1000A,5100-1L,72.000,MATRAZ ERLENMEYER GRADUADO 1000 ML BOCA ANCHA,UND,-,,0
0015,CM2590,03,F-4351-125A,5100-125,94.000,MATRAZ ERLENMEYER GRADUADO 125 ML BOCA ANCHA,UND,-,,0
0015,CM2590,03,F-4351-500A,5100-500,91.000,MATRAZ ERLENMEYER GRADUADO 500 ML BOCA ANCHA,UND,-,,0
0015,CM2590,03,F-4430-500M,5420-500,18.000,MATRAZ KJELDAHL X 500 ML. CORNING GLASS,UND,-,,0
0015,CM2590,03,F-4658-0500M,5820-500,58.000,MATRAZ VOLUMETRICO 500ML. C/BULBO CORNING,UND,-,,0
0015,CM2590,03,F-4658-1000M,5820-1L,78.000,MATRAZ VOLUMETRICO 1000ML C/BULBO CORNING,UND,-,,0
0015,CM2590,03,F-4660-25MC,5635C-25,162.000,MATRAZ VOLUMETRICO BOCA ANCHA CERT. 25ML (5635C-25,UND,-,,0
0015,CM2590,03,F-4660-50MC,5635C-50,6.000,MATRAZ VOLUMETRICO BOCA ANCHA 50ML (5635C-50,UND,-,,0
0015,CM2590,03,F-4668-1LMC,5642C-1L,18.000,MATRAZ VOLUMET. CLASE A 1000ML CERTIF.C/TAPA PLAST,UND,-,,0
0015,CM2590,03,F-4668-250MC,5642C-250,66.000,MATRAZ VOLUMET. 250MM CLASE A CERTIF. C/TAPA PL,UND,-,,0
0015,CM2590,03,F-4668-2LMC,5642C-2000,16.000,MATRAZ VOLUMETRICO CLASE A CERTIFICADO 2000ML.CON,UND,-,,0
0015,CM2590,03,F-4675-100M,55635-100,36.000,MATRAZ VOLUMETRICO 100 ML. BAJO ACTINICO CORNING,UND,-,,0
0015,CM2590,03,F-4680-050M,55640-50,36.000, MATRAZ VOLUMETRICO CLASE   A   50 ML. BAJO ACTINICO ,UND,-,,0
0015,CM2590,03,F-4680-250M,55640-250,42.000, MATRAZ VOLUMETRICO CLASE   A   250ML BAJO ACTINICO ,UND,-,,0
0015,CM2590,03,F-4680-500M,55640-500,27.000, MATRAZ VOLUMETRICO CLASE   A   500ML BAJO ACTINICO ,UND,-,,0
0015,CM2590,03,F-55680-025,55680-25,12.000,MATRAZ VOLUMETRICO CERT/SER BAJO ACTINICO 25ML  CORNING,UND,-,,0
0015,CM2590,03,F-55680-050,55680-50,18.000,MATRAZ VOLUMETRICO CERT/SER BAJO ACTINICO 50ML  CORNING,UND,-,,0
0015,CM2590,03,F-55680-100,55680-100,24.000,MATRAZ VOLUMETRICO CERT/SER BAJO ACTINICO  100ML CORNING,UND,-,,0
0015,CM2590,03,F-55680-1L,55680-1L,12.000,MATRAZ VOLUMETRICO CERT/SER BAJO ACTINICO  1LT. CORNING,UND,-,,0
0015,CM2590,03,F-55680-250,55680-250,16.000,MATRAZ VOLUMETRICO CERT/SER BAJO ACTINICO 250ML  CORNING,UND,-,,0
0015,CM2590,03,F-55680-2L,55680-2L,3.000,MATRAZ VOLUMETRICO CERT/SER BAJO ACTINICO 2 LT.  CORNING,UND,-,,0
0015,CM2590,03,F-55680-500,55680-500,18.000,MATRAZ VOLUMETRICO CERT/SER BAJO ACTINICO  500ML  CORNING,UND,-,,0
0015,CM2590,03,F-7882-1000M,6402-1000,47.000,EMBUDO DE SEPARACION SQUIBB LLAVE TEFLON 1000ML,UND,-,,0
0015,CM2590,03,F-7882-2000M,6402-2L,20.000,EMBUDO DE SEPARACION SQUIBB LLAVE TEFLON 2000ML,UND,-,,0
0015,CM2590,03,F-7885-1LM,6404-1L,27.000,EMBUDO D/SEPARACION SQUIBB C/TAPA PLASTICA 1000ML,UND,-,,0
0015,CM2590,03,F-7885-2LM,6404-2L,6.000,EMBUDO D/SEPARACION SQUIBB C/TAPA PLASTICA 2000ML,UND,-,,0
0015,CM2590,03,F-7885-500M,6404-500,12.000,EMBUDO D/SEPARACION SQUIBB C/TAPA PLASTICA 500ML,UND,-,,0
0015,CM2590,03,G-6050-18,234180,42.000,TUBERIA DE VIDRIO 18 MM. UNIDAD CORNING,UND,-,,0
0015,CM2590,03,P-4185-100MC,7100C-100,156.000,PIPETA VOLUMETRICA CLASE A CERTIFICADA 100ML.CORNI,UND,-,,0
0015,CM2590,03,P-4185-10MC,7100C-10,41.000,PIPETA VOLUMETRICA CLASE A CERTIFICADA 10ML.CORNIN,UND,-,,0
0015,CM2590,03,P-4185-15MC,7100C-15,132.000,PIPETA VOLUMETRICA CLASE A CERTIFICADA 15ML.CORNIN,UND,-,,0
0015,CM2590,03,P-4185-20MC,7100C-20,36.000,PIPETA VOLUMETRICA CLASE A CERTIFICADA 20ML.CORNIN,UND,-,,0
0015,CM2590,03,P-4185-25MC,7100C-25,144.000,PIPETA VOLUMETRICA CLASE A CERTIFICADA 25ML.CORNIN,UND,-,,0
0015,CM2590,03,P-4185-50MC,7100C-50,40.000,PIPETA VOLUMETRICA CLASE A CERTIFICADA 50ML.CORNIN,UND,-,,0
0015,CM2590,03,P-4330-10M,7085-10,60.000,PIPETA SEROLOGICA 10x1/10 ML. CORNING GLASS,UND,-,,0
0015,CM2590,03,P-4330-1M,7085-1,10.000,PIPETA SEROLOGICA 1x1/10 ML. CORNING GLASS,UND,-,,0
0015,CM2590,03,P-4330-20M,7085-20X1/10,96.000,PIPETA SEROLOGICA 20x 1/10 CORNING GLASS,UND,-,,0
0015,CM2590,03,P-4430-25,7087-25,252.000,PIPETA SEROLOGICA RAPIDA  CORNING GLASS,UND,-,,0
0015,CM2590,03,T-1310-10M,9820-20,6419.000,TUBO DE PRUEBA SIN REBORDE 20x150 PYREX CORNING GL,UND,-,,0
0015,CM2590,03,T-1310-10X,99445-20,34.000,TUBO D/PRUEBA S/TAPA 20x150 DESCARTABLE PK/250,UND,-,,0
0015,CM2590,03,T-1310-15M,9820-25X,960.000,TUBO DE PRUEBA SIN REBORDE 25x200 PYREX CORNING GL,UND,-,,0
0015,CM2590,03,T-1310-2M,9820-10,1440.000,TUBO DE PRUEBA DE 10x75 PYREX CORNING GLASS,UND,-,,0
0015,CM2590,03,T-1310-2X,99445-10,12.000,TUBO DE PRUEBA S/TAPA 10x75 DESCARTABLE PK/250,UND,-,,0
0015,CM2590,03,T-1310-4M,9820-13,4000.000,TUBO DE PRUEBA SIN REBORDE 13 X 100 PYREX CORNING,UND,-,,0
0015,CM2590,03,T-1310-4X,99445-13,16.000,TUBO D/PRUEBA S/TAPA 13X100 DESCARTABLE PK/250,UND,-,,0
0015,CM2590,03,T-1310-5M,9820-16X,698.000,TUBO DE PRUEBA SIN REBORDE 16 X 125 MM. CORNING GL,UND,-,,0
0015,CM2590,03,T-1310-8X,99445-16XX,36.000,TUBO D/PRUEBA S/TAPA 16x150 DESCARTABLE PK/250,UND,-,,0
0015,CM2590,03,T-1310-8XM,9820-16,2304.000,TUBO DE PRUEBA SIN REBORDE 16x100 PYREX CORNING,UND,-,,0
0015,CM2590,03,T-1310-9M,9820-18,251.000,TUBO DE PRUEBA SIN REBORDE 18x150 PYREX CORNING GL,UND,-,,0
0015,CM2590,03,T-1350-01M,9825-16,1590.000,TUBO P/CULTIVO C/TAPA ROSCA 16x100 CORNING,UND,-,,0
0015,CM2590,03,T-1350-02M,9825-13,5860.000,TUBO DE CULTIVO TAPA ROSCA 13x100 PTFE CORNING,UND,-,,0
0015,CM2590,03,T-1350-18M,9825-18X150,4772.000,TUBO DE CULTIVO C/TAPA ROSCA 18x150 CORNING,UND,-,,0
0015,CM2590,03,T-1350-1M,9825-16X,4464.000,TUBO DE CULTIVO TAPA ROSCA 16x125 MM CORNING,UND,-,,0
0015,CM2590,03,T-1350-2M,9825-16XX,2880.000,TUBO DE CULTIVO C/TAPA ROSCA 16x150 CORNING,UND,-,,0
0015,CM2590,03,T-1350-3M,9825-20,1240.000,TUBO DE CULTIVO CON TAPA ROSCA 20x125 MM. CORNING,UND,-,,0
0015,CM2590,03,T-1350-4M,9825-20X,1056.000,TUBO P/CULTIVO C/TAPA ROSCA 20x150 CORNING,UND,-,,0
0015,CM2590,03,W-2500-150,9985-150,72.000,LUNA DE RELOJ P/LABORATORIO 150MM. CORNING,UND,-,,0
0015,DWK,03,14000-100,14000-100,90.000,VASO PRECIPITADO GRIFFIN  FORMA BAJA GRAD. 100ML MEXICO DWK,UND,-,,0
0015,DWK,03,14000-250,14000-250,36.000,VASO PRECIPITADO GRIFFIN  FORMA BAJA GRAD. 250 ML MEXICO DWK,UND,-,,0
0015,DWK,03,14395-10000,14395-10000,2.000,FRASCO GL 45 C/TAPA AZUL Y ANILLO POLIPRO. 10LT. MEXICO DWK,UND,-,,0
0015,DWK,03,14395-2000,14395-2000,15.000,FRASCO GL 45 C/TAPA AZUL Y ANILLO POLIPRO. 2 LT ALEMANIA DWK,UND,-,,0
0015,DWK,03,14395-500,14395-500,8.000,FRASCO GL 45 C/TAPA AZUL Y ANILLO POLIPRO.  500ML  ALEMANIA,UND,-,,0
0015,DWK,03,14395-5000,14395-5000,2.000,FRASCO GL 45 C/TAPA AZUL Y ANILLO POLIPRO  5 LT MEXICO DWK,UND,-,,0
0015,DWK,03,14950GR-500,14950GR-500,1.000,BOTELLA DE SOLUCION CARBOY  REFORZ. GRAD.  5 GAL. MEXICO DWK,UND,-,,0
0015,DWK,03,26500-1000,26500-1000,96.000,MATRAZ ERLENMEYER GRAD. BOCA REFORZ.  1000ML INDIA DWK,UND,-,,0
0015,DWK,03,26500-250,26500-250,112.000,MATRAZ ERLENMEYER GRAD. BOCA REFORZ.  250 ML INDIA DWK,UND,-,,0
0015,DWK,03,26650-1000,26650-1000,48.000,MATRAZ ERLENMEYER BOCA ANCHA  GRADUADO  CHINA  DWK,UND,-,,0
0015,DWK,03,26650-2000,26650-2000,8.000,MATRAZ ERLENMEYER BOCA ANCHA  GRADUADO  ALEMANIA DWK,UND,-,,0
0015,DWK,03,27400-800,27400-800,214.000,MATRAZ  KJELDAHL   800ML    MEXICO DWK,UND,-,,0
0015,DWK,03,28950-75,28950-75,48.000,EMBUDO CONICO TALLO CORTO  58°  GRADOS  75 MM MEXICO DWK,UND,-,,0
0015,DWK,03,29049F-1000,29049F-1000,10.000,EMBUDO DE SEPARACION SQUIBB TAPON PLASTICO 1000ML MEXICO DWK,UND,-,,0
0015,DWK,03,29049F-125,29049F-125,24.000,EMBUDO DE SEPARACION SQUIBB TAPON PLASTICO 125ML MEXICO DWK,UND,-,,0
0015,DWK,03,29049F-2000,29049F-2000,6.000,EMBUDO DE SEPARACION SQUIBB TAPON PLASTICO 2000ML MEXICO DWK,UND,-,,0
0015,DWK,03,29049F-250,29049F-250,20.000,EMBUDO DE SEPARACION SQUIBB TAPON PLASTICO 250ML MEXICO DWK,UND,-,,0
0015,DWK,03,29049F-500,29049F-500,20.000,EMBUDO DE SEPARACION SQUIBB TAPON PLASTICO 500ML MEXICO DWK,UND,-,,0
0015,DWK,03,37034A-2110,37034A-2110,18.000,PIPETA SEROLOGICA P/TAPON ALGODON  COLOR 2110ML MEXICO DWK,UND,-,,0
0015,DWK,03,37034A-25,37034A-25,36.000,PIPETA SEROLOGICA P/TAPON ALGODON COLOR  25ML MEXICO DWK,UND,-,,0
0015,DWK,03,92812P-100,92812P-100,30.000, MATRAZ VOLUMETRICO   A    REFORZ. BOCA ANCHA  100ML MEXICO DWK ,UND,-,,0
0015,DWK,03,92812P-1000,92812P-1000,5.000, MATRAZ VOLUMETRICO   A    REFORZ. BOCA ANCHA 1000ML MEXICO DWK ,UND,-,,0
0015,DWK,03,92812P-200,92812P-200,30.000, MATRAZ VOLUMETRICO   A    REFORZ. BOCA ANCHA  200ML MEXICO DWK ,UND,-,,0
0015,DWK,03,92812P-250,92812P-250,30.000, MATRAZ VOLUMETRICO   A    REFORZ. BOCA ANCHA  250ML MEXICO DWK ,UND,-,,0
0015,DWK,03,92812P-500,92812P-500,6.000, MATRAZ VOLUMETRICO   A    REFORZ. BOCA ANCHA  500ML MEXICO DWK ,UND,-,,0
0015,FS3730,02,A4514,A4514,5.000,PROPANOL CERTIFICADO 4LT. FISHER,UND,222272,31/07/2027,1
0015,FS3730,02,A4514,A4514,69.000,PROPANOL CERTIFICADO 4LT. FISHER,UND,223449,31/08/2027,1
0015,FS3730,02,D1314,D1314,75.000,DIMETILFORMAMIDA SPECTRA 4 LT. FISHER,UND,218474,31/03/2027,1
0015,FS3730,02,D1434,D1434,2.000,CLORURO DE METILENO CERTIFICADO HPLC 4 LT. FISHER,UND,224571,31/05/2028,1
0015,FS3730,02,E13920,E13920,1.000,ETER DE PETROLEO CERTIFICADO 20 LT. FISHER,UND,252835,15/05/2030,1
0015,FS3730,02,E13920,E13920,91.000,ETER DE PETROLEO CERTIFICADO 20 LT. FISHER,UND,252837,15/07/2030,1
0015,FS3730,02,O2964,O2964,4.000,ISO-OCTANO CERTIFICADO ACS/HPLC 4 LT. FISHER,UND,219467,30/04/2027,1
0015,FS3730,02,O2964,O2964,48.000,ISO-OCTANO CERTIFICADO ACS/HPLC 4 LT. FISHER,UND,222504,30/09/2027,1
0015,FS3730,02,P30410,P30410,1.000,SULFATO DE POTASIO 10 KG. FISHER,UND,156162,31/01/2021,1
0015,HM4428,01,HS-2522BL,HS-2522BL,1.000,ESTERILIZADOR A VAPOR MOD. HS-2522BL  220V  HANSHIN,UND,ML080005,,1
0015,HM4428,01,HS-2522BL,HS-2522BL,1.000,ESTERILIZADOR A VAPOR MOD. HS-2522BL  220V  HANSHIN,UND,ML080006,,1
0015,HM4428,01,HS-2522BL,HS-2522BL,1.000,ESTERILIZADOR A VAPOR MOD. HS-2522BL  220V  HANSHIN,UND,ML080007,,1
0015,HM4428,01,HS-2522BL,HS-2522BL,1.000,ESTERILIZADOR A VAPOR MOD. HS-2522BL  220V  HANSHIN,UND,ML080008,,1
0015,HM4428,01,HS-60VD,HS-60VD,1.000,ESTERILIZADOR A VAPOR MOD. HS-60VD 220V. HANSHIN,UND,ML08004,,1
0015,JW,01,CHS-ST065,CHS-ST065,1.000,ESTERILIZADOR C/GENERADOR DE VAPOR MOD.CHS-ST065,UND,S-65218022,,1
0015,LC5580,08,4746000,4746000,1.000, WASH RING P/DUCTO DIAMETRO 10   LABCONCO ,UND,-,,0
0015,LC5580,08,5981200,5981200,1.000, AMORTIGUADOR MANUAL DE DUCTO 12   LABCONCO ,UND,-,,0
0015,LC5580,08,5983400,5983400,1.000, DUMPER MANUAL PARA DUCTO 10   LABCONCO ,UND,-,,0
0015,TE4940,01,7240D,7240D,1.000,ULTRACONGELADORA MOD. 7240D C/KIT DE MONITOREO,UND,SIN/SERIE,,1
0015,TE4940,08,75003861,75003861,1.000,ROTOR HAEMAFLEX 6 SW THERMO,UND,-,,0
0015,IE4940,03,C-1460-010,11210900,3.000,CENTRIFUGA MOD. CL10 230V. 60 HZ. THERMO IEC.,UND,-,,0
0016,JW5155,08,Weight Scale,,1.000,BALANZA CON TALLIMETRO PARA EQUIPO JW-W2000,UND,-,,0
0016,JW,08,IP POLE,IP POLE,1.000,TUBO PARA COLGAR VIAS DE EQUIPO JW-W2000,UND,-,,0
0016,JW,01,JW-W2000,JW-W2000,1.000,CUNA DE CALOR RADIANTE MODELO  JW-W2000   JW MEDICAL,UND,W2K2002047,,1
0016,LC5580,08,1297504,1297504,5.000,KIT DE LAMPARAS LED PARA CABINA DE BIOSEGURIDAD LABCONCO,CU,-,,0
0016,LC5580,08,3730500,3730500,8.000,KIT DE  RUEDAS GIRATORIA C/SOPORTE LABCONCO,KIT,-,,0
0016,RAYPA,NO.CAT,SW8000,85234900,1.000,SOFTWARE PARA AUTOCLAVES: TOUCH SCREEN + CABLE ETHERNET,UND,-,,0
0016,TE4940,08,50051846,50051846,1.000,PRE FILTRO  SET G3/12 HPH  PK/5  THERMO,UND,-,,0
0016,TE4940,08,50073944,50073944,1.000,INTERNAL HANGING SUPPORT BAR THERMO,UND,-,,0
0016,TE4940,08,50109312,50109312,1.000,SOPORTE DE PISO PARA CABINA  THERMO,UND,-,,0
0016,TE4940,08,50120126,50120126,1.000,FILTRO HEPA H14   610x1220x069  P/CABINA THERMO,UND,-,,0
0016,TE4940,01,51029702,51029702,1.000,CABINA FLUJO LAMINAR HORIZONTAL MOD. HERAGUARD ECO 1.2,UND,42623878,,1
0016,TE4940,08,51901073,51901073,1.000,LAMPARA  FLUORESCENTE UV PARA CABINA THERMO,UND,-,,0
0016,TE4940,08,51901075,51901075,1.000,SUPERFICIE DE TRABAJO ACERO INOX. P/CABINA BIOSEG,UND,-,,0
0016,TE4940,08,75003851,75003851,1.000,ADAPTADOR P/BOLSA SANGRE DOBLE  THERMO,UND,-,,0
0016,TE4940,08,75003855,75003855,1.000,ADAPTADOR DE GANCHO P/SEPARACIONES   THERMO,UND,-,,0
0016,999,08,TM20S,TM20S,1.000,TRANSFORMADOR MONOFASICO TIPO SECO  2KVA ATLAS POWER,UND,-,,0
0017,G4140,06,2417,NO.COD.FAB,2.000,PUMP ROTOR GOMCO DIVISION,UND,-,,0
0017,G4140,06,2431,NO.COD.FAB,1.000,VACUUM REGULATOR BODY GOMCO DIVISION,UND,-,,0
0017,G4140,06,2591,NO.COD.FAB,2.000, CONNECTOR   T   GOMCO DIVISION ,UND,-,,0
0017,G4140,06,2660,NO.COD.FAB,2.000,RECIPIENTE (ACEITERA) CON TAPA P/BOMBA GOMCO USA,UND,-,,0
0017,G4140,06,2768,NO.COD.FAB,2.000,TAPAS METALICAS C/ENSAMBLAJE DE FLOTADOR (VALVULA,UND,-,,0
0017,G4140,06,2879,NO.COD.FAB,1.000,PUMP HOUSING GOMCO DIVISION,UND,-,,0
0017,G4140,06,2883,NO.COD.FAB,1.000,MUFFLER GOMCO DIVISION P/BOMBAS MOD. 4040 GOMCO,UND,-,,0
0017,G4140,06,3420,NO.COD.FAB,5.000,BOTTLE 16 OZ. GOMCO DIVISION,UND,-,,0
0017,G4140,06,5080,NO.COD.FAB,4.000,WIRE HOLD DOWN CLAMP FOR ABOVE GOMCO DIVISION,UND,-,,0
0017,G4140,06,5085,NO.COD.FAB,113.000,HOLD DOWN CLAMPS X 1 GL. BOTTLE GOMCO DIVISION,UND,-,,0
0017,G4140,06,5170,NO.COD.FAB,1.000,TAPARED TUBE FILLING SMALL HOLE GOMCO DIVISION,UND,-,,0
0017,G4140,06,5240,NO.COD.FAB,1.000, RUBBER TUBING 10   LENGHT 3/16   GOMCO DIVISION ,UND,-,,0
0017,G4140,06,5640,NO.COD.FAB,6.000,PUMP BODY 1/20 GOMCO DIVISION,UND,-,,0
0017,G4140,06,5650,NO.COD.FAB,2.000,ROTOR 5/8 FOR 789 CHEMETRON MEDICAL,UND,-,,0
0017,G4140,06,5651,NO.COD.FAB,1.000,ROTOR 1/2 FOR 785 GOMCO DIVISION,UND,-,,0
0017,G4140,06,5831,NO.COD.FAB,2.000,PUMP BODY FOR MODEL 797 GOMCO DIVISION,UND,-,,0
0017,G4140,06,6380,NO.COD.FAB,1.000,SUCTION REGULATOR GOMCO DIVISION,UND,-,,0
0017,G4140,06,6650,NO.COD.FAB,1.000,CONTROL BRACKET WITH ADJUSTING VALVE GOMCO DIVISIO,UND,-,,0
0017,G4140,06,8300,NO.COD.FAB,1.000, VACCUM TOP COMBINATION 547 GAUGE   N   GOMCO DIVISIO ,UND,-,,0
0017,G4140,06,8860,NO.COD.FAB,1.000,MANILLA DE SUCCION GOMCO DIVISION,UND,-,,0
0017,G4140,06,90-3060,NO.COD.FAB,1.000,MUFFLER BAR P/BOMBAS MOD. 3040, 300 GOMGO DIVISION,UND,-,,0
0017,G4140,06,L003134-010,3134-010,293.000,ADAPTADOR PARA RESUSCITADOR ALLIED HEALTHCARE,UND,-,,0
0017,AC0288,06,CLGP-050X,CLGP-050X,1.000,TARJETA ELECTRONICA C/CABLE 12 P. P/IMPRESORA ALP,UND,-,,0
0017,AC0288,06,CLG-R01,,2.000,LID GASKET PARA AUTOCLAVE MOD. CLG-40L ALP,UND,-,,0
0017,AC0288,06,CLG-R04,,1.000,SILICON PLUG   SIN  AGUJERO  ALP,UND,-,,0
0017,AI0198,06,702751-1X,,1.000,BATERIA RECARGABLE P/CONGELADOR AB600 ANGELANTONI,UND,-,,0
0017,AI0198,06,702751-2X,,2.000,SENSOR D/TEMPERATURA P/CONGELADOR AB600 ANGELANTON,UND,-,,0
0017,AM0706,06,600607,600607,6.000,MICA VISOR DE ALARMA DERECHA P/BOMBA CODAN ARGUS,UND,-,,0
0017,AM0706,06,600608,600608,33.000,MICA VISOR DE ALARMA IZQUIERDA CODAN ARGUS,UND,-,,0
0017,AM0706,06,601706,601706,2.000,TARJETA DMS PARA 606-S NP CODAN ARGUS,UND,-,,0
0017,AT964,06,033011,NO.COD.FAB,4.000,PAPEL P/IMPRESORA DE FOTOMETRO STAT FAX 3300 AWARE,UND,-,,0
0017,AT964,06,033040,NO.COD.FAB,4.000,KIT DE TUBERIAS FLOWEELL P/STAT FAX 3300 AWARENESS,UND,-,,0
0017,AT964,06,111340SP,111340SP,12.000,FILTRO 340 P/MOD. 3200, 2629, 2668, 2570 AWARENE,UND,-,,0
0017,AT964,06,112004SP,NO.COD.FAB,13.000,LAMPARAS (FOCOS) 6V. 10W. P/STAT FAX 3300 AWARENES,UND,-,,0
0017,BC2380,06,CP-261470,NO.COD.FAB,4.000,POTENCIOMETRO COLEMAN 51 CA COLEMAN PERKIN ELMER,UND,-,,0
0017,BC1025,06,203-221,203-22-1-63,2.000,INTERRUPTOR SWITCH P/CABINA MOD. EG4252 BAKER,UND,-,,0
0017,B1215,06,AA-018,AA-018,22.000,PIEZA D/SUJECCION GIRATORIA P/MESA ( PA39 ) BAUMER,UND,-,,0
0017,BELART,06,70025,70025,1.000,RECAMBIO PULSADOR  AZUL  BEL ART,UND,-,,0
0017,BB0001,08,CSI-E,CSI-E,1.000,DUST PARTICLE COUNTER - MODEL CSI -E - BIOBASE,UND,-,,0
0017,BB0001,08,NE-M01,NE-M01,1.000,AIRFLOW TESTER - BIOBASE,UND,-,,0
0017,BB0001,08,TES1332A,TES1332A,1.000,ILUMINATION METER  MODEL: TES1332A - BIOBASE,UND,-,,0
0017,BB0001,08,TES1357,TES1357,1.000,DIGITAL SOUND LEVEL METER - MODEL TES1357 - BIOBASE,UND,-,,0
0017,BI1437,06,49903,49903,5.000,CONECTORES P/MOD. ELX50/8 BIO TEK,UND,-,,0
0017,BI1437,06,49906,49906,1.000,CONECTORES P/MOD. ELX50/8 BIO-TEK INST.,UND,-,,0
0017,BI1437,06,7260522,7260522,1.000,PLATO DE CALIBRAC. UNIVERSAL P/MOD. ELX808 BIOTEK,UND,-,,0
0017,BM1425,01,B-2950-6810,TW-101,1.000,SELLADOR ESTERIL DE TUBOS MOD. LUXUS 6810 BMS,UND,681015090001,,1
0017,BM1425,01,B-2950-6810,TW-101,1.000,SELLADOR ESTERIL DE TUBOS MOD. LUXUS 6810 BMS,UND,681015090002,,1
0017,CA1921,06,65605-SP142,SP0142/01,54.000,FILTRO DE AIRE 2´S P/NEBULIZADOR CLINEB CAMI,UND,-,,0
0017,CA1921,06,65650-006,SP0006/03,3.000,REGULADOR PARA ASPIRADOR CAMI,UND,-,,0
0017,CA1921,06,65650-009,SP0009,1.000,INTERRUPTOR (SWITCH) PARA HOSPIVAC350 CA-MI,UND,-,,0
0017,CA1921,06,65650-017,SP0017,2.000,MEDIDOR DE VACIO PARA ASPIRADOR NEW ASKIR 30,UND,-,,0
0017,CA1921,06,65650-030,NO.COD.FAB,3.000,INTERRUPTOR DE ENCENDIDO ELECTRICO P/ASPIRADOR CAM,UND,-,,0
0017,CA1921,06,65650-032,NO.COD.FAB,5.000,ADAPTADOR ELECTRICO P/ASPIRADOR CAMI,UND,-,,0
0017,CA1921,06,65650-034,NO.COD.FAB,2.000,VALVULA DE PASO KIT P/ASPIRADOR CAMI,UND,-,,0
0017,CA1921,06,65650-036,NO.COD.FAB,4.000,ACCESORIO DE PLASTICO P/ASPIRADOR CAMI,UND,-,,0
0017,CA1921,06,65650-450,SP0024/01,32.000,CONDENSADOR DE ARRANQUE P/ASPIRADOR SECRECIONES,UND,-,,0
0017,CA1921,06,SP0107/03,SP0107/03,1.000,TARJETA ELECTRONICA P/NEW HOSPIVAC 350/400 CAMI,UND,-,,0
0017,CS2019,06,62500-012,,4.000,ADAPTADOR AC 12V. P/BALANZA DIGITAL MOD. 6745,UND,-,,0
0017,NV7119,06,A355,A355,5.000,PAPEL PARA IMPRESORA P/SIST. DOPPLER VERSALAB,UND,-,,0
0017,CT2078,06,600-124,NO.COD.FAB,4.000,TARJETA ELECTRONICA DE PODER P/COLECTOR CM760,UND,-,,0
0017,CT2078,01,B-2950-700,SE700,1.000,SELLADOR DE TUBOS MOD. SE700 220V. 60HZ. CENTRON,UND,707925,,1
0017,CS2077,06,1010D-E,,37.000,EMPAQUETADURA P/ROTOR CENTRIFUGA MOD.1010D CENTURI,UND,-,,0
0017,CS2077,06,1022221,1022221,3.000,MOTOR COMPLETO P/CENTRIFUGA MICROHEMAT. CENTURION,UND,-,,0
0017,CS2077,06,3180014,3180014,1.000,TARJETA ELECTRONICA P/CENTRIFUGA MICROHEMAT.CENTUR,UND,-,,0
0017,CS2077,06,999-000,999,4.000,MICROSWITCH DE DESBALANCE C/ACCESORIOS CENTURION,UND,-,,0
0017,CH2140,06,72852,NO.COD.FAB,1.000, ELECTRODO 3   NEGRO P/INTELECT MOD. 775 P/FORTE ES ,UND,-,,0
0017,CISA,06,AT-EQ-000471-00,AT-EQ-000471-00,1.000,KIT ACTUALIZACION MANOMETRO CUADRADO  A  REDONDO   CISA,UND,-,,0
0017,CISA,06,ATFM-000013-00,AT-FM-000013-00,1.000,TARJETA DE MEMORIA PARA AUTOCLAVE  AT-FM-000013-00  CISA,UND,-,,0
0017,CISA,08,AT-RV-000016-00,AT-RV-000016-00,1.000,GUARNICAO  DIAMET.  14MM PARA AUTOCLAVE MOD. 640 CISA,UND,-,,0
0017,CISA,08,AT-RV-000029-00,AT-RV-000029-00,1.000,KIT DE CONSUMIBLES PARA AUTOCLAVE MARCA  CISA,UND,-,,0
0017,CISA,03,CIMDP4-BTB040-UND,,71.000,TEST DE BOWIE DICK  UNIDAD  CISA,UND,-,,0
0017,CISA,06,EL-CV-000001-02,EL-CV-000001-02,1.000,CONDUCTIVIMETRO CON  SALIDA 4-20MA      CISA,UND,-,,0
0017,CISA,06,EL-RL-000002-01,EL-RL-000002-01,1.000,RELE DE MANDO 24VCC  6A  250VCA   CISA,UND,-,,0
0017,CISA,06,EL-RL-000005-00,EL-RL-000005-00,1.000,RELE DE NIVEL  24 -  240VCA    CISA,UND,-,,0
0017,CISA,06,EL-RL-000008-00,EL-RL-000008-00,1.000,RELE  IMPULSO 24VCC 2NA  16A  250VCA   CISA,UND,-,,0
0017,CISA,06,EL-SE-000008-00,EL-SE-000008-00,2.000,SENSOR REED PNP 1NA 24VCC 2 FIJOS   CISA,UND,-,,0
0017,CISA,06,HD-FI-000003-12,HD-FI-000003-12,4.000,FILTRO DE AR  BACTERIOLOGICO 0.22 MICRON  CISA,UND,-,,0
0017,CISA,06,HD-FI-000004-00,HD-FI-000004-00,1.000,FILTRO DE AR CARTUCHO  0.22 MICRON  CISA,UND,-,,0
0017,CISA,06,HD-PT-000002-01,HD-PT-000002-01,1.000, PRESOSTATO 10 - 100M BAR  1/2  x1/4      CISA ,UND,-,,0
0017,CISA,06,HD-RE-000004-01,HD-RE-000004-01,2.000, RESISTENCIA 2    BSP 7000W 230/400V  510MM DES:53208/1  CISA ,UND,-,,0
0017,CISA,06,HD-RE-000005-00,HD-RE-000005-00,3.000, RESISTENCIA 2   BSP  9000W  230/400V  600MM   CISA ,UND,-,,0
0017,CISA,06,ME-DE-035842-00,ME-DE-035842-00,6.000, ARRUELA TEFLON DIAM. 2   PARA RESISTENCIA CONF.DES.35842/0 ,UND,-,,0
0017,CISA,08,ME-DE-062465-00,ME-DE-062465-00,2.000,ACCESORIO PUERTO DIAMETRO 14ML  PARA AUTOCLAVE MARCA CISA,UND,-,,0
0017,CM0706,06,10121,10.121,3.000,SENSOR DE PRESION P/BOMBA DE INFUSION MARCA ARGUS,UND,-,,0
0017,CM0706,06,600367,600367,5.000,BUZZER OBO  CODAN ARGUS,UND,-,,0
0017,CM0706,08,600797,600797,1.000,TECLADO PLASTICO A707 CODAN ARGUS,UND,-,,0
0017,CM0706,08,600964,600964,1.000,UNIDAD DE BOMBA MOTORA - CODAN ARGUS,UND,-,,0
0017,CM0706,06,601066,601066,1.000,TARJETA ELECTRONICA A606 CODAN ARGUS,UND,-,,0
0017,CM0706,06,601074,601074,8.000,BATERIA NIMHD 12V/1800MAH A71X CODAN,UND,-,,0
0017,CM0706,08,601415,601415,1.000,SOPORTE P/ BOMBA DE INFUSION  CODAN,CU,-,,0
0017,CM0706,08,601724,601724,3.000,BATTERY  COVER  PARA MOD.  A616S/A606S CODAN ARGUS,UND,-,,0
0017,CM0706,06,601740,601740,2.000,KIT DE TORNILLOS CON CABEZA TIPO SOQUETE (10 PIEZAS) CODAN,UND,-,,0
0017,CM0706,08,601852,601852,4.000,KIT  SUJETADOR DE JERINGA   CODAN,KIT,-,,0
0017,CM0706,08,601854,601854,2.000, CUBIERTA P/CABEZAL A60X  PARA BOMBA DE INFUSION,UND,-,,0
0017,CM0706,06,601956,601956,1.000,DETECTOR DE AIRE CODAN ARGUS,UND,-,,0
0017,JL5110,06,021031,021031,1.000,FUENTE DE PODER PARA CONDUCTIVIMETRO TECHNE,UND,-,,0
0017,JL5110,06,021-031,021031,16.000,FUENTE DE PODER 230V. PARA CONDUCTIVIMETRO TECHNE,UND,-,,0
0017,JL5110,06,023-030,,2.000,SIPPER PUMP CAPILLARY TUBING P/ESPECTROFOTOMETRO J,UND,-,,0
0017,JL5110,06,035-045,035-045,1.000,CELDA DE FLUJO P/ESPECTROFOTOMETRO JENWAY,UND,-,,0
0017,JL5110,06,630-516,630-516,1.000,FILTRO PARA ESPECTROTOMETRO MOD. 6300 JENWAY,UND,-,,0
0017,JL5110,06,632-511,632-511,1.000,PORTA CELDA 10x10 P/ESPECTROFOT. MOD. 6320D JENWAY,UND,-,,0
0017,JL5110,06,6400-R02,NO.COD.FAB,1.000,MOTOR ELECTRICO P/ESPECTROFOTOMETRO MOD. 6400,UND,-,,0
0017,JL5110,06,6400-R03,NO.COD.FAB,1.000,TAPA PLASTICA P/ESPECTROFOTOMETRO MOD. 6400,UND,-,,0
0017,JL5110,06,EW-83070-50,EW-83070-50,1.000,CELDA DE FLUJO DE VIDRIO 80UL P/ESPECTROFOTOMET.,UND,-,,0
0017,JL5110,06,FF-00394BO,NO.COD.FAB,1.000,KIT DE MANGUERAS COLE PARMER,UND,-,,0
0017,JL5110,06,FF-99956-01,FF-99956-01,2.000,TRANSFORMADOR COLE PARMER,UND,-,,0
0017,CP2385,06,FF-00403DA,FF-00403DA,1.000,TARJETA ELECTRONICA PRINCIPAL P/ESPECTROFOTOMETRO,UND,-,,0
0017,CP2385,06,FF-83070-52,FF-83070-52,1.000,CELDA DE FLUJO  DE CUARZO  80UL.  COLE PARMER,UND,-,,0
0017,CP2385,06,FF-99959-02,FF-99959-02,1.000,TARJETA ELECTRONICA PRINCIPAL P/ESPECTROFOTOMETRO,UND,-,,0
0017,CP2385,06,S-2060-X,,11.000,MICROCUBETA P/ESPECTROFOT. MOD.6400 C/U JENWAY,UND,-,,0
0017,CS2501,06,16-D36-16P,NO.COD.FAB,2.000, DOOR GASKET 16   REDONDA P/16-D-36 CONSOLIDATED ,UND,-,,0
0017,CS2501,06,3914008,M5-DTP,1.000,SENSOR D/TEMPERATURA P/MOD. SSR-3A-MCV CONSOLIDATE,UND,-,,0
0017,CS2501,06,42CE15AG106,NO.COD.FAB,1.000,CONTACTORES ELECTRICOS 50 AMPS CONSOLIDATED STILL,UND,-,,0
0017,CS2501,06,5204,NO.COD.FAB,1.000,MEMORIA EPROM P/TARJETA CONTROL P/MOD. MARK V,UND,-,,0
0017,CS2501,06,9295,NO.COD.FAB,1.000,EMPAQUETADURA INTERNAL DOOR LOCK PARA MOD. SSR-3A-,UND,-,,0
0017,CS2501,06,BO-80P-114,B-2222-1,1.000,VALVULA DE VENTILACION BARNES & JONES,UND,-,,0
0017,CS2501,06,GP-457-KIT,NO.COD.FAB,1.000,KIT PARA REPARAR VALVULA GP-457 CONSOLIDATED,UND,-,,0
0017,CS2501,06,JPC20,20SDG,2.000, EMPAQUETADURA DE PUERTA 20   CUADRADA CONSOLIDATE ,UND,-,,0
0017,CS2501,06,JPR20,NO.COD.FAB,2.000, EMPAQUETADURA DE PUERTA 20   REDONDA CONSOLIDATED ,UND,-,,0
0017,CS2501,06,JSS82222G2,NO.COD.FAB,1.000,VALVULA SELENOIDE ASCO P/MOD. SSR-3A-MCV CONSOLIDA,UND,-,,0
0017,CS2501,06,RK-N125,RK-N125ST-FC-SLR,1.000,KIT DE REPARACION DE TRAMPA DE VAPOR CONSOLIDATED,UND,-,,0
0017,CS2501,06,SA6400-3/4,NO.COD.FAB,2.000,VALVULA DE BOLA 3/4 PARA AUTOCLAVE CONSOLIDATED,UND,-,,0
0017,CS2501,06,SP-1C-5F,NO.COD.FAB,1.000,PRESOSTATO PARA AUTOCLAVE MOD.16D36 CONSOLIDATED S,UND,-,,0
0017,CS2501,06,SR-24-24P,24SDG,2.000, DOOR GASKET D/24   CUADRADA P/ SR-24 CONSOLIDATED ,UND,-,,0
0017,CS2501,06,SR-97952,1DL-G,2.000,GASKET PARA INTERNAL DOOR LOCK CONSOLIDATED STIL,UND,-,,0
0017,CS2501,06,SR-97953,1DL-D,1.000,DIAFRAGMA PARA INTERNAL DOOR LOCK CONSOLIDATED ST,UND,-,,0
0017,CS2501,06,SR-97954,1DL-S,2.000,INTERNAL DOOR LOCK SPRINGS CONSOLIDATED STILLS,UND,-,,0
0017,CS2501,06,SSR/SR,NO.COD.FAB,11.000,AROMAT RELAY PARA AUTOCLAVES MOD. SSR/SR CONSOLID,UND,-,,0
0017,CS2501,06,SSR-2A-16P,NO.COD.FAB,1.000, DOOR GASKET ( EMPAQUETADURA) 16   CUADRADA CONSO ,UND,-,,0
0017,CS2501,06,SSR-3A-V,NO.COD.FAB,2.000, VALVULA CHECK 1/2   PARA MOD. SSR-3A-MCV CONSOLIDAT ,UND,-,,0
0017,CS2501,06,SSR-9295-3/4,NO.COD.FAB,1.000, SUJETADOR DE CAMARA 3/4   CONSOLIDATED STILL ,UND,-,,0
0017,CU2650,06,026070248,026070248,1.000,TARJETA DE PODER P/LAVADOR ULTRASONICO CREST,UND,-,,0
0017,D2733,06,10806,10806,1.000,MODULO DE ENTRADA DE GAS PARA O2+N2O DAMECA,UND,-,,0
0017,D2733,06,11603-01,11603-01,2.000, CONECTOR ROSCADO 11/16   - 26 DAMECA ,UND,-,,0
0017,D2733,06,13985,13985-01/02,2.000,SET DE CONEXION DRAEGER TUERCA EMPAQUET. DAMECA,UND,-,,0
0017,DM3047,06,MU01058,MU01058,1.000,PERILLA ROTATORIA OXIDO NITROSO DRAGER MEDICAL,UND,-,,0
0017,DM3047,06,MU10348,MU10348,1.000,SISTEMA DE FOTOTERAPIA MOD. 7850 DRAGER MEDICAL,UND,-,,0
0017,DM3047,06,MU12681,MU12681,1.000,CIERRE PROTECTOR CALOR P/ISOLETTE C2000 (8330009),UND,-,,0
0017,DM3047,06,MU16249,MU16249,1.000,SPINDLE O2/AIR KPL CAJA DRAGER MEDICAL,UND,-,,0
0017,EB3505,06,427037,427037,1.000,EMPAQUETADURA P/PUERTA AUTOCLAVE SES2000 ESCHMANN,UND,-,,0
0017,EB3505,06,65650-091,NO.COD.FAB,13.000,FILTRO BACTERIAL BLANCO P/ASPIRADOR VP25 ESCHMANN,UND,-,,0
0017,EB3505,06,65650-092,NO.COD.FAB,72.000,FILTRO BACTERIAL AZUL P/ASPIRADOR VP25 ESCHMANN,UND,-,,0
0017,EB3505,06,65650-095,NO.COD.FAB,618.000,CONECTOR ANGULADO P/FILTRO ASPIRADOR VP25 ESCHMANN,UND,-,,0
0017,EB3505,06,65651-929,82-929-14,11.000,TUBERIA DE SUCCION 6.35MM. x METRO P/MOD. VP25,UND,-,,0
0017,EM3544,08,ETI050,ETI050,1.000,ETIQUETA SIN ORIFICIO  PARA  USB  EVERMED,UND,-,,0
0017,FS3730,08,NC1800081,NC1800081,2.000,SWITCH, PUSH  BUTTON  FISHER,UND,-,,0
0017,GI4011,06,SA-300-R01,,2.000,STEAM TRAP PARA AUTOCLAVE MOD. SA-300VF GEMMY,UND,-,,0
0017,GI4011,06,SA-300-R02,NO.COD.FAB,1.000,PRESSURE SWITCH P/AUTOCLAVE MOD. SA-300VF GEMMY,UND,-,,0
0017,GF3900,08,12227,12227,1.000,RESISTENCIA CALEFACTORA 1.5KW P/BIDESTILADOR GFL,UND,-,,0
0017,GF3900,08,12421,12421,2.000,INTERRUPTOR FLOTADOR P/BIDESTILADOR 2108  GFL,UND,-,,0
0017,GF3900,08,12426,12426,1.000,INTERRUPTOR PRINCIPAL P/BIDESTILADOR MOD. 2108 GFL,UND,-,,0
0017,GF3900,08,12520,12520,2.000,CONTACTOR PARA BIDESTILADOR MOD. 2104  Y  2108  GFL,UND,-,,0
0017,GF3900,08,12539,12539,2.000,RELE PARA BIDESTILADOR MOD. 2108 GFL,UND,-,,0
0017,GF3900,08,12608,12608,3.000,LAMPARA PILOTO ROJO P/BIDESTILADOR MOD. 2108 GFL,UND,-,,0
0017,GF3900,08,12609,12609,2.000,LAMPARA PILOTO AMARILLO P/BIDESTILADOR MOD. 2108 GFL,UND,-,,0
0017,GF3900,08,13415,13415,2.000,INTERRUPTOR (CUT-OFF) DE BAJO NIVEL DE AGUA GFL,UND,-,,0
0017,GF3900,08,13780,13780,1.000,TARJETA ELECTRONICA DE CONTROL P/BIDESTILADOR GFL,UND,-,,0
0017,GF3900,08,14101,14101,2.000,VALVULA DE MANGUERA P/BIDESTILADOR MOD. 2108  GFL,UND,-,,0
0017,GF3900,08,15105,15105,1.000, ESPIGA 1/2   PARA BIDESTILADOR MOD. 2108  GFL ,UND,-,,0
0017,GF3900,08,24103,24103,1.000,CONDENSADOR PARA BIDESTILADOR MOD. 2108   GFL,UND,-,,0
0017,GF3900,08,24104,24104,1.000,SALIDA  DE MONODESTILADOR P/BIDESTILADOR MOD. 2108  GFL,UND,-,,0
0017,GF3900,08,24105,24105,1.000,SALIDA DE BIDESTILADOR  PARA MOD. 2108  GFL,UND,-,,0
0017,GF3900,06,2904,2904,3.000,FILTRO ANTICLORO P/BIDESTILADOR DE AGUA GFL,UND,-,,0
0017,GA4200,06,65000-027,MOID,2.000,DIAFRAGMA CON RESORTE P/COLCHON NEUMATICO GRANT,UND,-,,0
0017,GA4200,06,65000-028,G3031,5.000,BOLSA SILENCIADORA P/COLCHON NEUMATICO GRANT,UND,-,,0
0017,GT4195,06,F-E34DG-48,F-E34DG-48,3.000, ELECTRODO 48   MOD. F-E34DG-48 P/EEG PK/2 GRASS ,UND,-,,0
0017,GT4195,06,F-E6GH-48,F-E6GH-48,1.000, ELECTRODO 48   MOD. F-E6GH-48 P/EEG PK/10 GRASS ,UND,-,,0
0017,HL4316,06,470030,470030-51-1,1.000,SOLENOIDE P/AGITADOR DE BOLSA DE SANGRE MOD. 1023,UND,-,,0
0017,HL4316,06,BU159-SL014,BU159/SL014,2.000,LAMPARA XENON/HALOGENO P/NITE TRACK LSI SR2000,UND,-,,0
0017,H4316,06,01-016,01-016,1.000,CABLE TIPO CINTA 6 HILOS P/TEG 5000 HAEMOSCOPE,UND,-,,0
0017,H4316,06,01-033,01-033,2.000,CUBIERTA VERDE PARA LAMPARA  HAEMONETICS,UND,-,,0
0017,H4316,06,01-034,01-034,3.000,CUBIERTA AMARILLA PARA LAMPARA  HAEMONETICS,UND,-,,0
0017,H4316,06,02-005,02-005,5.000,PATA NIVELADORA HAEMONETICS,UND,-,,0
0017,H4316,06,02-013,02-013,4.000,PALANCA PARA COLUMNA INFERIOR  HAEMONETICS,UND,-,,0
0017,H4316,06,02-016,02-016,4.000, CABLE DE CONEXION DE 4    HAEMONETICS ,UND,-,,0
0017,H4316,06,02-044,02-044,5.000,TORSION WIRE ASSY  HAEMONETICS,UND,-,,0
0017,H4316,06,02-308,02-308,1.000,CABLE PARA INTERRUPTOR DE MOTOR  HAEMONETICS,UND,-,,0
0017,H4316,06,03-304,03-304,2.000,RING DRIVE  ASSY  HAEMONETICS,UND,-,,0
0017,H4316,08,03-400,03-400,1.000,MOTOR ELECTRICO  12V  60HZ.  HAEMONETICS,UND,-,,0
0017,H4316,06,03-403,03-403,3.000,FUENTE DE PODER  HAEMONETICS,UND,-,,0
0017,H4316,08,03-407,03-407,1.000,BANDEJA DE TRANSPORTE  HAEMONETICS,UND,-,,0
0017,H4316,06,03-408,03-408,1.000,CARCASA DELANTERA SUPERIOR PARA TEG500,UND,-,,0
0017,H4316,06,03-409,03-409,1.000,CARCASA PRINCIPAL - MAIN HOUSING  PARA TEG500,UND,-,,0
0017,H4316,06,07-001,07-001,1.000,WRENCH, TORQUE HAEMONETICS,UND,-,,0
0017,H4316,06,07-002,07-002,1.000,HERRAMIENTA DE ALINEACION HAEMONETICS,UND,-,,0
0017,H4316,06,07-003,07-003,1.000,CALIBRACION RESORTE ASSY HAEMONETICS,UND,-,,0
0017,H4316,06,07-036,07-036,2.000,COLUMN ASSEMBLY PARA TEG500  HAEMONETICS,UND,-,,0
0017,H4316,06,07-047,07-047,6.000,KIT DE INSTALACION P/TEG ANALYZER 5000 HAEMONETIC,UND,-,,0
0017,H4316,01,07-066,07-066,1.000,TROMBOELASTOGRAFO TEG5000 ANALIYZER 230V HAEMONET,UND,S041405219,,1
0017,H4316,08,09082-00,09082-00,2.000,TARJETA TERAPEUTICA PLASMA EXCHANGE HAEMONETICS,UND,-,,0
0017,H4316,06,09206-55,09206-55,2.000,RESORTE ( SPRING COMPRESSION ) HAEMONETICS,UND,-,,0
0017,H4316,06,105467-00,105467-00,4.000,PANTALLA - DISPLAY ASSEMBY P/MAQ. AFERESIS HAEMONE,UND,-,,0
0017,H4316,06,106789-00,106789-00,3.000,COMPRESOR DE AIRE C/SILENCIADOR HAEMONETICS,UND,-,,0
0017,H4316,06,107117-00,107117-00,3.000,TARJETA DE CONTROL TEMPERATURA C/PANTALLA HAEMONET,UND,-,,0
0017,H4316,06,107581-00,107581-00,1.000,ADAPTADOR  PARA CAMPANA  DE ELITE  HAEMONETICS,UND,-,,0
0017,H4316,06,10807-00,NO.COD.FAB,1.000,CABLE OPTICO CON SOPORTE CANAL IZQUIERDO HAEMO-LAB,UND,-,,0
0017,H4316,06,108628-00,108628-00,2.000,PORTADOR DE MUESTRAS HAEMONETICS,UND,-,,0
0017,H4316,06,110517-00,110517-00,2.000,TARJETA ELECTRONICA PRINCIPAL P/TEG 5000 HAEMONETI,UND,-,,0
0017,H4316,06,111566-00,111566-00,1.000,DISPLAY UPGRADE KIT DE ACTUALIZACION HAEMONETICS,UND,-,,0
0017,H4316,06,112320-ES,112320-ES,1.000,TARJETA DE PROTOCOLO UPP P/MOD. MCS+ 9000 HAEMONETICS,UND,20LL625,,1
0017,H4316,06,112320-ES,112320-ES,1.000,TARJETA DE PROTOCOLO UPP P/MOD. MCS+ 9000 HAEMONETICS,UND,20LL626,,1
0017,H4316,06,112498-02,112498-02,1.000,CABLE PARA DISPLAY DE CONTROL - HAEMONETICS,UND,-,,0
0017,H4316,06,112739-00,112739-00,3.000,TARJETA DE PANTALLA Y  TECLADO  HAEMONETICS,UND,-,,0
0017,H4316,06,11486-04,11486-04,4.000,EMPAQUETADURA DE RETENCION HAEMONETICS,UND,-,,0
0017,H4316,06,116120-00,116120-00,2.000,CARTUCHO  H2O   HAEMONETICS,UND,-,,0
0017,H4316,06,116121-00,116121-00,4.000,CARTUCHO  PWM   HAEMONETICS,UND,-,,0
0017,H4316,06,116230-00,116230-00,3.000,CARTUCHO  REJADJ    HAEMONETICS,UND,-,,0
0017,H4316,06,119003-00,119003-00,1.000,TARJETA DE PARAMETRIZACION P/MOD. MCS+-9000 HAEMONETICS,UND,24DD509,,1
0017,H4316,06,120867-00,120867-00,1.000,USB LLAVE DE ACCESO PARA PCS300  HAEMONETICS,UND,-,,0
0017,H4316,06,13024-07,13024-07,2.000,O-RING, E-RING RETAINING HAEMONETICS,UND,-,,0
0017,H4316,06,14666-13,14666-13,4.000,DOWEL PIN HAEMONETICS,UND,-,,0
0017,H4316,06,15073-00,NO.COD.FAB,1.000,REGULADOR P/CABLE OPTICO CANAL IZQUIERDO HAEMO-LAB,UND,-,,0
0017,H4316,06,15074-00,NO.COD.FAB,1.000,REGULADOR P/CABLE OPTICO CANAL DERECHO HAEMO-LAB U,UND,-,,0
0017,H4316,06,17541-02,,4.000,PORTAFILTRO HAEMONETICS,UND,-,,0
0017,H4316,06,18101-01,18101-01,2.000, CUFF ASSEMBLY 69   HAEMONETICS ,UND,-,,0
0017,H4316,06,19637-01,19637-01,2.000,FUSIBLE 5MM X 20MM 2.5 AMP. P/MCS+9000 HAEMONETI,UND,-,,0
0017,H4316,06,19642-00,19642-00,2.000,PORTA FUSIBLE PARA MCS+9000 HAEMONETICS,UND,-,,0
0017,H4316,06,19927-00,,3.000,BATERIA DE LITIO HAEMONETICS,UND,-,,0
0017,H4316,01,2005-220EP,2005-220EP,1.000,SISTEMA RECUPERADOR D/SANGRE CELL SAVER 5+ HAEMONET,UND,12F177,,1
0017,H4316,06,26-010,26-010,3.000,TARJETA ELECTRONICA AMPLIFICADORA  HAEMONETICS,UND,-,,0
0017,H4316,06,35159-01,35159-01,1.000,SENSOR DE AIRE P/MAQ. DE AFERESIS HAEMONETICS,UND,-,,0
0017,H4316,06,35159-02,35159-02,1.000,SENSOR DE AIRE P/SISTEMA MCS+ 9000 HAEMONETICS,UND,-,,0
0017,H4316,06,35191-00,35191-00,1.000,CABLE OPTICO P/ MCS 8150 HAEMONETICS,UND,-,,0
0017,H4316,06,35358-00,35358-00,1.000,MODULO DE ENTRADA DE ENERGIA HAEMONETICS,UND,-,,0
0017,H4316,06,36277-00,36277-00,1.000,FILTRO DE LINEA POWER ENTRY HAEMONETICS,UND,-,,0
0017,H4316,06,36560-10,36560-10,1.000,TARJETA ELECTRONICA SUPERIOR DE DISTRIBUCION  HAEMONETICS,UND,-,,0
0017,H4316,06,36649-00,36649-00,3.000,ROLLER ASSEMBLY URETHANE HAEMONETICS,UND,-,,0
0017,H4316,06,36728-00,36728-00,1.000,TARJETA DE ENSAMBLE ELECTRONICO HAEMONETICS,UND,-,,0
0017,H4316,06,36743-00,36743-00,2.000,TARJETA PARA CONTROL DE MOTOR P/LN9000 HAEMONETICS,UND,-,,0
0017,H4316,06,37049-00,37049-00,1.000,SENSOR DPM ASSY PARA MCS+ HAEMONETICS,UND,-,,0
0017,H4316,06,37136-00,37136-00,1.000,VALVULA NEUMATICA DE CIERRE Y APERTURA P/MCS+9000,UND,-,,0
0017,H4316,06,37390-00,37390-00,1.000,TARJETA ELECTRONICA MODULAR ASSY HAEMONETICS,UND,-,,0
0017,H4316,06,37436-00,37436-00,2.000,MEMBRANA INTERRUPTOR PANEL HAEMONETICS,UND,-,,0
0017,H4316,06,37573,NO.COD.FAB,1.000,TARJETA LECTORA DE CODIGO DE BARRAS P/MCS +,UND,-,,0
0017,H4316,06,37759-02,37759-02,4.000,ETIQUETA PARA BOMBA COLOR BLANCO HAEMONETICS,UND,-,,0
0017,H4316,08,37759-03,37759-03,1.000,ETIQUETA PARA BOMBA COLOR AZUL HAEMONETICS,UND,-,,0
0017,H4316,06,37846-00,37846-00,1.000,SENSOR DE FLUIDO ASSEMBLY HAEMONETICS,UND,-,,0
0017,H4316,06,37868-00,37868-00,1.000,PANEL DECORATIVO  HAEMONETICS,UND,-,,0
0017,H4316,06,37904-00,37904-00,1.000,COMPRESOR ASSEMBLY P/MOD. MCS+9000 HAEMONETICS,UND,-,,0
0017,H4316,08,38057-00,38057-00,2.000,CELDA DE CARGA PARA SEPARADOR SANGUINEO HAEMONETICS,UND,-,,0
0017,H4316,06,38118-00,38118-00,1.000,TARJETA SMART CARD ASSY P/MCS+ 9000 HAEMONETICS,UND,-,,0
0017,H4316,06,38125-00,38125-00,1.000,MONITOR DE GOTEO ASSEMBLY HAEMONETICS,UND,-,,0
0017,H4316,06,38126-00,38126-00,3.000,SOPORTE TIPO INTRA VENOSO P/MAQ. AFERESIS HAEMONE,UND,-,,0
0017,H4316,06,38127-00,38127-00,3.000,CABLE DE INTERFASE P/MCS+ 9000 HAEMONETICS,UND,-,,0
0017,H4316,06,38128-00,38128-00,1.000,CABLE DE INTERFASE P/MCS+ 9000 HAEMONETICS,UND,-,,0
0017,H4316,06,38130-00,38130-00,1.000,CABLE PLANO DE DISTRIBUCION HAEMONETICS,UND,-,,0
0017,H4316,06,38131-00,38131-00,2.000,CABLE DE INTERCONEXION CPU A SMART CARD HAEMONETIC,UND,-,,0
0017,H4316,06,38461-00,38461-00,1.000,KIT DE REPARACION PARA SEGURO P/MAQ. AFERESIS,UND,-,,0
0017,H4316,06,39040-00,39040-00,2.000,CONECTOR - POST ASSY HAEMONETICS,UND,-,,0
0017,H4316,06,39130-00,39130-00,1.000,ASSY RELEASE BUTTOM HAEMONETICS,UND,-,,0
0017,H4316,06,39208-11,39208-11,1.000,TARJETA  CPU  PARA SISTEMA DE AFERESIS MOD. 8150 HAEMONETICS,UND,-,,0
0017,H4316,06,39436-10,39436-10,5.000,SENSOR DE LINEA CON CUBIERTA HAEMONETICS,UND,-,,0
0017,H4316,06,39927-00,39927-00,4.000,BATERIA D/LITIO 3.5 V. P/EQUIPO MCS+ HAEMONETICS,UND,-,,0
0017,H4316,06,39971-00,39971-00,3.000,TARJETA DE PROTOCOLO SDP/PLP (9081) P/PLAQUETAS,UND,-,,0
0017,H4316,06,40-009,40-009,3.000,NIVEL DE BURBUJA PARA TROMBOELASTOGRAFO TEG-500,UND,-,,0
0017,H4316,06,47231-00,47231-00,4.000,ARANDELAS ( WASHER TRUST ) HAEMONETICS,UND,-,,0
0017,H4316,06,47536-00,47536-00,4.000,TARJETA DE DIAGNOSTICO P/MCS+2 VERS. C.1 HAEMONET,UND,-,,0
0017,H4316,08,48116-02,48116-02,1.000,ESPACIADOR DE TARJETA DE PODER - HAEMONETICS,UND,-,,0
0017,H4316,08,48117-02,48117-02,1.000,SEGURO DEL LADO IZQUIERDO - HAEMONETICS,UND,-,,0
0017,H4316,08,48118-02,48118-02,1.000,SEGURO DEL LADO DERECHO - HAEMONETICS,UND,-,,0
0017,H4316,06,49358-00,49358-00,5.000,CUBIERTA PARA P/EQUIPO AFERESIS MCS+9000 HAEMONETI,UND,-,,0
0017,H4316,06,49660-00,49660-00,6.000,KIT SUJETADOR DE FILTRO  HAEMONETICS,UND,-,,0
0017,H4316,06,50160-01,50160-01,2.000,TARJETA ELECTRONICA D/CONTROL VALVULA P/MCS+9000,UND,-,,0
0017,H4316,06,50830-01,50830-01,1.000,TARJETA ELECTRONICA KIT, CAMPO DE SERVICIO P/MCS+,UND,-,,0
0017,H4316,06,51410-00,51410-00,1.000,SENSOR DE DERRAME FLUIDO P/ MCS+9000 HAEMONETICS,UND,-,,0
0017,H4316,06,51411-00,51411-00,2.000,TARJETA ELECT. P/SENSOR DE DERRAME FL.P/ MCS+ 9000,UND,-,,0
0017,H4316,06,51412-00,51412-00,2.000,KIT P/SENSOR DE DERRAME FL. P/ MCS+9000 HAEMONETIC,UND,-,,0
0017,H4316,06,52271-00,52271-00,3.000,CABLE DE INTERCONEXION P/IMPRESORA HAEMONETICS,UND,-,,0
0017,H4316,06,52303-02,52303-02,1.000,BRAZALETE  LATEX ADULTO PARA MCS+9000  HAEMONETICS,UND,-,,0
0017,H4316,06,52304-02,52304-02,2.000,BRAZALETE LATEX, ADULTO P/MCS+ 9000 HAEMONETICS,UND,-,,0
0017,H4316,06,52971-00,52971-00,1.000,DISCO IMAN  HAEMNOETICS,UND,-,,0
0017,H4316,06,53058-06,53058-06,3.000,PANEL MEMBRANA OVERLAY HAEMONETICS,UND,-,,0
0017,H4316,06,61621-104,61621-104,10.000,TORNILLO DE BANDEJA - HAEMONETICS,UND,-,,0
0017,H4316,06,61621-106,61621-106,3.000,TORNILLO SUJETADOR DE  POLE  HAEMONETICS,UND,-,,0
0017,H4316,06,61621-108,61621-108,1.000,TORNILLO DE BANDEJA - HAEMONETICS,UND,-,,0
0017,H4316,08,79403-10,79403-10,1.000,DPM SENSOR ASSEMBLY   HAEMONETICS,UND,-,,0
0017,H4316,01,8150-110,08150-110-E,1.000,SISTEMA DE AFERESIS MOD. MCS+ 8150-110E HAEMONETIC,UND,96B195,,1
0017,H4316,06,85209-06,85209-6,5.000,MEMBRANA DE TECLADO  PARA EQUIPO AFERESIS HAEMONETICS,UND,-,,0
0017,H4316,06,85230-06,85230-06,8.000,BINDER ASSY  PARA  MCS+9000  HAEMONETICS,UND,-,,0
0017,H4316,06,86158-01,86158-01,2.000,TARJETA ELECTRONICA DE SEGURIDAD P/MCS+ HAEMONETIC,UND,-,,0
0017,H4316,06,86158-10,86158-10,1.000,TARJETA ELECTRONICA DE SEGURIDAD HAEMONETICS,UND,-,,0
0017,H4316,06,89965-06,89965-06,1.000,TARJETA DE PROTOCOLO PBSC ESPAÑOL P/MOD. MCS+9000,UND,18GG512,,1
0017,H4316,08,ECC-01-000,ECC-01-000,1.000,CARTUCHO  ECC        HAEMONETICS,UND,SP102546123G,,1
0017,H4316,08,HAR-E230,HAR-E230-XX,1.000,UNIDAD DE SUCCION HARMONY 230V. HAEMONETICS,UND,12B075,,1
0017,H4316,08,HAR-E230,HAR-E230-XX,1.000,UNIDAD DE SUCCION HARMONY 230V. HAEMONETICS,UND,12B267,,1
0017,H4316,06,TF7090-00,TF7090-00,1.000,FIXTURE, HERRAMIENTA PARA CALIBRACION DE VACIO  HAEMONETICS,UND,-,,0
0017,H4316,06,TF7280-00,TF7280-00,1.000,FIXTURE, HARMONY MEDICION DE FLUJO  HAEMONETICS,UND,-,,0
0017,H4316,06,TF7911-00,TF7911-00,1.000,FIXTURE, CALIBRADOR DE OPTICAS  HAEMONETICS,UND,-,,0
0017,H4316,06,TF8217-00,TF8217-00,1.000,PESA PARA SENSOR DE PRESION   HAEMONETICS,UND,-,,0
0017,H4316,06,TF8218-00,TF8218-00,1.000,SOPORTE DE CLIBRACION PARA EQUIPO CS-ELITE  HAEMONETICS,UND,-,,0
0017,HM4325,08,0274000357,0274000357,5.000,PANTALLA PARA REFRIGERADOR MOD. HBC-260 HAIER,UND,-,,0
0017,HM4428,08,1321-700-0002,1321-700-0002,1.000,SAFETY VALVE,UND,-,,0
0017,HM4428,06,22BL-500-0007,22BL-500-0007,2.000, VALVULA DE SOLENOIDE  1/4    PARKER  HANSHIN ,UND,-,,0
0017,HM4428,06,22SD-500-10,22SD-500-10,1.000,TARJETA PRINCIPAL PARA MOD.  HS-3041BL,UND,-,,0
0017,HM4428,06,2321-300-0001,2321-300-0001,1.000,EMPAQUETADURA P/PUERTA ESTERILIZADOR HS-2321V HANSHIN,UND,-,,0
0017,HM4428,08,2321-700-001,2321-700-001,9.000,FILTRO DE AIRE PARA AUTOCLAVE  HS3041BL  HANSHIN,UND,-,,0
0017,HM4428,06,35BL-300-0201-02,,1.000,DOOR GASKET JUNTA D EPUERTA PARA ESTERILIZADOR HANSHIN,UND,-,,0
0017,HM4428,06,35BL-300-0701,35BL-300-0701,15.000,TANQUE DE RESERVORIO P/ESTERILIZADOR  HS-3041BL HANSHIN,UND,-,,0
0017,HM4428,06,41BL-300-0201,41BL-300-0201,3.000,DOOR GASKET - JUNTA DE PUERTA P/ ESTERILIZADOR,UND,-,,0
0017,HM4428,06,41BL-300-0201-01,41BL-300-0201-01,3.000,DOOR GASKET - JUNTA DE PUERTA P/ESTERILIZADOR HANSHIN,UND,-,,0
0017,HM4428,06,9041-300,9041-300-0001,8.000,EMPAQUETADURA P/PUERTA AUTOCLAVE HANSHIN,UND,-,,0
0017,HM4428,06,HC-2416B,NO.COD.FAB,2.000,MAIN AND SUB PCB BOARD P/MOD. HHC-24 HANSHIN,UND,-,,0
0017,HM4428,06,HS-2321-01F,NO.COD.FAB,23.000,FUSIBLES 250V. 5A. PK/3 P/AUTOCLAVE HANSHIN,UND,-,,0
0017,HM4428,06,HS-2321-01P,NO.COD.FAB,11.000,ROLLO DE PAPEL IMPRESORA P/AUTOCLAVE HS-2321,UND,-,,0
0017,HM4428,06,HS-2321-02F,NO.COD.FAB,63.000,FILTRO PARA AUTOCLAVE HS-2321V (2321-700) HANSHIN,UND,-,,0
0017,HM4428,06,HS-2321A-A,HS2321A-A,1.000,TARJETA ELECTRONICA PRINCIPAL P/AUTOCLAVE HS-3041V,UND,-,,0
0017,HM4428,06,HS-2321P,NO.COD.FAB,47.000,MEMORIAS PARA CPU PARA MOD. HS-2321V HANSHIN MED,UND,-,,0
0017,HM4428,06,HS-2321V-A,HS2321V-A,1.000,TARJETA ELECT. Y MICROPROCESADOR P/MOD. HS-3041V,UND,-,,0
0017,HM4428,06,HS-3041-B,,1.000,BANDEJA PARA ESTERILIZADOR MOD. HS.3041BL  HANSHIN,UND,-,,0
0017,HM4428,06,HS-3041-F,NO.COD.FAB,1.000,FILTRO P/AUTOCLAVE MOD. HS-3041V HANSHIN MEDICA,UND,-,,0
0017,HM4428,06,HS-P3041,,2.000,KIT RECUPERADOR / PROGRAMADOR DE CIRCUITOS HANSHIN,UND,-,,0
0017,HM4428,08,NSNCOND,,9.000,CONDENSADOR PARA AUTOCLAVE  HS3041BL  HANSHIN,UND,-,,0
0017,HM4428,08,NSNHIN,,9.000,BISAGRA DE PUERTA PARA AUTOCLAVE  HS3041BL  HANSHIN,UND,-,,0
0017,HM4428,08,NSNLAT,,9.000,SEGURO DE PUERTA PARA  AUTOCLAVE  HS3041BL   HANSHIN,UND,-,,0
0017,HG4493,06,1410017,1410017,1.000,DISPLAY HAWO,UND,-,,0
0017,HG4493,06,1410074,1410074,1.000,TRAJETA DE CONTROL PARA SELLADORA DE BOLSAS HAWO,UND,-,,0
0017,HG4493,06,1561003,1561003,1.000,SENSOR DE LUZ HAWO,UND,-,,0
0017,HG4493,06,6055003,6055003,3.000,PLASTIC BAR PARA HM 631 S CUTTING DEVICE HAWO,UND,-,,0
0017,HG4493,06,6-105-285,6-105-285,5.000,CINTA PTFE DE SELLADO MOLDEADO HAWO,UND,-,,0
0017,HG4493,06,6-271-008,6-271-008,2.000,CORREA DENTADA TRANSPORTADORA MATERIAL HAWO,UND,-,,0
0017,HG4493,06,6536032,6536032,2.000,CARTUCHO CALENTADOR HAWO,UND,-,,0
0017,HG4493,06,6561025,6.561.025,9.000,SWITCH PARA SELLADOR HAWO,UND,-,,0
0017,HG4493,06,6-564-023,6-564-023,2.000,SENSOR DE TEMPERATURA P/HM 880 DC-V HAWO,UND,-,,0
0017,HI4499,06,120263,120263,1.000,RESISTENCIA LAMIN FOIL P/DESCONGELAD. MOD. DH-8,UND,-,,0
0017,HI4499,06,120269,120269,1.000,TRIAC PARA DESCONGELADOR MOD. DH-8 HELMER,UND,-,,0
0017,HI4499,06,120400,120400,1.000,FILTRO DE LINEA PARA REFRIGERADORA HELMER,UND,-,,0
0017,HI4499,06,120426,120426,2.000,RELAY POWER 25 AMP. P/REFRIGERADORA ILR120 HELMER,UND,-,,0
0017,HI4499,01,120959,120959,1.000,CABLE DE COMUNICACION P/INCUBADORA SERIE PRO HELMER,UND,-,,0
0017,HI4499,08,120984,120984,6.000,LLAVE SWITCH QUICK CONNECT P/MOD. HLR245-GX  HELMER,UND,-,,0
0017,HI4499,03,213028,213028,2.000, CINTA DE ESPUMA ADHESIVA DE 1/2   DE ANCHO  HELMER ,ROL,-,,0
0017,HI4499,08,220630,220630,6.000,LLAVE 200R FOR 220540 PARA MOD.  HLR245-GX  HELMER,UND,-,,0
0017,HI4499,03,230295,230295,40.000, RIBETES DE 1/8   x 1/8    COLOR NEGRO OXIDO  HELMER ,UND,-,,0
0017,HI4499,06,321271-1,321271-1.,1.000,EMPAQUETADURA PARA PUERTA   HELMER,UND,-,,0
0017,HI4499,06,360103-1E,360103-1E,1.000,DATA FLASH P/CONGELADORA HELMER,UND,-,,0
0017,HI4499,06,360103-1K,360103-1K,1.000,DATA FLASH PARA REFRIGERADORA HELMER,UND,-,,0
0017,HI4499,06,360104-1E,360104-1E,1.000,DATA FLASH PARA INCUBADORA HELMER,UND,-,,0
0017,HI4499,06,370024-1,37004-1,2.000,ETIQUETA MARCA HELMER,UND,-,,0
0017,HI4499,06,400348-1,400348-1,1.000,CLEANBATH P/DESCONGELADOR DH-8 HELMER,UND,-,,0
0017,HI4499,08,400922-1,400922-1,6.000,KIT PROBE BOTTLE/CAP GLYCERIN P/REFRIGERADOR HELME,UND,-,,0
0017,HI4499,08,400954-1,400954-1,1.000,TARJETA ELECTRONICA LED UNIDAD P/REFRIGERADRA HEL,UND,-,,0
0017,HI4499,06,400954-2,400954-2,2.000,LAMPARA  LED  HELMER,CU,-,,0
0017,HI4499,06,800009-1,800009-1,1.000,CABLE DE COMUNICACION P/TARJETA Y CONTROL HELMER,UND,-,,0
0017,HI4499,06,800034-1,800034-1,1.000,SERIE CONTROL KIT P/REFRIGERADORA HELMER,UND,-,,0
0017,HI4499,06,800034-2,800034-2,1.000,KIT I SERIE CONTROL PCBA P/REFRIGERADORA ILR120 HE,UND,-,,0
0017,HI4499,06,800035-1,800035-1,3.000,TARJETA SERIE CONTROL KIT I P/REFRIGERADOR HELMER,UND,-,,0
0017,HI4499,06,800037-1,800037-1,2.000,SENSOR DE TEMPERATURA PARA REFRIGERADORA ILR120 SONDA INFERI,UND,-,,0
0017,HI4499,06,800038-1,800038-1,1.000,SENSOR DE TEMPERATURA PARA REFRIGERADORA  HELMER,UND,-,,0
0017,HI4499,06,800039-1,,1.000,SENSOR DE TEMPERATURA PARA CONDENSADOR HELMER,UND,-,,0
0017,HI4499,06,800041-1,800041-1,4.000,CONJUNTO DE PANTALLA HELMER,UND,-,,0
0017,HI4499,06,800049-1,800049-1,19.000,FOCOS LED BOARD P/REFRIGERADOR HELMER,UND,-,,0
0017,HI4499,06,800135-1,800135-1,4.000,MEMORIA SD P/TARJETA DE REFRIGERADORA HELMER,UND,-,,0
0017,HI4499,06,800136-1,800136-1,1.000,MEMORIA SD P/TARJETA DE CONGELADORA HELMER,UND,-,,0
0017,HI4499,08,800917-1,800917-1,2.000,KIT BLUE BOARD SD CARD REPLACEMENT REF  HELMER,UND,-,,0
0017,HI4499,01,IPF125-01,IPF125,1.000,CONGELADOR DE PLASMA MOD. IPF125 INT. ACERO INOX,UND,-,,0
0017,HERMAN,06,241724-G1,3D01-G1,241724-G1,3D01-G1,2.000,RECAMBIO ASIENTO DE SILLA TAMAÑO B,UND,-,,0
0017,HR4609,06,2694570,,190.000,FILTRO D/REPUESTO P/MOD.C450QT,C400QT C/U HILL-ROM,UND,-,,0
0017,HR4609,06,6707075,6707075,14.000,FILTRO DE AIRE P/INCUBADORA MOD. TI500 HILL-ROM,UND,-,,0
0017,HR4609,06,6812070,,100.000,MANGAS P/PUERTA TIPO OVAL MOD.C450QT,C400QT,C2000/,UND,-,,0
0017,HR4609,06,8310130-X,NO.COD.FAB,6.000,FILTRO DE AIRE P/ MOD.ISOLETTE C2000 UNIDAD HILL-,UND,-,,0
0017,HR4609,06,8320045,8320045,2.000,BASE P/MODULO DE SENSORES DE INCUBADORA NEONATAL,UND,-,,0
0017,HR4609,06,8410713,8410713,1.000,ANILLO O´RING P/MAQUINA DE ANESTESIA DRAGER,UND,-,,0
0017,HR4609,06,8590058,8590058,11.000,RESERVORIO SERVO CONTROL HUMEDAD P/INCUBADORA HILL,UND,-,,0
0017,JW5155,06,2-66-00053-00,2-66-00053-00,1.000,RESISTENCIA,UND,-,,0
0017,JW5155,06,SC45/65-400-017,SC45/65-400-017,2.000,FILTRO DE AIRE  0.3 MICRONS  P/ MOD.  CHS-ST65  JW,UND,-,,0
0017,JW5155,06,SC65-400-014,SC65-400-014,1.000,TARJETA ELECTRONICA MAIN CONTROL BOARD JW HOLDINGS,UND,-,,0
0017,JW,06,335-000-1700,335-000-1700,2.000,VALVULA SOLENOIDE P/ESTERILIZADOR CHS-ST065 JW,UND,-,,0
0017,JW,06,335-000-1800,335-000-1800,2.000,VALVULA SOLENOIDE P/ESTERILIZAD. CHS-ST065 JW,UND,-,,0
0017,JW,06,3460027900,3460027900,2.000,TARJETA ELECTRONICA PRINCIPAL P/MOD.  CHS-ST065  JW,UND,-,,0
0017,JW,06,346-002-7900,346-002-7900,1.000,TARJETA ELECTRONICA P/ESTERILIZAD. CHS-ST065 JW,UND,-,,0
0017,JW,06,356-000-6700,356-000-6700,1.000,SENSOR DE TEMPERATURA P/ESTERILIZADOR CHS-ST065 JW,UND,-,,0
0017,JW,06,3610001700,3610001700,1.000,FUENTE DE PODER  FEL2202W DC 5V (2A )  P/MOD. CHS-ST65  JW,UND,-,,0
0017,JW,06,3930096100,3930096100,2.000,CIRCUITO INTEGRADO   JW HOLDING,UND,-,,0
0017,JW,06,CHS-0001,,2.000,CHIP PARA LA SECCION CONTROL P/AUTOCLAVE CHS-ST065,UND,-,,0
0017,KA5281,06,2350874,2350874,1.000,PANEL DE CONTROL ELECTRONICO 731 KEN,UND,-,,0
0017,KA5281,06,2350878,,1.000,LOWER WASH HEAD COMPLETE KEN,UND,-,,0
0017,KA5281,06,2350911,2350911,1.000,TARJETA ELECTRONICA COM2005 ST. KEN,UND,-,,0
0017,KA5281,06,2360368,2360368,1.000,REED CONTACT. P/LAVACHATAS KEN,UND,-,,0
0017,KA5281,08,7300786,7300786,10.000,JUNTA DE SILICONA NEGRO PARA BRAZO ASPERSOR KEN,CU,-,,0
0017,KA5281,06,7500120,7500120,14.000,CINTA PARA IMPRESORA KEN,UND,-,,0
0017,KA5281,06,7500122,7500122,24.000,PAPEL PARA IMPRESORA EN ROLLO 50MM. KEN,UND,-,,0
0017,KA5281,06,7601013,,1.000,SENSOR DE TEMPERATURA PT100 KEN,UND,-,,0
0017,KA5281,06,7601022,,8.000,EMPAQUETADURA AXIAL PARA LAVADORA DESCONTAMINADORA,UND,-,,0
0017,KA5281,06,7601025,7601025,1.000,MOTOR DE PUERTA P/LAVACHATAS KEN,UND,-,,0
0017,KA5281,08,7603578,7603578,1.000,RESISTENCIA CALEFACTORA  3KW 230V  KEN,UND,-,,0
0017,K05282,06,A-70002,A-70002,1.000,SISTEMA DE EXTENSION FLEX ALLEN P/MESA OPERAC. KEN,UND,-,,0
0017,K05282,06,O-YFASI,O-YFASI,4.000,PIERNERA YELLOFIN P/MESA DE OPERAC. MANUAL KENKAR,UND,-,,0
0017,KO5532,06,M-2335-06X,NO.COD.FAB,3.000,OCULARES DE 6X P/MICROSCOPIO UNIDAD KYOWA,UND,-,,0
0017,KO5532,06,M-2611-025,NO.COD.FAB,1.000,PIEZA OPTICA TC-PH2.5X P/MICROSCOPIO TRINOCULAR KY,UND,-,,0
0017,LC5580,06,10VSK1,10VSK1,1.000,FILTRO DE ENTRADA ELECTRICA P/CABINA LABCONCO,UND,-,,0
0017,LC5580,06,1232800,1232800,3.000,TOMACORRIENTE MARCA LEVITON LABCONCO,UND,-,,0
0017,LC5580,06,1233000,1233000,66.000,TOMACORRIENTE DUPLEX LABCONCO,UND,-,,0
0017,LC5580,08,1327209,1327209,1.000,TERMICO DE 4 AMP. - CIRCUITO BREAKER LABCONCO,UND,-,,0
0017,LC5580,06,1488400,1488400,10.000,SEGURO CONECTOR DE JEBE P/BOMBA VACIO LABCONCO,UND,-,,0
0017,LC5580,06,166380,166380,4.000,VALVULA DE SERVICIO COMPLETA PARA CABINA LABCONCO,UND,-,,0
0017,LC5580,06,1880940,1880940,392.000,TORNILLO DE CABEZA HEXAGONAL LABCONCO,UND,-,,0
0017,LC5580,06,1886206,1886206,280.000,TORNILLO CABEZA OVALADA LABCONCO,UND,-,,0
0017,LC5580,06,1905023,1905023,392.000,TUERCA OVALADA 5/16 - 18 LABCONCO,UND,-,,0
0017,LC5580,06,1910017,1910017,395.000,ARANDELA DE PRESION 5/16 LABCONCO,UND,-,,0
0017,LC5580,06,1911017,1911017,348.000,ARANDELA PLANA LABCONCO,UND,-,,0
0017,LC5580,08,1988000-0,1988000,1.000,ACEITE PARA BOMBA DE VACIO  1 LITRO  LABCONCO,UND,-,,0
0017,LC5580,08,3519400,3519400,16.000,KIT LOGIC SASH RETAINER  LABCONCO,KIT,-,,0
0017,LC5580,08,3519800,3519800,2.000,LIFTING TOOL, LOGIC COUNTER  LABCONCO,UND,-,,0
0017,LC5580,06,3739401,3739401,2.000,FILTRO HEPA SUPPLY(ENTRADA)P/CABINA 4´ CLASS II B2,UND,-,,0
0017,LC5580,06,3739402,3739402,2.000,FILTRO HEPA SUPPLY(ENTRADA)P/CABINA 6´ SERIE DELTA,UND,-,,0
0017,LC5580,06,3739501,3739501,1.000,FILTRO HEPA DE EXTRACCION P/CABINA LABCONCO,UND,-,,0
0017,LC5580,06,3739502,3739502,1.000,FILTRO HEPA EXHAUST(SALIDA)P/CABINA 6´ SERIE DELTA,UND,-,,0
0017,LC5580,06,3742500,3742500,2.000,REACTOR PARA LAMPARA UV DE CABINA FLUJO LAMINAR,UND,-,,0
0017,LC5580,06,3753400,3753400,46.000,EMPAQUETADURA DE SALIDA LABCONCO,UND,-,,0
0017,LC5580,08,3835710,3835710,2.000,TAPA TERMINAL  DERECHO  LABCONCO,UND,-,,0
0017,LC5580,08,3836405,3836405,10.000,SOPORTE SENSOR TEMPERATURA   LABCONCO,UND,-,,0
0017,LC5580,06,3843601,3843601,66.000,CUBIERTA DE SALIDA P/TOMACORRIENTE LABCONCO,UND,-,,0
0017,LC5580,06,3858603,3858603,1.000,KITS  DE BARRA  IV  LABCONCO,UND,-,,0
0017,LC5580,06,47189,4718900,1.000, DUCTO PVC 8   DIAMET. 1.78MT.P/CABINA FLJO LABCONCO ,UND,-,,0
0017,LC5580,06,47190,4719000,1.000, CODO DE 90-DG, 8  DIAMET. P/CABINA FLJO LAM. LABCON ,UND,-,,0
0017,LC5580,06,49822-00,49822-00,1.000,PLACA DE PANEL DE CONTROL P/PROTECTOR HOOD LABCONC,UND,-,,0
0017,LC5580,06,56060,5606000,1.000, DUCTO REDUCTOR PVC DE 8   X 10´ P/CABINA LABCONCO ,UND,-,,0
0017,LC5580,06,5606100,5606100,1.000, DUCTO REDUCTOR PVC DE 10   A 12   LABCONCO ,UND,-,,0
0017,LC5580,06,7034200,7034200,4.000, DUCTO DE CONEXION FLEXIBLE 11   LABCONCO ,UND,-,,0
0017,LC5580,06,70673-X,,3.000, UNION DE 12   x 315 MM. P/ CAMPANA DE VAPOR ,UND,-,,0
0017,LC5580,08,7180600,718060011382,1.000,EXTRACTOR DE AIRE D/FIBRA VIDRIO P/CAMPANA LABCONC,UND,-,,0
0017,LC5580,06,7505800,7505800,4.000,EMPAQUETADURA DE VALVULA P/BOMBA VACIO LABCONCO,UND,-,,0
0017,LC5580,06,7546000,7546000,16.000,ADAPTADOR D/VIDRIO P/FRASCO D/LIOFILIZADOR LABCONC,UND,-,,0
0017,LC5580,06,7645908,7645908,2.000, CONECTOR INTERNO DE JEBE 17   P/BOMBA VACIO LABCONC ,UND,-,,0
0017,LC5580,06,7645940,,2.000,MANGUERA DE PVC LABCONCO,UND,-,,0
0017,LIFE TEC,08,20240356,20240356,1.000,CIRCULADOR DE AIRE PARA CENTRIFUGA LIFE TECH,UND,-,,0
0017,LIFE TEC,06,4444436,4444436,1.000,MASTERMIX TAQMAN FASTVIRUS DE 1 PASO P/DETECC. VIRAL APPLIED,UND,-,,0
0017,LIFE TEC,06,A49024,A49024,1.000,KIT,  1-LIC  DA HRM  PLUGIN,KIT,-,,0
0017,MC6110,06,B-240,NO.COD.FAB,1.000,RODAJE P/MAQ.CORTADORA DE GASA MOD.59 MAIMIN,UND,-,,0
0017,M6272,06,21914-2,21914.2,1.000, ELECTROVALVULA INOX. 3/4   220V. 60HZ. MATACHANA ,UND,-,,0
0017,M6272,06,21915,21915,1.000,SONDA PT100 DOBLE P/ESTERILZADOR 130LF MATACHANA,UND,-,,0
0017,M6272,06,21916,21916,2.000,ELECTROVALVULA LLENADO-VACIADO P/MOD. 130LF MATACH,UND,-,,0
0017,M6272,06,21918,21918,6.000, ELECTROVALVULA IGUALACION/DOSIFICACION 1/4   MATAC ,UND,-,,0
0017,M6272,06,21919,NO.COD.FAB,2.000,CONJUNTO DEL FILTRO DE AIREACION MATACHANA,UND,-,,0
0017,M6272,06,21921,21921,1.000,TERMOSTATO VAPORIZADOR P/MOD. 130LF MATACHANA,UND,-,,0
0017,M6272,06,21928,NO.COD.FAB,1.000,BOMBA DOSIFICADORA P/ESTERILIZACION 130LF MATACHAN,UND,-,,0
0017,M6272,06,21943,NO.COD.FAB,1.000,PERFORADOR BOLSA DE FORMOLPARA MOD. 130LF MATACHAN,UND,-,,0
0017,M6272,06,21943-1,NO.COD.FAB,1.000,JUNTA ( O-RING ) 6x3 P/PERFORADOR BOLSA DE FORMOL,UND,-,,0
0017,M6272,06,21959,NO.COD.FAB,1.000, CONECTOR INOX. HEMBRA TUBO 8 - 1/4   MATACHANA ,UND,-,,0
0017,M6272,06,21995-5,21995-5,2.000,JUNTA TORICA DIAM. 56.74 x 3.53 P/CIL. NEUMATICO,UND,-,,0
0017,M6272,06,21996-3,21996-3,2.000,JUNTA TORICA DIAM. 7x1.5 P/VALVULA SEG. MATACHANA,UND,-,,0
0017,M6272,06,40925-6,40925.6,2.000,ENCHUFE P/TERMINALES FASTON 16A-250V. MATACHANA,UND,-,,0
0017,M6272,06,40925-7,40925.7,2.000,CABLE DE PODER 2M. CONECTOR TERMINAL PLANO MATACHA,UND,-,,0
0017,M6272,06,41065,41065,2.000,NIVEL MAGNETICO ALTO/BAJO P/ MOD. 130HPO,UND,-,,0
0017,M6272,06,41188-7,41188.7,1.000,INTERRUPTOR AUTOMAT. III C/ACCIONAMIENTO REMOTO,UND,-,,0
0017,M6272,06,41189-6,41189-6,1.000,INTERRUPTOR AUTOMATICO III AJUST. 160-200A MATACHA,UND,-,,0
0017,M6272,06,41189-9,41189.9,1.000,MANDO GIRATORIO INTERRUPTOR AUTOMATICO MATACHANA,UND,-,,0
0017,M6272,06,41190-7,41190-7,1.000,DISPARADOR DE APERTURA P/INTERRUPTOR MATACHANA,UND,-,,0
0017,M6272,06,41215-3,41215-3,12.000,BORNE DE TIERRA EK 4/35 PA  MATACHANA,UND,-,,0
0017,M6272,06,41257,41257,1.000,PANTALLA TACTIL PP65 NEGRA MATACHANA,UND,-,,0
0017,M6272,06,41257.3,41257.3,1.000,MODULO BUS RECEPTOR X2X,UND,-,,0
0017,M6272,06,41257.6,41257.6,1.000,MODULO ENTRADAS ANALOGICAS,UND,-,,0
0017,M6272,06,41257.7,41257.7,1.000,MODULO DE ENTRADA TEMPERATURAS  MATACHANA,UND,-,,0
0017,M6272,06,41257-1,41257-1,1.000,PANTALLA PANELWARE 4x20 LCD NEGRA MATACHANA,UND,-,,0
0017,M6272,06,41257-4,41257-4,1.000,MODULO DE ENTRADAS DIGITALES MATACHANA,UND,-,,0
0017,M6272,06,41258.5,41258.5,1.000,BASE MODULO BUS,UND,-,,0
0017,M6272,06,41258-3,41258-3,1.000,CONECTOR 3 PIN MATACHANA,UND,-,,0
0017,M6272,06,41258-8,41258.8,2.000,CONECTOR MODULO 12 PINES MATACHANA,UND,-,,0
0017,M6272,08,41259.6,41259.6,8.000,BATERIA DE LITIO 3V. PARA  PP65  MATACHANA,UND,-,,0
0017,M6272,06,41270-1,41270-1,1.000,CONTACTOR SIRIUS R3 24V. C/ANTIPARASIT. MATACHAN,UND,-,,0
0017,M6272,06,41281-8,41281-8,1.000,KIT SUBSTITUCION PULSADOR MARCHA IMAGEN MATACHANA,UND,-,,0
0017,M6272,06,41282-4,41282-4,2.000,LED AZUL PARA PULSADOR DE MARCHA IMAGEN MATACHAN,UND,-,,0
0017,M6272,06,41299-3,41299-3,1.000,CONTACTOR SIRIUS R3 24V. DC C/ANTIPARASITARIO,UND,-,,0
0017,M6272,06,41302-2X,NO.COD.FAB,4.000,BOBINA P/CONTACTOR DE AUTOCLAVE S-1000 MATACHANA,UND,-,,0
0017,M6272,06,41302-5,41302.5,2.000,CONTACTOR SIEMENS SIRIUS TAMAÐO S3 230V. MATACHAN,UND,-,,0
0017,M6272,06,41303-5,41303-5,2.000,CONTACTOR RESISTENCIA 3 POLOS TAMAÐO S2 MATACHANA,UND,-,,0
0017,M6272,06,41303-7,41303-7,3.000,CONTACTOR RESISTENCIAS 3 POLOS MATACHANA,UND,-,,0
0017,M6272,06,41304-1,41304.1,1.000,CONTACTOR  RESISTENCIAS 3 POLOS  15KW  MATACHANA,UND,-,,0
0017,M6272,06,41312-2,41312-2,3.000,CONECTOR M112 4P MATACHANA,UND,-,,0
0017,M6272,06,41314-2,41314-2,5.000,CONECTOR M8 4P MATACHANA,UND,-,,0
0017,M6272,06,41316-3,41316.3,1.000,ELEMENTO RC P/CONTACTOR SIEMENS S3 MATACHANA,UND,-,,0
0017,M6272,08,41321.7,41321.7,1.000,CARATULA ADHESIVA PANEL OP73 COLOR AZUL MATACHANA,UND,-,,0
0017,M6272,06,41321-7,41321-7,1.000,CARATULA ADHESIVA PANEL OP73 COLOR AZUL MATACHANA,UND,-,,0
0017,M6272,06,41325-6,41325.6,1.000,MICRO MEMORIA SIMATIC S7 TARJETA DE 128KB MATACH,UND,-,,0
0017,M6272,08,41326-8,41326.8,1.000,BATERIA DE RESPALDO 3.5V 1.7A.SIEMENS P/SIMATIC S7,UND,-,,0
0017,M6272,06,41327-2,41327-2,3.000,MODULO SM323 SIMATIC S7 16 ENTRADA/SALIDA DIGITAL,UND,-,,0
0017,M6272,06,41328-7,41328-1,2.000,SIMATIC S7 MEMORIA FLASH EPROM 128KB MATACHANA,UND,-,,0
0017,M6272,06,41336-6,41336-6,2.000,MEMORIA EEPROM 28C64 PROGRAMA SERIE 1000 MATACHAN,UND,-,,0
0017,M6272,06,41336-8,41336-8,2.000,MEMORIA EPROM 32K TEXTOS SERIE 1000 MATACHANA,UND,-,,0
0017,M6272,06,41350.1,41350.1,3.000,CONECTOR M12  HEMBRA-EXTREMO LIBRE 3Mx0.34 MATACHANA,UND,-,,0
0017,M6272,06,41355,41355,1.000,VENTILADOR 119x119x38 MM.MODULO ELECT. LATERAL,UND,-,,0
0017,M6272,06,41355.5,41355.5,1.000,VENTILADOR DE 80x80x38MM.  230V. MATACHANA,UND,-,,0
0017,M6272,06,41355-2,41355-2,1.000,VENTILADOR DE 150 x172x55 MM. 230VAC MATACHANA,UND,-,,0
0017,M6272,06,41355-5,41355-5,2.000,VENTILADOR DE 80 x 80 x 38MM. 230V. 60HZ. MATACH,UND,-,,0
0017,M6272,08,41375.1,41375.1,2.000,SONDA  PT-100 CLASE A  3 HILOS, C/CABLE  MATACHANA,UND,-,,0
0017,M6272,06,41379-6,41379.6,1.000,TERMOSTATO ELECTRONICO DIGITAL C/SONDA MATACHANA,UND,-,,0
0017,M6272,08,41380.2,41380.2,1.000,TERMOSTATO DE SEGURIDAD RANGO  210 - 250 C.  MATACHANA,UND,-,,0
0017,M6272,06,41386-4,41386.4,2.000,TRANSDUCTOR D/TEMPERATURA PT-100 4/20 MA. MATACHAN,UND,-,,0
0017,M6272,08,41387.5,41387.5,1.000,TRANSDUCTOR P. WIKA A10, 0-4BAR,UND,-,,0
0017,M6272,06,41388-6,41388.6,1.000,TRANSMISION DE PRESION ABSOLUTA 0-20MA MATACHANA,UND,-,,0
0017,M6272,08,41389.5,41389.5,2.000,PRESOSTATO MEMBRANA INOX. REGULABLE  MATACHANA,UND,-,,0
0017,M6272,06,41389-5,41389.5,2.000,PRESOSTATO MEMBRANA INOX RGULABLE MATACHANA,UND,-,,0
0017,M6272,06,41389-6,41389-6,2.000,PRESOSTATO NEUMATICO ELECTRO 0-10 BAR MATACHANA,UND,-,,0
0017,M6272,06,41394.2,41394.2,1.000,PRESOSTATO REGULACION BAR GEMS MATACHANA,UND,-,,0
0017,M6272,06,41394-3,41394-3,2.000,PRESOSTATO GEMS PRESION CAMARA MATACHANA,UND,-,,0
0017,M6272,06,41396.6,41396.6,1.000,PRESOSTATO HONEYWELL REGULACION 0.5 - 6 BAR MATACHANA,UND,-,,0
0017,M6272,06,41397-1,41397-1,1.000,PRESOSTATO SEGURIDAD CATEGORIA IV MATACHANA,UND,-,,0
0017,M6272,06,41399,41399,1.000, ELECTROVALVULA PLASTICO ROSCA 3/4   MATACHANA ,UND,-,,0
0017,M6272,06,41399.7,41399.7,2.000,ELECTROVALVULA PLASTICO SIMPLE 24V. MATACHANA,UND,-,,0
0017,M6272,06,41399.8,41399.8,3.000, ELECTROVALVULA PLASTICO DOBLE  24V  3/4    MATACHANA ,UND,-,,0
0017,M6272,06,41399.9,41399.9,1.000, ELECTROVALVULA PLASTICO TRIPLE 24V  3/4    MATACHANA ,UND,-,,0
0017,M6272,06,41399-1,41399.1,3.000,ELECTROVALVULA DE PLASTICO 3/4 DOS SALIDAS MATACH,UND,-,,0
0017,M6272,06,41399-2,41399.2,1.000, ELECTROVALVULA PLASTICO ROSCA 3/4   MATACHANA ,UND,-,,0
0017,M6272,06,41399-3,41399.3,1.000,ELECTRO VALVULA ENTRADA DE AGUA,UND,-,,0
0017,M6272,06,41399-4,41399.4,2.000,ELECTROVALVULA DE PLASTICO DOBLE DE ENTRADA MATACH,UND,-,,0
0017,M6272,06,41399-6,41399.6,4.000,ELECTROVALVULA TRIPLE D/PLASTICO SIN REGULADOR,UND,-,,0
0017,M6272,06,41399-7,,1.000,ELECTROVALVULA PLASTICO SIMPLE 24V. MATACHANA,UND,-,,0
0017,M6272,06,41406-1,41406.1,2.000, VALVULA HIDRONEUMATICA C/CLAMP 1/2   PARA S1000 ,UND,-,,0
0017,M6272,06,41406-6,41406-6,1.000,VALVULA HIDRONEUMATICA BURKERT CLAMP MATACHANA,UND,-,,0
0017,M6272,06,41407,41407,2.000, VALVULA HIDRONEUMATICA BURKERT 3/4   2/2 MATACHAN ,UND,-,,0
0017,M6272,06,41407.3,41407.3,1.000,VALVULA HIDRONEUMATICA INOX. 2 VIAS MATACHANA,UND,-,,0
0017,M6272,06,41407-6,41407-6,1.000,VALVULA HIDRONEUMATICA BURKERT INOX. 2 VIAS MATACH,UND,-,,0
0017,M6272,06,41415.6,41415.6,1.000,ELECTROVALVULA DE UNA VIA P/AUTOCLAVE MATACHANA,UND,-,,0
0017,M6272,06,41416-0,NO.COD.FAB,1.000,ACOPLADOR PARA VALVULA 41416-2 DEL MOD. 130LF MATA,UND,-,,0
0017,M6272,08,41417.3,41417.3,1.000,VALVULA COMPLEMENTO P/SOPORTE CORTE CIRCUITO MATACHANA,UND,-,,0
0017,M6272,06,41417-5,41417.5,3.000,INTERRUPTOR N.O. P/PULSADOR NEUMATICO MATACHANA,UND,-,,0
0017,M6272,06,41419-8,41419.8,2.000,MODULO DE 2 ELECTROVALVULA 24V. 6W. MATACHANA,UND,-,,0
0017,M6272,06,41420-1,41420.1,1.000, ELECTROVALVULA AGUA DN13 1/2   24V. MATACHANA ,UND,-,,0
0017,M6272,08,41421.6,41421.6,1.000, ELECTROVALVULA VAPOR 2 VIAS  1/4   G   MATACHANA ,UND,-,,0
0017,M6272,06,41421-6,41421-6,1.000,ELECTROVALVULA VAPOR 2 VIAS 1/4 G DN MATACHANA,UND,-,,0
0017,M6272,06,41422-9,41422.9,1.000, ELECTROVALVULA VAPOR 2 VIAS 1/4  G 24V. MATACHANA ,UND,-,,0
0017,M6272,06,41423-3,41423-3,1.000,ELECTROVALVULA DE DESVAPORIZACION MATACHANA,UND,-,,0
0017,M6272,06,41424-8,41424-8,1.000,CONECTOR M12 CON CABLE ELECTROVALVULA SMC MATACH,UND,-,,0
0017,M6272,06,41425-3,41425-3,4.000,ELETROVALVULA DE PRESURIZACION MATACHANA,UND,-,,0
0017,M6272,06,41426-5,41426-5,1.000,ANTIRETORNO PARA TUBO DIAMETRO EXT. 8MM. MATACHANA,UND,-,,0
0017,M6272,06,41426-7,41426-7,1.000,ELECTROVALVULA 5/3 BIESTABLE SMC MATACHANA,UND,-,,0
0017,M6272,06,41427.9,41427.9,3.000, ELECTROVALVULA AIRE CON CUERPO ALUMINIO 1/8  G  MATACHANA ,UND,-,,0
0017,M6272,06,41427-9,41427-9,1.000,ELECTROVALVULA AIRE CON CUERPO ALUMINIO MATACHANA,UND,-,,0
0017,M6272,06,41430,NO.COD.FAB,2.000,VALVULA MANUAL VACIADO/LLENADO DE CAMARA MATACHANA,UND,-,,0
0017,M6272,06,41430-2,41430.2,2.000,VALVULA PARA AIRE LEFRIS DE 3/8 MATACHANA,UND,-,,0
0017,M6272,08,41436.1,41436.1,1.000, VALVULA HIDRONEUMATICA 1/2    MATACHANA ,UND,-,,0
0017,M6272,06,41436-2,41436.2,1.000, VALVULA HIDRONEUMATICA BURKERT INOX. 1/2   MATACHAN ,UND,-,,0
0017,M6272,06,41442-5,41442-5,1.000, VALVULA DE SEGURIDAD SACRO 1/2   3.3 BAR INOX MATAC ,UND,-,,0
0017,M6272,06,41442-6,41442-6,1.000, VALVULA DE SEGURIDAD SACRO 1/2   3.0 BAR INOX. MA ,UND,-,,0
0017,M6272,06,41442-8,41442-8,1.000, VALVULA DE SEGURIDAD SACRO 3/4   3.0 BAR INOX MATAC ,UND,-,,0
0017,M6272,08,41450.1,41450.1,1.000, VALVULA RETENCION DE 1/2   GAS  MATACHANA ,UND,-,,0
0017,M6272,06,41450-6,41450-6,1.000,VALVULA DE RETENCION M5-DIAM.4 MATACHANA,UND,-,,0
0017,M6272,06,41450-8,41450-8,5.000, VALVULA RETENCION VITON 1 1/4   MATACHANA ,UND,-,,0
0017,M6272,06,41451-1,41451.1,3.000, VALVULA DE RETENCION C/FILTRO INOX. 1/2   MATACHANA ,UND,-,,0
0017,M6272,06,41451-4,NO.COD.FAB,1.000, VALVULA DE RETENCION 3/4   CON ASIENTO METALICO ,UND,-,,0
0017,M6272,06,41452.1,41452.1,1.000, VÁLVULA DE RETENCIÓN LATON 1/2  G DE CLAPETA OSCILANTE ,UND,-,,0
0017,M6272,06,41455-2,41455.2,1.000,INTERRUPTOR NIVEL MAGNETICO DE BOYA DOBLE MATACHAN,UND,-,,0
0017,M6272,06,41463,41463,1.000, VALVULA LATON PUNZON CON EJE 1/4   MANDO ROJO MAT ,UND,-,,0
0017,M6272,06,41469-1,41469-1,1.000,ENCHUFE RAPIDO MACHO MATACHANA,UND,-,,0
0017,M6272,06,41471,41471,1.000,EYECTOR PARA BOMBA ANILLO HIDRAULICO MATACHANA,UND,-,,0
0017,M6272,06,41473,41473,1.000, EYECTOR DE AGUA 3/4   LATON SC500 MATACHANA ,UND,-,,0
0017,M6272,06,41473-1,41473-1,1.000, EYECTOR DE AGUA 1   - 1   1 !/4   LATON MATACHANA ,UND,-,,0
0017,M6272,06,41473-2,41473-2,1.000, EYECTOR DE AGUA 1 1/4   - 1 1/4   - 1 1/2   LATON MA ,UND,-,,0
0017,M6272,06,41486,41486,5.000,KIT JUNTA + TORNILLOS FIJ P/CUERPO EV 3/2 M5,UND,-,,0
0017,M6272,08,41486-1,41486.1,12.000,KIT JUNTA / TORNILLOS FIJOS P/CUERPO DE EVAP. 3/2,UND,-,,0
0017,M6272,08,41489.1,41489.1,5.000,CUERPO 2 ELECTROVALVULAS  3/2  M7 SIN JUNTA MATACHANA,UND,-,,0
0017,M6272,08,41489.2,41489.2,4.000,CUERPO DE ELECTROVALVULA P/ MOD. 130HPO,UND,-,,0
0017,M6272,06,41489-1,41489-1,2.000,CUERPO 2 ELECTROVALVULAS MATACHANA,UND,-,,0
0017,M6272,08,41489-6,41489-6,2.000,CUERPO DE 2 ELECTROVALVULAS 3/2 M5 MATACHANA,UND,-,,0
0017,M6272,06,41490-6,41490-6,2.000,MODULO INTERFACE ELECTRO-NEUMATICO 4/2 BISTAB,UND,-,,0
0017,M6272,08,41491,41491,1.000,JUEGO DE EXTREMIDADESW INTERFACE MATACHANA,UND,-,,0
0017,M6272,06,41560-1,41560-1,4.000,AMORTIGUADOR DE PRESION P/MANOMETROS ROSCA MATACH,UND,-,,0
0017,M6272,08,41570.1,41570.1,1.000, PURGADOR INOX.  3/8    GAS PN-40  MATACHANA ,UND,-,,0
0017,M6272,06,41571,41571,1.000,PURGADOR DE RED P/CAMARA MATACHANA,UND,-,,0
0017,M6272,06,41575,41575,1.000, PURGADOR TERMOSTATICO C/CONEXIONES 1/2  G MATACHANA ,UND,-,,0
0017,M6272,06,41575-2,41575-2,1.000,PURGADOR DE BOYA INVERTIDO FT MATACHANA,UND,-,,0
0017,M6272,06,41579,41579,4.000, VALVULA DE RETENCION 3/4   MATACHANA ,UND,-,,0
0017,M6272,06,41580-2,41580.2,2.000,VALVULA RETENCION BOMBA DE VACIO P/1637 LV-2,UND,-,,0
0017,M6272,06,41580-3,41580.3,1.000, VALVULA RETENCION LATON 1 1/4   MATACHANA ,UND,-,,0
0017,M6272,06,41581-2,41581.2,1.000, VALVULA DE RETENCION LATON 1 1/2   MATACHANA ,UND,-,,0
0017,M6272,06,41593-2,41593-2,2.000, MANOMETRO CAMARA ESCALA -1 1/4   GAS MATACHANA ,UND,-,,0
0017,M6272,06,41594-2,41594-2,1.000, MANOMETRO DE 0 A 4 BAR DIAMETRO 50 1/4   MATACHAN ,UND,-,,0
0017,M6272,06,41594-3,41594.3,1.000, MANOMETRO VAPOR ESCALA -1 1/4   GAS. MATACHANA ,UND,-,,0
0017,M6272,06,41594-6,41594-6,1.000, MANOMETRO AIRE ESCALA 0 A 10 1/4   MATACHANA ,UND,-,,0
0017,M6272,06,41594-9,41594-9,1.000, MANOMETRO AIERE 0- 12 BAR 1/8   DIAMETRO MATACHAN ,UND,-,,0
0017,M6272,06,41597,,1.000, MANOMETRO 0 A 5 BAR   VAPOR   DIAMET. 80 1/4   ,UND,-,,0
0017,M6272,06,41598-4,41598.4,1.000,MANOVACUOMETRO DE -1 A 4 BAR CAMARA 80MM. MATACHAN,UND,-,,0
0017,M6272,06,41599-4,41599-4,2.000,MANOMETRO D. 50 DE -1 A 5 BAR C/MARCA ROJA MATACHA,UND,-,,0
0017,M6272,06,41601-2,41601-2,1.000,IMPRESORA MODELO CBM-920II MATACHANA,UND,-,,0
0017,M6272,08,41602-8,41602.8,121.000,PAPEL P/IMPRESORA CBM 920 ROLLO 48x52MM. MATACHAN,UND,-,,0
0017,M6272,06,41602-9,41602.9,18.000,PAPEL PARA IMPRESORA ROLLO MATACHANA,UND,-,,0
0017,M6272,06,41603-8,41603.8,1.000,PAPEL TERMICO P/IMPRESORA ROLLO   45MT.  MATACHANA,ROL,-,,0
0017,M6272,06,41607-7,41607-7,1.000,VASO DE RECAMBIO PARA PURGADOR AUTOMATICO MATACHAN,UND,-,,0
0017,M6272,06,41607-8,41607-8,1.000,FILTRO REGULADOR DE AIRE WILKERSON MATACHANA,UND,-,,0
0017,M6272,06,41608.2,41608.2,1.000,FILTRO AIRE ESTERIL LONG.  15.2CM  MATACHANA,UND,-,,0
0017,M6272,06,41610-9,41610.9,1.000, FILTRO DE 10   L3 SIMPLIFICADO MATACHANA ,UND,-,,0
0017,M6272,06,41613-1,41613-1,1.000,UNIDAD DE MANTENIMIENTO DE AIRE DOBLE PRESION MATA,UND,-,,0
0017,M6272,06,41614-2,41614-2,3.000,FILTRO REGULADOR MATACHANA,UND,-,,0
0017,M6272,06,41614-3,41614-3,1.000,REGULADOR MODULAR MATACHANA,UND,-,,0
0017,M6272,06,41625-6,41625.6,4.000,PLUMILLA PLOTTER TEXTOS MATACHANA,UND,-,,0
0017,M6272,06,41627-1,41627.1,4.000,PLUMIN LARGO ROJO P/TEMPERATURA MATACHANA,UND,-,,0
0017,M6272,06,41628-1,41628.1,3.000,PLUMIN CORTO AZUL P/PRESION MATACHANA,UND,-,,0
0017,M6272,06,41630.2,41630.2,1.000,RELE DE CONTROL DE ORDEN Y AUSENCIA DE FASES MATACHANA,UND,-,,0
0017,M6272,06,41630-1,41630.1,1.000,RELE AUXILIAR PARA ESTERILIZADOR MATACHANA,UND,-,,0
0017,M6272,06,41633-9,41633-9,2.000,TEMPORIZADOR RETARDO CONEXION 10SEG. MATACHANA,UND,-,,0
0017,M6272,06,41756,NO.COD.FAB,1.000,TUBO DE SILICONA 4 - 8 MATACHANA,UND,-,,0
0017,M6272,08,41756.3,41756.3,1.000,METRO TUBO SILICONA D. 12.5 X 20.5 MM. PRESION 30 BAR,UND,-,,0
0017,M6272,06,41756-3,41756-3,3.000,TUBO SILICONADO ROJO 12.5x20 MATACHANA,UND,-,,0
0017,M6272,06,41757-1,41757.1,5.000,TUBO DE SILICONA MEDICAL 1.5 MT. D. INT. 25MM.,UND,-,,0
0017,M6272,06,41757-8,41757-8,9.000,JUNTA DE PUERTA P/ S1000 MATACHANA,UND,-,,0
0017,M6272,06,41757-9,41757-9,1.000,TUBO DE SILICONA MEDICAL INTERIOR 45MM. ALMA ACERO,UND,-,,0
0017,M6272,08,41759.6,41759.6,8.000,METRO TUBO TEFLON COLOR NATURAL MATACHANA,UND,-,,0
0017,M6272,06,41759-6,41759.6,6.000,TUBO DE TEFLON 4 - 6 MM. COLOR NATURAL x 1 MT.,UND,-,,0
0017,M6272,06,41759-7,41759.7,4.000,MANGUERA DE TEFLON 6x8 MM. MATACHANA,UND,-,,0
0017,M6272,06,41759-8,41759.8,40.000,TUBERIA DE AIRE FLEXIBLE AZUL 4x2.5 MM. x 1 MT.,UND,-,,0
0017,M6272,06,41759-9,41759.9,15.000,TUBERIA DE AIRE FLEXIBLE AZUL 6x4 MM. x 1 MT.,UND,-,,0
0017,M6272,06,41759-90,,7.000,TUBERIA PARA AIRE COMPRIMIDO 1 MT.,UND,-,,0
0017,M6272,06,41760.1,41760.1,30.000,METRO TUBO TEFLON 8 - 10 mm.  COLOR NATURAL MATACHANA,UND,-,,0
0017,M6272,06,41760-1,41760-1,3.000,MANGUERA DE TEFLON 8x10MM. COLOR NATURAL MATACHAN,UND,-,,0
0017,M6272,06,41760-7,41760.7,88.000,TUBO DE TEFLON COLOR NATURAL DIAMET. 2-4MM. MATACH,UND,-,,0
0017,M6272,08,41761.7,41761.7,3.000,METRO TUBO TEFLON COLOR NATURAL MATACHANA,UND,-,,0
0017,M6272,06,41761.8,41761.8,1.000,TUBO DE LLENADO BUFFER HPO   MATACHANA,UND,-,,0
0017,M6272,08,41767.7,41767.7,14.000,JUNTA DE SILICONA PUERTA SC500   MATACHANA,UND,-,,0
0017,M6272,08,41767.8,41767.8,2.000,JUNTA DE SILICONA  PUERTA  S1000  MATACHANA,UND,-,,0
0017,M6272,06,41767-8,41767.8,1.000,JUNTA SILICONA P/PUERTA S1000 MATACHANA,UND,-,,0
0017,M6272,06,41769.1,41769.1,6.000,JUNTA  SERIE 1000 BLANCA DIAM. 6.5x14.7  MATACHANA,UND,-,,0
0017,M6272,06,41769-1,41769.1,1.000,JUNTA SERIE 1000 BLANCA DIAMT. 7x14.3 MATACHANA,UND,-,,0
0017,M6272,06,41769-7,41769.7,1.000,JUNTA SILICONA S-500RC 15.5 LONG. BLANCA MATACHANA,UND,-,,0
0017,M6272,06,41769-8,41769.8,2.000,JUNTA SILICONA S-1000RC BLANCA MATACHANA,UND,-,,0
0017,M6272,06,41772,41772,3.000,JUNTA CON POSICIONADOR P/GENERADOR DE VAPOR MATACH,UND,-,,0
0017,M6272,06,41789-6,41789-6,1.000,INTERRUPTOR DE SEGURIDAD DE LLAVE MATACHANA,UND,-,,0
0017,M6272,06,41790-5,41790-5,3.000,MICRO INTERRUPTOR No 16 400V. MATACHANA,UND,-,,0
0017,M6272,06,41795-4,41795-4,2.000,SENSOR OPTICO EMISOR RECEPTOR MATACHANA,UND,-,,0
0017,M6272,06,41795-7,41795-7,1.000,RELE DE CONTROL DE SEGURIDAD MATACHANA,UND,-,,0
0017,M6272,08,41863.8,41863.8,1.000,ELECTROBOMBA AGUA 1,5 KW III 220/440V 60HZ BORNES, POS. DER.,UND,2019W25-00333,,1
0017,M6272,06,41868-5,41868.5,2.000,BOMBA DE VACIO ANILLO HIDRAULICO MATACHANA,UND,-,,0
0017,M6272,06,41869-3,41869-3,2.000,ELECTROBOMBA AGUA INOX. C/JUNTA VITON MATACHANA,UND,-,,0
0017,M6272,08,41879,41879,1.000,COMPRESOR 21L/MIN. 208-230VAC  50/60 HZ.MATACHANA,UND,-,,0
0017,M6272,08,41902.8,41902.8,5.000,RESISTENCIA 20KW MATACHANA,UND,-,,0
0017,M6272,06,41903-6,41903.6,6.000,RESISTENCIA INOX. 16000W PLETINA MATACHANA,UND,-,,0
0017,M6272,06,41904-3,41904.3,3.000,RESISTENCIA DE 20 KW MATACHANA,UND,-,,0
0017,M6272,06,41923,41923,2.000,RESISTENCIA ELECTRICA DE 500W C/SILICONA SOBRE/CAM,UND,-,,0
0017,M6272,06,41923-1,41923-1,2.000,RESISTENCIA ELECTRICA 500W C/SILICONA INFERIOR CAM,UND,-,,0
0017,M6272,06,41923-3,41923-3,1.000,RESISTENCIA ELECTRICA DE 300W C/PT100 MATACHANA,UND,-,,0
0017,M6272,06,41929.8,41929.8,11.000,INTERRUPTOR DE NIVEL TIPO LS-7   MATACHANA,UND,-,,0
0017,M6272,06,41996,41996,19.000,JUNTA DE RESISTENCIA P/ESTERILIZADOR MATACHANA,UND,-,,0
0017,M6272,08,41998.6,41998.6,11.000,JUNTA TORICA EPM  69.44x3.53MM.  MATACHANA,UND,-,,0
0017,M6272,06,41998-8,41998-8,1.000,JUNTA GENERADOR MATACHANA,UND,-,,0
0017,M6272,06,41999-1,41999-1,1.000,JUNTA EPDM DN350 COLOR NEGRO P/GENERADOR MATACHANA,UND,-,,0
0017,M6272,06,41999-8,41999.8,1.000,JUNTA TORICA CIERRE CUERPO PLASTICO BOMBA MATACHAN,UND,-,,0
0017,M6272,06,42029-2,42029-2,4.000,CINTA IMPRESORA NEGRA PARA SELLADORA,UND,-,,0
0017,M6272,06,42700-X,NO.COD.FAB,1.000,EMPAQUETADURA PARA AUTOCLAVE MATACHANA,UND,-,,0
0017,M6272,06,43065,41759.7,1.000,RACORDAJE LATON NIQUELADO TE  MATACHANA,UND,-,,0
0017,M6272,06,43284-4,43284-4,1.000,FILTRO PARA UNIDAD DE FILTRO Y REGULADOR MATACHAN,UND,-,,0
0017,M6272,08,43342,43342,1.000,RACOR RECTO UNION MACHO-MACHO GAS CONICA MATACHANA,UND,-,,0
0017,M6272,06,43360,43360,1.000, RACORDAJE REDUC. MACHO-HEMBRA M CON - H CIL 3/8   - 1/4   ,UND,-,,0
0017,M6272,06,43365,43365,12.000,RACORDAJE LATON TAPON ROSCA MACHO HEX. 1/4 MATACHA,UND,-,,0
0017,M6272,06,43378-9,43378-9,1.000, TAPA CIEGA CLAMP 1/2   - 3/4   ASME INOX. MATACHAN ,UND,-,,0
0017,M6272,06,43379,43379,1.000, TAPA CIEGA CLAMP IMPERIAL DN-1  -1 1/2 MATACHANA ,UND,-,,0
0017,M6272,06,43379-3,43379-3,1.000,TAPA CIEGA CLAMP DIN DN20 INOX MATACHANA,UND,-,,0
0017,M6272,06,43382-5,43382.5,23.000, JUNTA CLAMP DE VITON DN 1   MATACHANA ,UND,-,,0
0017,M6272,08,43441,43441,1.000, RACORDAJE SUDO CODO UNION M-H 1/2   GC-1 MATACHANA ,UND,-,,0
0017,M6272,06,43639,43639,2.000,RACORDAJE INOX. AISI-316 MACHON GAS MATACHANA,UND,-,,0
0017,M6272,08,43703,43703,2.000,RACORDAJE LATON UNION RECTA MACHO GAS MATACHANA,UND,-,,0
0017,M6272,08,43718,43718,1.000,RACORDAJE LATON CODO MACHO-TUBO GAS MATACHANA,UND,-,,0
0017,M6272,08,43733.1,43733.1,3.000, OVALILLO  PTFE PARA TUBO 1/8     MATACHANA ,UND,-,,0
0017,M6272,08,43733.3,43733.3,3.000, CONTRAOVALILLO D. 1/8   LATON EBT  MATACHANA ,UND,-,,0
0017,M6272,08,43733.4,43733.4,3.000, OVALILLO TEFLON D. 1/8   EBT   MATACHANA ,UND,-,,0
0017,M6272,06,44001.6,44001.6,1.000,SENSOR MAGNETICO PARA PISTON DE DOBLE EFECTO,UND,-,,0
0017,M6272,06,44001-6,44001-6,1.000,SENSOR MAGNETICO PARA PISTON DOBLE EFECTO MATACHAN,UND,-,,0
0017,M6272,06,44002.8,44002.8,1.000,DETECTOR MAGNETICO C/CONECTOR  MATACHANA,UND,-,,0
0017,M6272,06,44002-8,44002.8,3.000,DETECTOR MAGNETICO C/CONECTOR MATACHANA,UND,-,,0
0017,M6272,06,44004-4,44004-4,1.000,KIT DE RECAMBIO CILINDRO ANTICAIDA PUERTA MATACHAN,UND,-,,0
0017,M6272,06,44051,NO.COD.FAB,2.000,JUNTA DE PISTON DE 58x45x10MM. P/PUERTA,UND,-,,0
0017,M6272,06,44051-1,NO.COD.FAB,1.000,JUNTA PISTON AUT.490L MATACHANA,UND,-,,0
0017,M6272,06,44055-1,44055-1,1.000,JUNTA CIERRE CULATA PISTON DE SEGURO MATACHANA,UND,-,,0
0017,M6272,06,44066-2,44066-2,1.000,MANGUERA CERADA P/AUTOCLAVE 1006 V-1 MATACHANA,UND,-,,0
0017,M6272,06,44066-3,44066-3,1.000, LATIGUILLO CLAMP DIN NW20 3/4   LONG. 600MM  MATACHANA ,UND,-,,0
0017,M6272,06,50029-7,50029-7,9.000,KIT DE ACCESORIOS CONEX. RESISTENCIA 6KW SC500,UND,-,,0
0017,M6272,06,50456-1,50456-1,4.000,CINTA FLEJE TALADRADA DE 12MM. MATACHANA,UND,-,,0
0017,M6272,06,50457-1,50457-1,3.000,CIERRE PARA CINTA FLEJE TALADRADA 12MM MATACHANA,UND,-,,0
0017,M6272,06,50485-3,50485-3,2.000,MUELLE ACERO INOX. 0.5x38.5MMP/VALVULA RETENCION,UND,-,,0
0017,M6272,06,50897-1,50897.1,3.000,GRASA TURBOGEL C/TEFLON 250GR. MATACHANA,UND,-,,0
0017,M6272,06,50897-4,50897-4,2.000,SOLUCION DE LIMPIEZA DE CAMARA INOX MATACHAN,UND,-,,0
0017,M6272,06,54703,54703,2.000,BANDEJA 370x192x32 MM. AUT. 21 L MATACHANA,UND,-,,0
0017,M6272,06,54707-1,54707-1,1.000,PLACA PROTECTORA DE LA RESISTENCIA MATACHANA,UND,-,,0
0017,M6272,06,54707-2,54707-2,1.000,BANDEJA PARA LIQUIDOS ABIERTOS MATACHANA,UND,-,,0
0017,M6272,06,55102,55102,3.000,FILTRO MALLA DESAGUE CAMARA AUTO. MATACHANA,UND,-,,0
0017,M6272,06,55250.3,55250.3,3.000, SONDA TEMPERATURA TF35 D.4X30 LATON 1/4  G M12X1 ,UND,-,,0
0017,M6272,08,55250.5,55250.5,1.000,SOPLADOR   MATACHANA,UND,-,,0
0017,M6272,06,55250.8,55250.8,1.000,SONDA TEMPERATURA TF35  DIAMET. 4x30  MECANIZADA MATACHANA,UND,-,,0
0017,M6272,08,55250-6,55250-6,5.000,TRANSMISOR DE PRESION MBS ESPECIAL 0 - 6 ABS MATAC,UND,-,,0
0017,M6272,06,55462-2,55462.2,3.000,SONDA PT-100 BOBINADA CLASE A 1/2 DIN MATACHANA,UND,-,,0
0017,M6272,06,55620-9,55620-9,1.000,SERPENTIN ENFRIAMIENTO CONDENSADO S2000 MATACHAN,UND,-,,0
0017,M6272,06,55749-4,55749-4,2.000,TOPE SUPERIOR PUERTA ESTERILIZADOR MATACHANA,UND,-,,0
0017,M6272,06,55885-5,55885-5,2.000,MECANISMO DE SEGURO DE PUERTA MATACHANA,UND,-,,0
0017,M6272,06,55947-8,55947-8,1.000,CABLE CONEXION PANTALLAS MATACHANA,UND,-,,0
0017,M6272,06,56502,56502,2.000,JUNTA SILICONA PERFIL ESP. LONG. GRIS MATACHANA,UND,-,,0
0017,M6272,06,56616-1,56616-1,1.000,RACK SOPORTE BOLSAS ESTERILIZADORES MOD. 21 MATACH,UND,-,,0
0017,M6272,06,57083.1,57083.1,1.000,JUNTA SILICONA M20-B/M30-B,UND,-,,0
0017,M6272,06,57213-1,57213-1,1.000,ASA EXTRACCION BANDEJAS MB MATACHANA,UND,-,,0
0017,M6272,08,57318.5,57318.5,2.000,JUNTA SILICONA PUERTA SC500 /EA,UND,-,,0
0017,M6272,06,57670.1,57670.1,1.000,SOPORTE BOMBA PERISTALTICA SOBRE PUENTE MATACHANA,UND,-,,0
0017,M6272,06,57729,57729,2.000,FILTRO DESAGUE CAMARA S2000 MATACHANA,UND,-,,0
0017,M6272,06,59556-8,59556-8,6.000,GRASA ANTICALORICA 500 GR. P/GUIA PUERTA MATACHANA,UND,-,,0
0017,M6272,08,59743.3,59743.3,1.000,BOMBA DE VACIO ANILLO LIQUIDO MOD. VI-25 380V MATACHANA,UND,1002060550,,1
0017,M6272,06,59839-9,59839-9,6.000,CONECTOR CON PLACA ELECTRICA MATACHANA,UND,-,,0
0017,M6272,06,60120.2,60120.2,2.000,TORNILLO INOX. AISI-304  CABEZA CILINDRICA MATACHANA,UND,-,,0
0017,M6272,06,60122.8,60122.8,2.000,TORNILLO INOX. AISI-304  CABEZA AVELLANADA MATACHANA,UND,-,,0
0017,M6272,06,60128,60128,2.000,TORNILLO INOX.  CABEZAL HEXAGONAL  MATACHANA,UND,-,,0
0017,M6272,06,60319,60319,2.000,TUERCA INOX.  AISI-304  M 3/50 MATACHANA,UND,-,,0
0017,M6272,06,60326,60326,6.000,TUERCA INOX. AISI-304 M 12/175 ESPECIAL MATACHA,UND,-,,0
0017,M6272,06,60394,60394,2.000,ARANDELA INOX.  AISI-304 PLANA DIAMET. 5.3 MATACHANA,UND,-,,0
0017,M6272,06,60448.1,60448.1,2.000,ARANDELA INOX.  AISI-304  GROWER DIAMET. 5 MATACHANA,UND,-,,0
0017,M6272,06,61511-9,61511.9,1.000,JUNTA SILICONA DINAMICO - HINCHABLE S2000 MATACH,UND,-,,0
0017,M6272,06,63078.4,63078.4,1.000,KIT DE SUSTITUCION  RELE  MATACHANA,UND,-,,0
0017,M6272,06,63078-4,63078-4,2.000,KIT DE SUSTITUCION RELE KA7  MATACHANA,UND,-,,0
0017,M6272,06,63086,63086,1.000,SOPORTE REBOSADERO BUFFER  MATACHANA,UND,-,,0
0017,M6272,06,66046-2,66046.2,1.000, CARTUCHO DE SEDIMENTOS 10   5 MICRAS MATACHANA ,UND,-,,0
0017,M6272,06,66075.5,66075.5,3.000,RUEDA GIRATORIA  DIAM. 125 P/CARRO HERMETICO MATACHANA,UND,-,,0
0017,M6272,06,66109-4,66109-4,1.000,MODULO RELES I2C BUS MAT LD2314 MATACHANA,UND,-,,0
0017,M6272,06,66110-4,66110-4,1.000,MODULO CPU 12C BUS MAT. MATACHANA,UND,-,,0
0017,M6272,06,66111-4,66111.4,1.000,MODULO DE SUMINISTRO ELECTRICO I2CB MATACHANA,UND,-,,0
0017,M6272,06,66112-4,66112-4,1.000,MODULO DE COMUNICACION I2C BUS MATACHANA,UND,-,,0
0017,M6272,06,66147,66147,3.000,JUEGO COMPLETO DE JUNTAS P/ELECTROVALVULA CROUZET MATACHAN,UND,-,,0
0017,M6272,06,66192-4,66192-4,5.000,CARTUCHO MALLA P/FILTRACION 2DA ETAPA PK/5 MATACHA,UND,-,,0
0017,M6272,06,66193-4,66193-4,7.000,CARTUCHO MALLA P/FILTRACION 1RA ETAPA PK/5 MATACHA,UND,-,,0
0017,M6272,08,66215.3,66215.3,5.000,JUNTA TORICA BOYA NIVEL GENERADOR S1000 MATACHANA,UND,-,,0
0017,M6272,06,66215-2,66215.2,1.000,TESTER DE PH MOD. H198108 MATACHANA,UND,-,,0
0017,M6272,06,66215-3,66215.3,4.000,JUNTA TORICA BOYA NIVEL GENERADOR S1000 MATACHANA,UND,-,,0
0017,M6272,06,66293-3,66293-3,1.000, PANTALLA TACTIL A COLOR 6   TP277 COMPLETA MATACHA ,UND,-,,0
0017,M6272,06,66427.4,66427.4,1.000,CONJUNTO TAPA ELEVADOR IMPRESORA TERMICA S1000 MATACHANA,UND,-,,0
0017,M6272,08,66465.5,66465.5,1.000,FOCO REFLECTOR CAMARA MAT LD500  LD1000 LD100,UND,-,,0
0017,M6272,08,66706.5,66706.5,2.000,JUNTA PUERTA CAMARA  MAT LD1000  MATACHANA,UND,-,,0
0017,M6272,06,66775,NO.COD.FAB,1.000,CONTACTOR 24 V. CC. MATACHANA,UND,-,,0
0017,M6272,06,66782-4,66782-4,1.000,TUBO PLASTICO DESAGUE MINICLAVE MT. MATACHANA,UND,-,,0
0017,M6272,06,66813,NO.COD.FAB,1.000,TURBINA ELECTROBOMBA PRISMA 20/4 MATACHANA,UND,-,,0
0017,M6272,06,66821.4,66821.4,8.000,IMAN CIERRE PUERTA MAT LD2314  MATACHANA,UND,-,,0
0017,M6272,06,66825,NO.COD.FAB,1.000,TURBINA ELECTROBOMBA 30/4 MATACHANA,UND,-,,0
0017,M6272,06,67010-3,,2.000,JUNTA TORICA VITON 5X2,5 PARA CILINDRO NEUMATICO,UND,-,,0
0017,M6272,06,67036.5,67036.5,1.000,JUNTA CAMARA INNOVA E3 MATACHANA,UND,-,,0
0017,M6272,06,67070-2,67070-2,2.000,SONDA PTC2000 PARA TERMOSTATO MATACHANA,UND,-,,0
0017,M6272,06,67083-4,67083-4,1.000,CARTA ELECTRONICA Y DISPLAY LAVACUÐAS MATACHANA,UND,-,,0
0017,M6272,06,67084-4,67084-4,1.000,TAPA PROTECTORA P/SUST. CARTA ELECTRONICA MATACHAN,UND,-,,0
0017,M6272,08,67141.5,67141.5,3.000,KIT MANTENIMIENTO BOMBA DE VACIO 130HPO C/GAS,KIT,-,,0
0017,M6272,06,67183-3,67183-3,1.000,IMPULSOR PARA BOMBA SPECK MATACHANA,UND,-,,0
0017,M6272,06,67205.2,67205.2,1.000,CARTA DE RELES P/LAVACUÑAS  MATACHANA,UND,-,,0
0017,M6272,06,67211-3,67211-3,1.000,KIT DE REPARACION BOMBA PRISMA  35/2 MATACHAN,UND,-,,0
0017,M6272,06,67223-4,67223-4,3.000,PAPEL P/IMPRESORA FH190 ROLLO MATACHANA,UND,-,,0
0017,M6272,08,67288.4,67288.4,1.000,TERMOSTATO SEGURIDAD 130C. LAVACUÑAS LPINSDTA,UND,-,,0
0017,M6272,08,67291-2,67291-2,1.000,FILTRO POLVO PARA AUTOCLAVE 21E MATACHANA,UND,-,,0
0017,M6272,08,67294-2,67294-2,1.000,JUNTA DE PUERTA PARA SERIE 300, 500 Y 21 MATACHANA,UND,-,,0
0017,M6272,06,67330-1,67330.1,1.000,KIT ANALIZADOR DE LA DUREZA DEL AGUA MATACHANA,UND,-,,0
0017,M6272,06,67331-1,67331-1,2.000,KIT ANALIZADOR DE CLOROS RESIDUALES MATACHANA,UND,-,,0
0017,M6272,06,67400-3,67400-3,7.000,KIT DE JUNTAS CULATA SUPERIOR P/CILINDRO MATACHANA,UND,-,,0
0017,M6272,06,67481-2,67481-2,1.000,PANTALLA TP270 REP SIEMENS MATACHANA,UND,-,,0
0017,M6272,08,67579-4,67579-4,2.000,JUNTA UNION BRAZO LAVADO Y RACK MATACHANA,UND,-,,0
0017,M6272,06,67770.2,67770.2,2.000,TARJETA DE POTENCIA PARA CAMARA DE CADAVERES MATACHAN,UND,-,,0
0017,M6272,06,67804-3,67804-3,1.000,FILTRO DE CARBON ACTIVO PARA DESTILADOR MATACHANA,UND,-,,0
0017,M6272,06,67829.2,67829.2,2.000,SONDA DOBLE DE TEMPERATURA P/LAVACUÑAS MATACHANA,UND,-,,0
0017,M6272,06,67852-1,67852-1,1.000,PANTALLA PRINCIPAL TP27 MATACHANA,UND,-,,0
0017,M6272,06,67996-2,67996-2,2.000,CUERPO PLASTICO P/BOMBA MATACHANA,UND,-,,0
0017,M6272,08,75011,75011,1.000,CARRO MANUAL CARGA/DESCARGA P/ESTERILIZADOR MATACH,UND,-,,0
0017,M6272,08,75600,75600,1.000,CARRO EXTERIOR CARGA/DESCARGA  SC501 MATACHANA,UND,-,,0
0017,M6272,06,78186-00,NO.COD.FAB,1.000,KIT DE RECAMBIO P/ESTERILIZADOR MOD. 1008E MATACHA,UND,-,,0
0017,M6272,08,78498,78498,1.000,PUERTA FRONTAL INOX. EN ZONA DE CARGA S1000 MATACH,UND,-,,0
0017,M6272,06,78931,78931,1.000,BY-PASS DE VAPOR MANUAL S1000 MATACHANA,UND,-,,0
0017,M6272,06,81181,81181,1.000,KIT PISTOLA A PRESION C/DOTACION BOQUILLAS MATACHANA,UND,-,,0
0017,M6272,06,85201,85201,2.000,KIT DE MONITORIZACION  DE PEROXIDO DE HIDROGENO/ PLASMA,UND,-,,0
0017,M6272,06,85209,85209,17.000,PINZA DE ROTURA P/INDICADORES BIOLOGICOS AUTOCONTENIDO,UND,-,,0
0017,M6272,06,98191-4,98191-4,1.000,MANOMETRO ADICIONAL PARA RECAMARA,UND,-,,0
0017,M6272,06,P-180,NO.COD.FAB,24.000,PLACA 180x140x4 P/CHASIS D/ESTERILIZADOR 21000-LV-,UND,-,,0
0017,ME6395,06,0003593-0301,0003593-0301,1.000,TARJETA CPU  PARA MESA DE OPERACIONES  MEDILAND,UND,-,,0
0017,ME6416,08,0003549-0200,0003549-0200,1.000,TECLADO PARA MESA DE OPERACIONES  MEDILAND,UND,-,,0
0017,ME6416,06,0003898-0002,0003898-0002,2.000,INTERRUPTOR BÁSICO MEDILAND,UND,-,,0
0017,ME6416,06,0004254-0000,0004254-0000,2.000,GAS SPRING ( AMORTIGUADOR ) PARA MOD.  C200  MEDILAND,UND,-,,0
0017,ME6416,08,0005509-0000,0005509-0000,1.000,CABLE INTERRUPTOR AUXILIAR  MEDILAND,UND,-,,0
0017,ME6416,06,0007620-0101,0007620-0101,4.000,MANGO ( MANIJA )  PARA LAMPARA SALA DE OPERACIONES MEDILAND,SET,-,,0
0017,ME6416,06,A241-0100,A241-0100,1.000,SOCKET DE FOCO PARA LAMPARA ML600 MEDILAND,UND,-,,0
0017,ME6416,06,A4080-0000,A4080-0000,1.000,PANTALLA TACTIL PARA LAMPARA QUIRURGICA  MEDILAND,UND,-,,0
0017,ME6416,08,A4702-0000,A4702-0000,1.000,CILINDRO HIDRAULICO DE ALTURA - PISTON   MEDILAND,UND,-,,0
0017,ME6416,08,A5000-0100,A5000-0100,1.000,TARJETA DE CONTROL   MEDILAND,UND,-,,0
0017,ME6416,08,A5018-0000,A5018-0000,1.000,TARJETA ELECTRONICA TOP CONTROL P/MESA MOD. AMAX9000 MEDILAN,UND,-,,0
0017,ME6416,06,A537-0303,A537-0303,1.000,TARJETA ELECTRONICA  DE CONTROL PARA MESA DE OPERACIONES,UND,-,,0
0017,SC9451,06,MD0001157,MD0001157,122.000,FOCO DE RESERVA P/LAMP. CIALT.MEDILUX 600 150W 24V,UND,-,,0
0017,SC9451,06,MD0001158,MD0001158,3.000,FOCO PRIMARIA P/LAMP. CIALIT. MEDILUX 600 150W 24V,UND,-,,0
0017,SC9451,06,MD0001211,0001211-0200,1.000,CIRCUITO INTEGRADO P/TARJETA ELECT. A194 P/LAMPARA,UND,-,,0
0017,SC9451,06,MD0003506,0003506,1.000,PERNOS PARA MESA DE OPERACIONES AMAX9000 MEDILAND,UND,-,,0
0017,SC9451,06,MD0003549,0003549,2.000,OVERIDE SWITCHES P/MESA OPERACIONES,UND,-,,0
0017,SC9451,06,MD0003593,0003593,1.000,CPU PARA TARJETA ELECT. A537 P/MESA OPERACIONE,UND,-,,0
0017,SC9451,06,MD0003595,0003595,1.000,CPU P/TARJETA ELECT. A529 P/MESA OPERAC. AMAX9000,UND,-,,0
0017,SC9451,06,MD0003611,0003611,1.000,CUBIERTA DE ARTICULACION PARTE PIERNA P/MESA OP.,UND,-,,0
0017,SC9451,06,MD0003612,0003612,1.000,CUBIERTA DE ARTICULACION RIGHT 1 P/MESA OPERACIONE,UND,-,,0
0017,SC9451,06,MD0003613,0003613,1.000,CUBIERTA DE ARTICULACION RIGHT 2 P/MESA OPERAC.,UND,-,,0
0017,SC9451,06,MD0003630,0003630,1.000,CUBIERTA ARTICULACION P/MESA OPERAC. AMAX9000,UND,-,,0
0017,SC9451,06,MD0003711,0003711,1.000,ELEVADOR CILINDRICO LEFT KIDNEY MEDILAND,UND,-,,0
0017,SC9451,06,MD0003717,0003717-0003,2.000,CABLE PARA CONTROL MANUAL P/MESA OPERACIONES,UND,-,,0
0017,SC9451,06,MD0003798,0003798,1.000,TORNILLOS MARIPOSA P/MESA OPERACIONES AMAX9000,UND,-,,0
0017,SC9451,06,MD0003842,0003842-0102,1.000,CABLE CONECTOR MEDILAND,UND,-,,0
0017,SC9451,06,MD0003899,NO.COD.FAB,3.000,PIN ACTUADOR ( CAN SHAFT) P/MESA OPERAC. AMAX9000,UND,-,,0
0017,SC9451,06,MD0004556,0004556,2.000,FIXING FRAME P/MESA OPERACIONES C200 MEDILAND,UND,-,,0
0017,SC9451,06,MD0004636,0004636,1.000,ETIQUETA DE OPERACION P/MESA OPERACIONES MEDILAND,UND,-,,0
0017,SC9451,06,MD0004646,0004646,1.000,SOPORTE DE PLATINA PARTE INFERIOR P/MESA OPERACI.,UND,-,,0
0017,SC9451,06,MD0004647,0004647,1.000,HOSE CLIP PARA MESA DE OPERACIONES MEDILAND,UND,-,,0
0017,SC9451,06,MD0004682,0004682,4.000,SOPORTE DE CILINDRO P/MESA OPERACIONES MEDILAND,UND,-,,0
0017,SC9451,06,MD0004685,0004685,1.000,SUPPORTER P/MESA OPERACIONES MEDILAND,UND,-,,0
0017,SC9451,06,MD0004696,0004696,3.000,LONG SUPPORTING PLATE P/MESA OPERAC. MEDILAND,UND,-,,0
0017,SC9451,06,MD0004765,4765,3.000,MANGO DE AMORTIGUADOR LADO DERECHO C200 MEDILAND,UND,-,,0
0017,SC9451,06,MD0004769,4769,1.000,MANGO DE AMORTIGUADOR LADO IZQUIERDO C200 MEDILAND,UND,-,,0
0017,SC9451,06,MD0004770,4770,2.000,BISAGRA DE PIERNERA PARA C200 MEDILAND,UND,-,,0
0017,SC9451,06,MD0004847,0004847,2.000,FIXING PLATE FOR BASE COVER MEDILAND,UND,-,,0
0017,SC9451,06,MD0007349,7349,1.000,AJUSTADOR DE MANGO PARA MESA C200 MEDILAND,UND,-,,0
0017,SC9451,06,MD00A418,A418,2.000,ROTARY VALVE ASSEMBLY FIVE DIRECC. P/MESA C200,UND,-,,0
0017,SC9451,06,MD030-L,NO.COD.FAB,5.000,FUSIBLE 30 AM. P/LAMPARA CIALITICA NACIONAL,UND,-,,0
0017,SC9451,06,MD9000682,9000682,4.000,TORNILLOS PARA MESA OPERACIONES AMAX9000,UND,-,,0
0017,SC9451,06,MD9000698,9000698,2.000,PERNOS PARA MESA DE OPERACIONES MEDILAND,UND,-,,0
0017,SC9451,06,MD9118004,9118004,8.000,LIMIT SWITCH 5A. P/MESA OPERACIONES MEDILAND,UND,-,,0
0017,SC9451,06,MD9130002,9130002-0000,1.000,PHOTOSENSOR ( PSR5001-B) MEDILAND,UND,-,,0
0017,SC9451,06,MD9151002,9151002-000,1.000,POTENCIOMETRO MEDILAND,UND,-,,0
0017,SC9451,06,MDA163,A163,4.000,TARJETA ELECTRONICA DRIVER P/MOD. ML600/MB MEDILAN,UND,-,,0
0017,SC9451,06,MDA194,A194,1.000,TARJETA ELECTRONICA P/LAMPARA CIALIT.TECHO MEDILAN,UND,-,,0
0017,SC9451,06,MDA5001,,1.000,TARJETA DE CONTROL LED A5001-0100 MEDILAND,UND,-,,0
0017,SC9451,06,MDA5020,A5020-0000,2.000,TARJETA ELECTRONICA DE CONTROL P/AMAX9000 MEDILAND,UND,-,,0
0017,SC9451,06,MDA529,A529,1.000,TARJETA ELECT. CONTROL MANUAL P/AMAX9000 MEDILAND,UND,-,,0
0017,SC9451,06,MDA547,A547,1.000,TARJETA ELECTRONICA UNLOCK DRIVER MEDILAND,UND,-,,0
0017,ME6416,06,PA06.02,PA06.02,1.000,APOYA BRAZOS PARA MESA DE OPERACIONES   MEDILAND,UND,-,,0
0017,M6525,06,B04278,B04278,1.000,CONTROLADOR CON PANEL PARA MOD. UNE 600 MEMMERT,UND,-,,0
0017,M6525,06,B04425,B04425,1.000,MODULO INTERRUPTOR - MEMMERT,UND,-,,0
0017,M6525,08,B39410,B39410,1.000,CABLE DE SEÑAL VO  GG12 UNIVERSAL  MEMMERT,UND,-,,0
0017,M6525,06,E05334,E05334,3.000,BOTON MANDO GIRATORIO PULSADOR MEMMERT,UND,-,,0
0017,NC6940,06,3140-1002,3140-1002,2.000,BOTELLA PARA CENTRIFUGA PC C/TAPA NALGENE,UND,-,,0
0017,NH7121,06,M-3060-R001,,5.000,FILTRO AMARILLO P/MICROSCOPIO MOD. N-320M NINGBO,UND,-,,0
0017,-,06,D-4230-1,NO.COD.FAB,4.000,RESISTENCIA P/DESTILADOR DE 1/2 Y 1 GPH BARNSTEAD,UND,-,,0
0017,-,06,D-4230-2,NO.COD.FAB,4.000,RESISTENCIA P/DESTILADOR DE 2 GAL. BARNSTEAD USA,UND,-,,0
0017,-,08,R170-47L,,2.000,GAS REFRIGERANTE R170  13KG -  47L EN CILINDRO,UND,-,,0
0017,OC7263,06,2650010104,2650010104,5.000,MANOMETRO CON REGULADOR P/NEBULIZADOR OLIDEF,UND,-,,0
0017,OC7263,06,520021-03,,1.000,SENSOR DE TEMPERATURA P/CUNA TERMICA MATRIX OLIDEF,UND,-,,0
0017,OC7263,06,520021-04,,1.000,PANTALLA DACTIL PARA CUNA TERMICA MATRIX SC OLIDEF,UND,-,,0
0017,OC7263,06,52032-01X,,1.000,SALIDA DE AIRE PARA NEBULIZADOR OLIDEF,UND,-,,0
0017,OC7263,06,530012,530012123001,3.000,VALVULA PARA NEBULIZADOR C71 PLUS OLIDEF,UND,-,,0
0017,OC7263,06,9013293,9013293,2.000,VALVULA CHECK PARA NEBULIZADOR OLIDEF,UND,-,,0
0017,RI8165,06,M-3097-3B,YX010-50-30-01,1.000,FUENTE DE PODER P/ MICROSCOPIO MOD. RXLr RADICAL,UND,-,,0
0017,RI8165,06,RA-3BP100X,,2.000,OBJETIVO 100X PARA MICROSCOPIO RADICAL,UND,-,,0
0017,RI8165,06,SMPS,,3.000,SWICTH MODE POWER SUPPLY P/MICROSCOPIO RADICAL,UND,-,,0
0017,RI8165,06,YX010,,3.000,TRANSFORMADOR P/BASE MICROSCOPIO RXLr3B RADICAL,UND,-,,0
0017,RAYPA,06,70058,70058,1.000,RECAMBIO JUNTA  AE/AES-75-110 AHS-50/79  RAYPA,UND,-,,0
0017,RAYPA,06,70061,70061,1.000,RECAMBIO JUNTA  AE/AES   28 - 50  RAYPA,UND,-,,0
0017,RAYPA,06,70209,70209,1.000,RECAMBIO FUSIBLE 8.5x31.5 DIAMET. 16A.  RAYPA,UND,-,,0
0017,RAYPA,08,70312,70312,2.000,RECAMBIO BOMBA GENERADOR / LLENADO KELLER  RAYPA,UND,-,,0
0017,RAYPA,08,70314,70314,1.000,RECAMBIO TERMOSTATO + PRESAESTOPA  P/AUTOCLAVE AE-75  RAYPA,UND,-,,0
0017,RAYPA,06,70318,70318,1.000,RECAMBIO BOYA  PARA AES-50-75-110-RFG COMPLETO RAYPA,UND,-,,0
0017,RAYPA,08,70354,,1.000,RECAMBIO TRANSFORMADOR TOROIDAL 230/2x12V   20VA  RAYPA,UND,-,,0
0017,RAYPA,06,70392,70392,1.000,RECAMBIO FILTRO BACTERIOLOGICO C/ROSCA P/MOD. AE-50-DRY,UND,-,,0
0017,RAYPA,08,70425,70425,1.000, RECAMBIO TAPON  1/2   PARA  CALIBRACION  RAYPA ,UND,-,,0
0017,RAYPA,06,70439,70439,1.000,RECAMBIO PORTAFUSIBLE  CARRIL DIN  FUSIBLE 8.5x31.5 RAYPA,UND,-,,0
0017,RAYPA,08,70554,70554,1.000,RECAMBIO CIRCUITO STMAX AGUJEROS   RAYPA,UND,-,,0
0017,RAYPA,06,70582,70582,1.000,RECAMBIO FILTRO MALLA  40x13   SET/5  RAYPA,SET,-,,0
0017,RAYPA,06,70884,70884,3.000,RECAMBIO CIERRE AUTOMATICO TLVs   RAYPA,UND,-,,0
0017,RAYPA,08,70885,70885,1.000,RECAMBIO CIRCUITO CONTROL ACTUADOR  TLVs  RAYPA,UND,-,,0
0017,RAYPA,06,71209,71209,4.000,RECAMBIO ARO CIERRE  TLV-50/75   RAYPA,UND,-,,0
0017,RAYPA,06,71276,71276,1.000,RECAMBIO ARO CIERRE  TLV-110/150  RAYPA,UND,-,,0
0017,RAYPA,08,71330,71330,1.000,RECAMBIO RESISTENCIA  5W 10K  TLV  RAYPA,UND,-,,0
0017,RAYPA,08,71333,71333,1.000,RECAMBIO BOMBA DE AGUA CEME 220V 50HZ   RAYPA,UND,-,,0
0017,RAYPA,01,AE-50-DRY,AE-50-DRY,1.000,AUTOCLAVE VERTICAL  50 LT. MOD. AE-50-DRY  230V. RAYPA,UND,39716,,1
0017,RAYPA,08,IT,IT,1.000,IMPRESORA TERMICA INTEGRADA DE PAPEL EN ROLLOS RAYPA,UND,-,,0
0017,SM9002,06,LMQ4060-C,,6.000,TAPA PLASTICA P/CAMARA PRECALENTAMIENTO AUTOCLAVE,UND,-,,0
0017,SM9002,06,R-4060,NO.COD.FAB,1.000,INTERRUPTOR DE NIVEL P/AUTOCLAVE LMQ.C4060 SHINVA,UND,-,,0
0017,SM9130,06,00006535,00006535,2.000,CINTA DE PLANTILLA M5 SLEE MAINZ,UND,-,,0
0017,SM9130,06,00009999,NO.COD.FAB,1.000,LLAVES ALLEN SLEE MAINZ,UND,-,,0
0017,SM9130,06,11000-00,NO.COD.FAB,43.000,TAPAS PARA PROCESADOR DE TEJIDOS MTP SLEE,UND,-,,0
0017,SM9130,06,32000503,32000503,2.000,TOPE DE GOMA P/CAMARA CRYOSTATO P/MEV SLEE,UND,-,,0
0017,SM9130,06,32000553,32000553,2.000,TARJETA ELECTRONICA PROCESSOR CIRCUIT BOARD,UND,-,,0
0017,SM9130,08,34000393,34000393,1.000,RIBBON CABLE  RS232  55CM. LARGO, PARA CUT  5062/6062,UND,-,,0
0017,SM9130,06,34001161,34001161,1.000,LUBRICANTE DE BAJA TEMPERATURA LGLT 2/1 SLEE,UND,-,,0
0017,SM9130,06,34003802,34003802,36.000,RESORTE PARA PINZA UNIVERSAL CASSETTE SLEE MAINZ,UND,-,,0
0017,SM9130,08,34133311,34133311,1.000,TARJETA ELECTRONICA PRINCIPAL PARA CUT3  5062/6062,UND,-,,0
0017,SM9130,06,39500143,39500143,1.000,ANILLO PARA TAPA DE VACIO SLEE,UND,-,,0
0017,SM9130,06,70040303,70040303,25.000,TORNILLO M3 x 3 ISO4026 SLEE MAINZ,UND,-,,0
0017,SM9130,06,70120310,70120310,28.000,CABEZA DE TORNILLO M3x10 -A2 SLEE,UND,-,,0
0017,SM9130,06,70120512,70120512,20.000,CABEZA DE TORNILLO M5 x 10-A2 SLEE,UND,-,,0
0017,SM9130,08,70210002,70210002,14.000,CABLE DE PODER   PARA EQUIPOS,UND,-,,0
0017,SM9130,08,94000701,94000701,1.000,LLAVE CON TORQUIMETRO  SLEE,UND,-,,0
0017,SM9130,06,94010025,94010025,4.000,TALADRO D=2,5 MM SLEE MAINZ,UND,-,,0
0017,SM9130,06,94010030,94010030,4.000,TALADRO D=3,0 MM SLEE MAINZ,UND,-,,0
0017,SG9213,06,58-113,58-113,4.000,ELECTRDO BALL RECTO 6MM. DIAMET. SORING,UND,-,,0
0017,SC9455,06,129359-008,NO.COD.FAB,24.000,ROLLO D PAPEL P/IMPRESORA DE AMSCO RELIANCE 444,UND,-,,0
0017,SC9455,06,67761-01X,NO.COD.FAB,1.000,BANDEJA PERFORADA P/LAVADOR RELIANCE 550 STERIS,UND,-,,0
0017,SC9455,06,A1600,A1600,2.000,ASPIRADOR DEL ESTERILIZANTE ASSY STERIS,UND,-,,0
0017,SC9455,06,BF11-100,BF-11-100,4.000,SUJETADOR D/MUÐECAS P/MESA OPERACIONES PAR STERIS,UND,-,,0
0017,SC9455,06,BF13300,BF13300,42.000,CLAMPS UNIVERSAL P/MESA OPERAC.(USA-EUROPA) MEDI,UND,-,,0
0017,SC9455,06,BF32100,NO.COD.FAB,2.000,JUEGO D/COLCHONETAS P/MESA OPERACIONES 3085 STERIS,UND,-,,0
0017,SC9455,06,BF33400,NO.COD.FAB,1.000,EXTENSION P/CABEZA C/COLCHONETA P/MESA OPERACIONES,UND,-,,0
0017,SC9455,06,CM57,CM57,1.000,RACK P/OBJETO VIDRIO P/LAVADOR DESINF. GENFORE STE,UND,-,,0
0017,SC9455,06,P0000012,NO.COD.FAB,8.000,TORNILLO M6 x 12 PARA LAMPARA CIALITICA STERIS,UND,-,,0
0017,SC9455,06,P007872051,NO.COD.FAB,1.000,MEDIDOR DE PRESION Y VACIO STERIS CORP,UND,-,,0
0017,SC9455,06,P06003365,3365,1.000,GAS SPRING (AMORTIGUADOR) P/CAMA CAMILLA STERIS,UND,-,,0
0017,SC9455,06,P065532,065532,7.000,CABLE DE CONTROL P/CAMA CAMILLA 428 HAUSTED/STER,UND,-,,0
0017,SC9455,06,P093908637,P093908637,1.000,CONTROL DE BATERIA P/MESA DE OPERACIONES STERIS,UND,-,,0
0017,SC9455,06,P093909954,P093909954,4.000,SENSOR MAGNETICO PARA ESTERILIZADOR STERIS,UND,-,,0
0017,SC9455,06,P093911351,P093911351,1.000,SENSOR DE TEMPERATURA P/ESTERILIZADOR STERIS,UND,-,,0
0017,SC9455,06,P093914204-X,,45.000,PAPEL P/IMPRESORA PARA LAVADOR UNIDAD STERIS,UND,-,,0
0017,SC9455,06,P093918038,NO.COD.FAB,3.000,SENSOR D/AGUA TIPO FLOTADOR (CHAMBER WATER) STERIS,UND,-,,0
0017,SC9455,06,P093918039,NO.COD.FAB,4.000,CABLE SHEAVE P/ESTERILIZADOR CENTURY STERIS,UND,-,,0
0017,SC9455,06,P093922107,NO.COD.FAB,1.000,RTD DUAL ASSY P/ESTERILIZADOR MOD. SL3483 STERIS,UND,-,,0
0017,SC9455,06,P093929047,P093929047,1.000,MODULO RTD RESISTANCE STERIS,UND,-,,0
0017,SC9455,06,P093929060,P093929060,1.000,SENSOR DE PROXIMIDAD P/ESTERILIZADOR STERIS,UND,-,,0
0017,SC9455,06,P093929061,P093929061,2.000,SENSOR P/ESTERILIZADOR BAJA TEMPERATURA V-PRO STE,UND,-,,0
0017,SC9455,06,P097487091,P097487091,1.000,EMPAQUETADURA P/PUERTA ESTERILIZADOR 24x36 STERIS,UND,-,,0
0017,SC9455,06,P117070042,P117070042,1.000,TERMINAL BLOCK PARA RELIANCE SYNERGY / 444 STERIS,UND,-,,0
0017,SC9455,06,P117902260,NO.COD.FAB,1.000,CONTACTOR 7.5 AMP. P/LAVADOR MOD. 444 STERIS,UND,-,,0
0017,SC9455,06,P117903111,NO.COD.FAB,1.000,SENSOR DE PUERTA P/RELIANCE MOD. 444 STERIS,UND,-,,0
0017,SC9455,06,P117903605,NO.COD.FAB,1.000,HEATER ELEMENT P/LAVADOR MOD. RELIANCE 444 STERI,UND,-,,0
0017,SC9455,06,P117903641,P117903641,1.000,SELLO DE CERAMICA P/BOMBA DE AGUA DE LAVADOR STERI,UND,-,,0
0017,SC9455,06,P117908680,117908-680,4.000,EMPAQUETADURA P/PUERTA DE LAVADOR DESINFECTOR STER,UND,-,,0
0017,SC9455,06,P117950171,NO.COD.FAB,1.000, VALVULA SELENOIDE 2 1/2   P/LAVADOR DE CARROS STE ,UND,-,,0
0017,SC9455,06,P117950224,NO.COD.FAB,1.000,VALVULA SEPARADORA P/LAVADOR DE CARROS STERIS,UND,-,,0
0017,SC9455,06,P117955383,P117955383,1.000,SENSOR DE TEMPERATURA RTD ASSY P/LAVADOR 444 STER,UND,-,,0
0017,SC9455,06,P117955591,P117955591,1.000,CONECTOR P/SENSOR D/TEMPERATURA DE LAVADOR STERIS,UND,-,,0
0017,SC9455,06,P117988265,11798265,1.000,INLET SLIDING,UND,-,,0
0017,SC9455,06,P129359008,NO.COD.FAB,2.000,ROLLO DE PAPEL P/IMPRESORA DE RELIANCE STERIS,UND,-,,0
0017,SC9455,06,P129363928,NO.COD.FAB,4.000,FUSIBLES P/ESTERILIZADOR STERIS,UND,-,,0
0017,SC9455,06,P129385356,P129385356,1.000,NIPLE 1/4 , BOQUILLA DE BRONCE STERIS,UND,-,,0
0017,SC9455,06,P134473203,P134473203,1.000,BOMBA DE VACIO SIHI P/ESTERILIZADOR A VAPOR STERIS,UND,-,,0
0017,SC9455,06,P136806806,P136806806,1.000,BATERIAS PK/2 PARA MOTOR MESA OPERACIONES STERIS,UND,-,,0
0017,SC9455,06,P136807035,P136807035,1.000,MICROSWITCH WIRING ASSY P/MESA OPERACIONES STERIS,UND,-,,0
0017,SC9455,06,P136809750,P136809750,1.000, VALVULA REGULADORA 3/8   NPT STERIS ,UND,-,,0
0017,SC9455,06,P141210552,P141210552,1.000,FUENTE COMPLETA P/MESA OPERACIONES STERIS,UND,-,,0
0017,SC9455,06,P146656182,NO.COD.FAB,1.000,PRINTER BOARD PARA ESTERILIZADOR STERIS,UND,-,,0
0017,SC9455,06,P146660160,NO.COD.FAB,1.000,EMPAQUETADURA PARA ESTERILIZADOR ( 20x20) STERIS,UND,-,,0
0017,SC9455,06,P146669295,P146669295,4.000,REJILLA DE METAL ( SHELF MELDMENT ) STERIS,UND,-,,0
0017,SC9455,06,P150828440,P150828440,30.000,CINTA P/IMPRESORA DE ESTERILIZ. AMSCO CENTURY PK/2,UND,-,,0
0017,SC9455,06,P150828440-X,P150828440,2.000,CINTA P/IMPRESORA DE ESTERILIZ.AMSCO CENTURY UNID.,UND,-,,0
0017,SC9455,06,P150830182,P150830182,1.000,COLCHONETA APOYA BRAZOS P/MESA OPERAC. 3085 STERIS,UND,-,,0
0017,SC9455,06,P755716418,NO.COD.FAB,2.000,FLASH MEMORY SET PARA ESTERILIZADOR STERIS,UND,-,,0
0017,SC9455,06,P755716715,NO.COD.FAB,3.000,CHIP SET (MEMORIAS) P/CENTURY 16x16 Y 20x20 STERIS,UND,-,,0
0017,SC9455,06,P755718446,P755718446,1.000,TARJETA COMPACT FLASH PARA V-PRO STERIS,UND,-,,0
0017,SC9455,06,P764315933,NO.COD.FAB,1.000,MEDIDOR DE INTENSIDAD DE LUZ STERIS,UND,-,,0
0017,SC9455,06,P764320900,P764320900,1.000,VALVULA INFERIOR D/VISOR DE GENERADOR VAPOR STERIS,UND,-,,0
0017,SC9455,06,P764321583,NO.COD.FAB,1.000,BRAZALETE C/CABLE (WRIST STRAP-ANTISTATIC) STERIS,UND,-,,0
0017,SC9455,06,P764323446,NO.COD.FAB,2.000,MARATHON TERMINAL BLOCK STERIS,UND,-,,0
0017,SC9455,06,P764326231,NO.COD.FAB,6.000,GLASS GASKET P/ESTERILIZADOR CENTURY STERIS,UND,-,,0
0017,SC9455,06,P764326477,NO.COD.FAB,1.000,KIT D/REPARACION P/VALVULA SELENOIDE S-1 P/CENTURY,UND,-,,0
0017,SC9455,06,P764326485,NO.COD.FAB,3.000,KIT DE REPARACION P/ESTERILIZADOR STERIS CORP.,UND,-,,0
0017,SC9455,06,P764330592,P764330592,1.000,CONTACTOR BOMBA ALIMENTACION AGUA P/ESTERILIZADOR,UND,-,,0
0017,SC9455,06,P764331882,P764331882,1.000,KIT DE ACTUALIZACION PARA ESTERILIZADOR,UND,-,,0
0017,SC9455,06,P764332949,P764332949,2.000,KIT DE PARTES Y ACCESORIOS P/AUTOCLAVE STERIS,UND,-,,0
0017,SC9455,06,P764333085,P764333085,1.000,VALVULA DE PRESION RELIEF STERIS,UND,-,,0
0017,SC9455,06,P764333354,P764333354,1.000,KIT DE COMPONENTES P/AMSCO V-PRO1 PACK2000 STERIS,UND,-,,0
0017,SC9455,06,P764333933,P764333933,1.000,KIT OVERRIDE SW UPGRADE1 P/MESA OPERACIONES STERI,UND,-,,0
0017,SC9455,06,P764334482,P764334482,1.000,ENVASE PARA SOPORTE DE FILTRO STERIS,UND,-,,0
0017,SC9455,06,P764334985,P764334985,1.000,SPRING SEAT STERIS,UND,-,,0
0017,SC9455,06,P82332081,NO.COD.FAB,1.000,EMPAQUETADURA P/ESTERILIZADOR MOD. 449 STERIS,UND,-,,0
0017,TK9585,06,AC-DHC102,,4.000,PLUG PARA MESA DE PARTOS TAICANG,UND,-,,0
0017,TG9738,06,JC307-100,JC307,4.000,PAPEL FILTRO PARA CITOCENTRIFUGA PK/100 THARMAC,UND,-,,0
0017,TG9738,06,JC307-500,JC307,3.000,PAPEL FILTRO PARA CITOCENTRIFUGA PK/500 THARMAC,UND,-,,0
0017,TG9738,06,JC313,JC313,1.000,ECOFUNNEL ENGLISH MUSTER P/CITOCENTRIFUGA THARMAC,UND,-,,0
0017,TG9738,06,JC320-323,JC320,1.000,CELLFUNNEL MUSTER P/CITOCENTRIFUGA THARMAC,UND,-,,0
0017,TE9740,08,50150630,50150630,1.000,PARED INTERNA CON RESISTENCIA,UND,-,,0
0017,TE9740,08,8302BNUMD,8302BNUMD,1.000,ELECTRODO  PH  ULTRA RELLENABLE ORION,UND,221-17932,,1
0017,TE4940,06,019-533-02,019-533-02,1.000,MICROPROCESADOR PRINCIPAL P/AGITADOR SHKE2000,UND,-,,0
0017,TE4940,06,019-550-00,019-550-00,1.000,TARJETA ELECTRONICA P/CALENTADOR ELECTRICO THERMO,UND,-,,0
0017,TE4940,08,09-1003,09.1003,1.000,FILTRO DISPENSADOR FINAL P/MICROPURETHERMO,UND,-,,0
0017,TE4940,06,094297,094297,2.000,CONECTOR DE ENTRADA 250V THERMO,UND,-,,0
0017,TE4940,06,102012,102012,1.000,EMPAQUETADURA P/PUERTA CAMARA CLIMATICA THERMO,UND,-,,0
0017,TE4940,03,1047661,1047661,4.000,TIP DE DISPENSADOR  MARCA  THERMO,UND,-,,0
0017,TE4940,06,1092090,1092090,1.000,FAJA DE MOTOR,UND,-,,0
0017,TE4940,06,11250006,11250006,37.000,RELAY SWITCH REED P/CENTRIFUGA CL10 THERMO,UND,-,,0
0017,TE4940,06,11756,11756,3.000,LINER BUCKET HBB-6  SET/2   THERMO,SET,-,,0
0017,TE4940,08,13X551601,13X551601,1.000,TECLADO TACTIL PARA MEDIDOR DE PH - THERMO ORION,UND,-,,0
0017,TE4940,03,1410130,1410130,1.000,LAMPARA HALOGENA  MARCA  THERMO,UND,-,,0
0017,TE4940,06,190772,160772,1.000,TARJETA ELECTRONICA P/INCUBADORA CO2 MOD. 321 THE,UND,-,,0
0017,TE4940,06,1950069,1950069,2.000,KIT DE REEMPLAZO DMHVRP P/MOD. 8602 THERMO,UND,-,,0
0017,TE4940,06,195986,195986,1.000,EMPAQUETADURA PARA CRYOMED FREEZER THERMO,UND,-,,0
0017,TE4940,06,20057362,50057362,1.000,MASCARA DE PANEL MULTI 4 PARA RC4 THERMO,UND,-,,0
0017,TE4940,06,20058130,20058130,1.000,PANEL DE CONTROL (MEMBRANA) PARA  MOD. CL17 THERMO,UND,-,,0
0017,TE4940,08,20059703,20059703,1.000,TECLADO THERMO,UND,-,,0
0017,TE4940,06,20150178,20150178,1.000,TARJETA ELECTRONICA PRINCIPAL 120V. P/LABOFUGE200,UND,-,,0
0017,TE4940,06,20150221,20150221,1.000,TARJETA ELECTRONICA DISPLAY PARA RC4 THERMO,UND,-,,0
0017,TE4940,06,20150259,20150259,1.000,TARJETA ELECTRONICA P/CENTRIFUGA LABORAT. THERMO,UND,-,,0
0017,TE4940,06,20150333,20150333,1.000,TARJETA PRINCIPAL MAIN PCB 230V P/CENTRIFUGA MEDIFUGE,UND,-,,0
0017,TE4940,06,20150335,20150335,5.000,TARJETA ELECTRONICA PRINCIPAL POLARIS P/MOD. BP16 THERMO,UND,-,,0
0017,TE4940,06,20150396,20150396,1.000,TARJETA ELECTRONICA P/MICROCENT. MOD. CL17 THERMO,UND,-,,0
0017,TE4940,06,20151175,20151175,1.000,TARJETA ELECTRONICA CONTROLLER P/RC3+ THERMO,UND,-,,0
0017,TE4940,06,20180753,20180753,1.000,INTERRUPTOR (SWITCH) P/CENTRIFUGA KR4i THERMO,UND,-,,0
0017,TE4940,06,20901162,20901162,1.000,SEGURO DE PUERTA  ( LATCH ASSY )  P/CENTRIFUGA MEDIFUGE,UND,-,,0
0017,TE4940,06,21041040,21041040,1.000,FUENTE DE PODER PQ-100 P/WELL WASH THERMO FISHER,UND,-,,0
0017,TE4940,06,302268G01,302268G01,2.000,FUENTE DE PODER P/MOD. REL 2304D THERMO,UND,-,,0
0017,TE4940,08,303255G49,303255G49,18.000,COMPRESOR  VNEU217U PARA CONGELADORA TSX THERMO,UND,-,,0
0017,TE4940,08,303255G52,303255G52,16.000,COMPRESOR PARA MODELO  TSX5030FZ  THERMO,UND,-,,0
0017,TE4940,06,304863H02,304863H02,1.000,TARJETA ELECTRONICA DISPLAY UNIT P/REFRIGERADORA,UND,-,,0
0017,TE4940,06,314681G01,314681G01,1.000,KIT DE SERVICIO SENCILLO P/CONGELADORA 906 THERMO,UND,-,,0
0017,TE4940,06,315081G02,315081G02,1.000,MODULO DE RELAY Y CONTROL THERMO,UND,-,,0
0017,TE4940,08,315330H04,315330H04,6.000,TAPA PARA BISAGRAS  PARA CONGELADORA  THERMO,UND,-,,0
0017,TE4940,06,315489H01,315489H01,2.000,SWITCH TERMICO PTCR THERMO,UND,-,,0
0017,TE4940,06,315513H01,315513H01,1.000,PESTILLO DE PUERTA  THERMO,UND,-,,0
0017,TE4940,06,3166566,3166566,28.000,CLIP PARA MATRAZ 250 ML. P/AGITADOR MOD. 50 THERM,UND,-,,0
0017,TE4940,06,3166566-X,,14.000,CLIP PARA MATRAZ 250 ML P/AGITADOR NACIONAL,UND,-,,0
0017,TE4940,08,322227G05,322227G05,1.000,COMPRESOR KIT DE GASES 2082 THERMO,UND,-,,0
0017,TE4940,08,322228G02,322228G02,1.000,COMPRESOR KIT 208/02 THERMO FISHER,UND,-,,0
0017,TE4940,06,325052,325052,1.000,VALVULA PARA DESTILADOR DE AGUA THERMO,UND,-,,0
0017,TE4940,06,326300G30,,1.000,TARJETA ELECTRONICA DE CONTROL  THERMO,UND,-,,0
0017,TE4940,06,326301H01,326301H01,1.000,TABLERO DE VISUALIZACION THERMO,UND,-,,0
0017,TE4940,08,327005G01,327005G01,1.000,VENTILADOR PARA CONGELADORA THERMO,UND,-,,0
0017,TE4940,06,327100G07,327100G07,1.000,INVERSOR PARA CONGELADORA  TSX  -  SRV ASSY  THERMO,UND,-,,0
0017,TE4940,08,328115G01,328115G01,1.000,SISTEMA DE ARRANQUE DE COMPRESORES 208-230V  THERMO,UND,-,,0
0017,TE4940,08,328140G01,328140G01,1.000,ASSY  RELAY  ENCLR   208-250  VSC  THERMO,UND,-,,0
0017,TE4940,06,329503G01,329503G01,3.000,DISPLAY COMPLETO P/ULTRACONGELADORA FDE30086FD THERMO,UND,-,,0
0017,TE4940,08,330868H01,330868H01,4.000,CUBIERTA DE CONDENSADOR PARA CONGELADOR UXF30086V,UND,-,,0
0017,TE4940,08,331154H01,331154H01,1.000,MEMORIA  SD  PARA CENTRIFUGA  THERMO,UND,-,,0
0017,TE4940,06,335900-R01,NO.COD.FAB,4.000,CONTROL DE TIEMPO PARA GENESIS 10 THERMO,UND,-,,0
0017,TE4940,06,335906-6024,335906-6024S,1.000,TARJETA ELECTRONICA PRINCIPAL G10S/G6 P/GENESIS,UND,-,,0
0017,TE4940,08,3835711,3835711,2.000,TAPA TERMINAL  IZQUIERDO  THERMO,UND,-,,0
0017,TE4940,06,38500023,38500023,1.000,MOTOR PARA CENTRIFUGA PK110 / CL10 THERMO,UND,-,,0
0017,TE4940,06,39693H01,39693H01,1.000,MOTOR DE VENTILADOR  THERMO FISHER,UND,-,,0
0017,TE4940,06,39900431,39900431,1.000,TARJETA PRINCIPAL P/CENTRIFUGA CL10 THERMO,UND,-,,0
0017,TE4940,06,400165,400165,1.000,INTERRUPTOR AJUSTABLE 14VDC THERMO,UND,-,,0
0017,TE4940,08,40674H10,40674H10,1.000,SELLADORES PARA CONGELADORA  THERMO,UND,-,,0
0017,TE4940,06,449240R,449240R,11.000,TUBO SUJETADOR THERMO,CU,-,,0
0017,TE4940,06,50115132,50115132,2.000,MICA PROTECTORA DE PLASTICO P/MOD. KR4i THERMO,UND,-,,0
0017,TE4940,06,50116552,50116552,2.000,TARJETA ELECTRONICA PRINCIPAL P/CENTRIFUGA THERMO,UND,-,,0
0017,TE4940,06,50117542,50117542,4.000,AMORTIGUADOR ( GAS SPRING ) P/CENTRIFUGA KR4i TH,UND,-,,0
0017,TE4940,06,50140965,50140965,1.000,TARJETA ELECTRONICA  KIT PARA HERATHERM  THERMO,UND,-,,0
0017,TE4940,08,50141920,50141920,1.000,FILTRO HEPA PARA EQUIPO HERACELL  VIOS  THERMO FISHER,UND,SIN/SERIE,,1
0017,TE4940,06,50149182,50149182,1.000,LLAVE EXAGONAL 2x90 THERMO,UND,-,,0
0017,TE4940,06,50156048,50156048,1.000,KIT FAN SYSTEM COMPLETO HTM  160MM  230V.  THERMO,UND,-,,0
0017,TE4940,06,50916BR,50916BR,1.000,PANEL DE MEMBRANA P/MOD. CL3 REFRIGERADA THERMO,UND,-,,0
0017,TE4940,08,70900128,70900128,1.000,TARJETA ELECTRONICA ASSY 230V. P/MOD. CL17 THERMO,UND,-,,0
0017,TE4940,06,70903033,70903033,1.000,TARJETA ELECTRONICA PRINCIPAL P/CENTRIFUGA ST8 THE,UND,-,,0
0017,TE4940,06,70903034,70903034,2.000,SENSOR DE ROTOR PARA CENTRIFUGA MOD. ST8 THERMO,UND,-,,0
0017,TE4940,06,70904621,70904621,3.000,MEMORIA NV RAM 4621 P/CENTRIFUGA MICRO CL17 THERMO,UND,-,,0
0017,TE4940,08,70904624,70904624,1.000,MEMORIA CNV-RAM  230V P/CENTRIFUGA CL21R  THERMO,UND,-,,0
0017,TE4940,06,70904671,70904671,1.000,MEMORIA NV RAM GP1R THERMO,UND,-,,0
0017,TE4940,06,70904687,70904687,1.000,TARJETA ELECTRONICA PRINCIPAL KIT GP1 THERMO,UND,-,,0
0017,TE4940,06,70904741,70904741,1.000,MEMORIA NVRAM 4741 P/CENTRIFUGA CL17 THERMO,UND,-,,0
0017,TE4940,08,70904743,70904743,1.000,MEMORIA NVRAM  PARA CENTRIFUGA   THERMO,UND,-,,0
0017,TE4940,08,70904751,70904751,2.000,MEMORIA NVRAM PARA TARJETA ELECT. P/CENTRIFUGA ST8,UND,-,,0
0017,TE4940,06,70904786,70904786,1.000,NV RAM PARA CENTRIFUGA MEDIFUGE THERMO,UND,-,,0
0017,TE4940,06,70907234,70907234,1.000,TARJETA DE SENSOR DETECTOR DE ROTOR P/RC4 THERMO,UND,-,,0
0017,TE4940,03,75003030,75003030,50.000,EMPAQUETADURA PARA CENTRIFUGA CL17  UNIDAD  THERMO,UND,-,,0
0017,TE4940,01,75004260,75004260,1.000,CENTRIFUGA LEGEND MOD. X1R THERMO,UND,41553497,,1
0017,TE4940,06,75005730,75005730,2.000,TAPAS  PARA CENTRIFUGA SORVALL  ST8   THERMO,UND,-,,0
0017,TE4940,06,770001,770001,2.000,FILTRO DESCARTABLE  THERMO,UND,-,,0
0017,TE4940,06,90520,90520H11,1.000, PAPEL REGISTRADOR 6   P/MOD REB2304D CJA/50 REVCO ,UND,-,,0
0017,TE4940,08,9502BNWP,9502BNWP,1.000,ELECTRODO DE DIOXIDO  DE CARBONO    THERMO  ELECTRON,UND,-,,0
0017,TE4940,08,98784H01,98784H01,1.000,COMPRESOR PARA REFRIGERADORA MC20SS-SAEE  THERMO,UND,-,,0
0017,TE4940,01,B-4372-17,,1.000,CENTRIFUGA MICROHEMATOCRITO MOD. CL17 C/ROTOR IEC,UND,42323902,,1
0017,TE4940,01,BF51828C-1,BF51828C-1,1.000,HORNO DE CALCINACION MOD. LINDBERG BLUE 42.5LT,UND,264305011906,,1
0017,TE4940,06,F36924,F36924,1.000,LAMINAS PREPARADAS P/MICROSCOPIO  THERMO,UND,-,,0
0017,TE4940,06,FL703X2,FL703X2,3.000,FILTRO 0.2 MICRON FINAL P/NANOPURE THERMO,UND,-,,0
0017,TE4940,03,H-2406-07,,1.000, AGITADOR MAGNETICO 7  x7   COD. SP88857105 THERMO ,UND,SIN/SERIE,,1
0017,TE4940,06,N09233,N09233,1.000,RODAJE LINEAL P/ESPECTROFOTOMETRO  MULTISKAN SKY,UND,-,,0
0017,TE4940,06,N18046,N18046,1.000,PLATE CARRIAGE ( PLACA)  ASSY  MUGO+ P/MULTISKAN  SKY,UND,-,,0
0017,TE4940,06,PC1195X1,PC1195X1,1.000,TARJETA ELECTRONICA PCB PARA RPO BT TOC UV THERMO,UND,-,,0
0017,TE4940,06,PC896X2,PC896X2,1.000,TARJETA ELECTRONICA PCB DE MEDICION THERMO,UND,-,,0
0017,TE4940,01,PR505750R,PR505750R,1.000,INCUBADORA REFRIGERADA THERMO,UND,-,,0
0017,TE4940,03,SP88857105,SP88857105,1.000,PLANCHA DE CALENTAMIENTO C/AGITADOR 7x7 THERMO,UND,C3710507061769606,,1
0017,TE4940,08,T1999,T1999,5.000,CALIBRADOR ESPACIO PUERTA PARA CONGELADORA UXF30086V,UND,-,,0
0017,TE4940,01,TSX60086D,165DT0B01B,1.000,CONGELADORA ULTRA BAJA TEMPERATURA MOD. TSX60086D THERMO,UND,1118933901180514,,1
0017,TE4940,06,TU733X1,TU733X1,1.000,CASQUILLO DE CUARZO THERMO,UND,-,,0
0017,FS3790,06,17020,,1.000, PAPEL GRAFICO -100 +38 6   7D P/REGISTRADOR PK/50 ,UND,-,,0
0017,FS3790,06,180006,180006,2.000,PAPEL REGISTRADOR DE 0¦ A 60¦ C. THERMO FISHER,UND,-,,0
0017,FS3790,06,190551,190551,1.000,TARJETA DE CONTROL P/SISTEMA ALMACENAJE LN2 FORMA,UND,-,,0
0017,FS3790,06,19-7006-2X,KM-0620X,1.000,PAPEL P/REGISTRADOR D/TEMPERATURA CJA/9 FORMA,UND,-,,0
0017,FS3790,06,209016,209016,3.000,SECADOR C-052 1/4 ODS P/CONGELADORA 994 FORMA,UND,-,,0
0017,FS3790,06,214006,214006,2.000,SEPARADOR DE ACEITE (MIN 70 OZ.) MDL FORMA,UND,-,,0
0017,FS3790,06,227937,227937,2.000,SENSOR DEFROST P/REFRIGERADORA MOD. 3684,86 FORMA,UND,-,,0
0017,FS3790,06,230111,NO.COD.FAB,2.000,FUSIBLE 2A 250V. TIME DELAY P/CONGELAD.SERIE 8500,UND,-,,0
0017,FS3790,06,4000385,,1.000,SENSOR DE CONTROL TEMPERATURA P/CAMARA DE ENFRIAMI,UND,-,,0
0017,FS3790,06,760175,760175,1.000,FILTRO HEPA 5.5 DIAMET. x 1.50 P/INCUBADORA CO2,UND,TS22305H992673,,1
0017,FS3790,06,B-7220-5,FS3790,1.000,REFRIGERANTE HP80 27 LB. PARA BANCO DE SANGRE FORM,UND,-,,0
0017,IE4940,06,170192,170192,1.000,CONDENSADOR DE ARRANQUE START CAP THERMO,UND,-,,0
0017,IE4940,06,41778,NO.COD.FAB,2.000,WASHER SPRING WALLACE BAR I.E.C. USA,UND,-,,0
0017,IE4940,06,41958,41958OR,1.000,EJE (ASSY FLEXIBLE SHAFT) I.E.C.,UND,-,,0
0017,IE4940,06,43181A,43181A,2.000,LATCH PARA PUERTA CENTRIFUGA MOD GP8, GP8R I.E.C.,UND,-,,0
0017,IE4940,06,44416,44416,1.000,CONTROLADOR DE TIEMPO DIGITAL PARA CL2 I.E.C.,UND,-,,0
0017,IE4940,06,45265,452650R,1.000,PC BOARD (TARJETA ) LOGICA PR7000M I.E.C.,UND,-,,0
0017,IE4940,06,47114,471140R,2.000,TUERCA DE CIERRE P/MOTOR CENTRIFUGA GP8 IEC.,UND,-,,0
0017,IE4940,06,48620,NO.COD.FAB,3.000,SHAFT ADAPTER PARA CENTRIFUGA MOD. CENTRA 8R I.E.C,UND,-,,0
0017,IE4940,06,48621,486210R,2.000,ABRAZADERA P/MOTOR CENTRIFUGA GP8 IEC.,UND,-,,0
0017,IE4940,06,48804,488040F,2.000,PORTA CARBONES P/MOTOR CENTRIFUGA GP8 IEC.,UND,-,,0
0017,IE4940,06,49802,498020F,1.000,TAPA PARA CARBONES P/MOTOR CENTRIFUGA GP8 IEC,UND,-,,0
0017,IE4940,06,50788,50788,10.000,PANEL DE MEMBRANA PARA MOD. CL2 I.E.C.,UND,-,,0
0017,IE4940,06,50900,50900,1.000,MOTOR ELECTRICO P/CENTRIFUGA CL3/3R I.E.C.,UND,-,,0
0017,IE4940,06,51342,513420F,2.000,ROTOR NUT P/CENTRIFUGA MOD.MULTIRF THERMO IEC,UND,-,,0
0017,IE4940,06,63101,631010F,1.000,MEMORIA PROGRAMAB. EPROM PARA CENTRA W I.E.C.,UND,-,,0
0017,IE4940,06,65445,654450R,1.000,SOPORTE P/MOTOR CENTRIFUGA GP8 IEC.,UND,-,,0
0017,IE4940,06,65476,654760F,1.000,SENSOR DE VELOCIDAD P/CENTRIFUGA THERMO IEC.,UND,-,,0
0017,IE4940,06,65479,654790R,5.000,BISAGRA P/MOTOR CENTRIFUGA GP8 IEC.,UND,-,,0
0017,IE4940,06,85290-129,85290-129,2.000,SET DE CIRCUITO INTEGRADO C/FUSIBLES P/MOD. KR4I,UND,-,,0
0017,IE4940,06,86005206,86005206,1.000,RUEDA PARA CENTRIFUGA MOD. FL40R THERMO IEC,UND,-,,0
0017,IE4940,06,9150,NO.COD.FAB,158.000,ADAPTADOR DE ENCHUFE,UND,-,,0
0017,TL5574,06,1424920,1424920,1.000,FILTRO OPTICO 492 NM P/MULTISKAN EX LABSYSTEMS,UND,-,,0
0017,999,01,09000-220-ED,09000-220-ED,1.000, EQUIPO DE AFERESIS MODELO MCS+09000-220-ED  HAEMONETICS,UND,12J194,,1
0017,999,06,178010-OS,178010-OS,4.000,CELDAS DE FLUJO 10MM Z=15 PARA ESPECTROFOTOMETRO,UND,-,,0
0017,999,03,225S309011016,225S309011016,1.000,MEMBRANA RO  AGUA SALOBRE OSMOSIS INVERSA,UND,-,,0
0017,999,06,225S3110608,,4.000, CONECTOR  3/8   TB - 1/2    MPT ,UND,-,,0
0017,999,06,30-7335-1F,30-7335-1F,1.000,TARJETA PRINCIPAL P/AUTOCLAVE VERTICAL MD. CLG40L,UND,-,,0
0017,999,06,3768901,,3.000,PRE FILTRO P/CLEAN BENCH HORIZONTAL 4 PIES,UND,-,,0
0017,999,06,41278.2,41278.2,1.000,INTERRUPTOR PROTECTOR DE MOTOR DE 10 - 16A.,UND,-,,0
0017,999,06,49742,497420R,1.000,SUJETADOR P/ROTOR CENTRIFUGA IEC.,UND,-,,0
0017,999,08,600722,600722,2.000,TECLADO PLASTICO CODAN ARGUS,UND,-,,0
0017,999,06,6695110606,6695110606,2.000, CONECTOR 3/8   TB-3/8   MNPT  MAXIMA PRESION ,UND,-,,0
0017,999,08,6695111104,6695111104,2.000, VALVULA DE MUESTREO 3/8   TB  MAXIMA PRESION ,UND,-,,0
0017,999,08,6896111407,6896111407,1.000, VALVULA SOLENOIDE SS 3/4    FNPT  220V  HIDROTEK ,UND,-,,0
0017,999,06,81007,81007,1.000,FLUJOMETRO DE O2, 0 - 15 LPM,UND,-,,0
0017,999,06,E200-R01,,3.000,AMORTIGUADOR NEUMATICO GRANDE COGENT,UND,-,,0
0017,999,06,E200-R02,,7.000,AMORTIGUADOR NEUMATICO MEDIANO COGENT,UND,-,,0
0017,999,06,E200-R03,,5.000,AMORTIGUADOR NEUMATICO PEQUEÐO COGENT,UND,-,,0
0017,999,06,E200-R04,NO.COD.FAB,16.000,BUMPER ( PARACHOQUE DE GOMA ) COGENT,UND,-,,0
0017,999,06,E200-R05,NO.COD.FAB,3.000,BOMBA HIDRAULICA PARA CAMILLAS COGENT E200X,UND,-,,0
0017,999,06,FGD-W600,FGD-W600,1.000,SISTEMA DE MONITOREO DE 6 CANALES ETHERNET,UND,-,,0
0017,999,06,H021200,NO.COD.FAB,1.000,FILTRO DE AIRE SINTETICO 60x30 C/MT HH60130,UND,-,,0
0017,999,06,JC320-001,JC320,346.000,MICROTUBO DESCARTABLE P/CITOCENTRIFUGA UNIDAD,UND,-,,0
0017,999,08,L-SMDSD,,1.000,PLACA PARA ESTERILIZADOR A VAPOR MOD. SM-DSD-160 STERILMED,UND,-,,0
0017,999,06,P-3,NO.COD.FAB,1.000,ACEITE ESPECIAL PARA BOMBA DE VACIO TIPO P3,UND,-,,0
0017,999,06,QS-74,,2.000,CELDA DE FLUJO P/ESPECTROFOTOMETRO,UND,-,,0
0017,999,06,R1833-25,R1833GBHF-25,1.000,REGULADOR DE OXIGENO 0 - 25 LPM MOD. R1833GBHF-25,UND,-,,0
0017,999,06,T200,T200,2.000,TRANSDUCTOR 2MHZ P/DETECTOR FETAL NICOLET,UND,-,,0
0017,WB1200,06,30405-050,2900,17.000,TUBERIA DE LATEX PARA TENSIOMETRO 1 MT. W.A. BAUM,UND,-,,0
0017,W10775,06,1010,NO.COD.FAB,366.000,PLUG DE SOBRE PRESION P/ AUTOCLAVE MOD. M25X WISCO,UND,-,,0
0017,W10775,06,2159,2159,1.000,TERMOSTATO P/AUTOCLAVE MOD. 25X WISCONSIN,UND,-,,0
0017,W10775,06,2160,NO.COD.FAB,6.000,PERILLA DE BAKELITA PARA TERMOSTATO WISCONSIN USA,UND,-,,0
0017,W10775,06,72,NO.COD.FAB,4.000,MANOMETRO (GAUGE) 72S WISCONSIN USA,UND,-,,0
0017,W10775,06,76,NO.COD.FAB,2.000,BAKELITA TIP HANDLE WISCONSIN,UND,-,,0
0018,H4316,01,9000,,1.000,SISTEMA DE AFERESIS MOD. MCS+ 9000 HAEMONETICS,UND,05C015,,1
0018,H4316,01,9000,,1.000,SISTEMA DE AFERESIS MOD. MCS+ 9000 HAEMONETICS,UND,05K065,,1
0018,H4316,01,9000,,1.000,SISTEMA DE AFERESIS MOD. MCS+ 9000 HAEMONETICS,UND,06B358,,1
0018,H4316,01,9000,,1.000,SISTEMA DE AFERESIS MOD. MCS+ 9000 HAEMONETICS,UND,06C357-1,,1
0018,H4316,01,9000,,1.000,SISTEMA DE AFERESIS MOD. MCS+ 9000 HAEMONETICS,UND,07L179,,1
0018,H4316,01,9000,,1.000,SISTEMA DE AFERESIS MOD. MCS+ 9000 HAEMONETICS,UND,08B102,,1
0018,H4316,01,9000,,1.000,SISTEMA DE AFERESIS MOD. MCS+ 9000 HAEMONETICS,UND,09C170,,1
0018,H4316,01,9000,,1.000,SISTEMA DE AFERESIS MOD. MCS+ 9000 HAEMONETICS,UND,09C171,,1
0018,H4316,01,9000,,1.000,SISTEMA DE AFERESIS MOD. MCS+ 9000 HAEMONETICS,UND,09E062,,1
0018,H4316,01,9000,,1.000,SISTEMA DE AFERESIS MOD. MCS+ 9000 HAEMONETICS,UND,09F089,,1
0018,H4316,01,9000,,1.000,SISTEMA DE AFERESIS MOD. MCS+ 9000 HAEMONETICS,UND,09F090,,1
0018,H4316,01,9000,,1.000,SISTEMA DE AFERESIS MOD. MCS+ 9000 HAEMONETICS,UND,09F091,,1
0018,H4316,01,9000,,1.000,SISTEMA DE AFERESIS MOD. MCS+ 9000 HAEMONETICS,UND,09K194,,1
0018,H4316,01,9000,,1.000,SISTEMA DE AFERESIS MOD. MCS+ 9000 HAEMONETICS,UND,09K195,,1
0018,H4316,01,9000,,1.000,SISTEMA DE AFERESIS MOD. MCS+ 9000 HAEMONETICS,UND,10B119,,1
0018,H4316,01,9000,,1.000,SISTEMA DE AFERESIS MOD. MCS+ 9000 HAEMONETICS,UND,10B123,,1
0018,H4316,01,9000,,1.000,SISTEMA DE AFERESIS MOD. MCS+ 9000 HAEMONETICS,UND,10C206,,1
0018,H4316,01,9000,,1.000,SISTEMA DE AFERESIS MOD. MCS+ 9000 HAEMONETICS,UND,10M135,,1
0018,H4316,01,9000,,1.000,SISTEMA DE AFERESIS MOD. MCS+ 9000 HAEMONETICS,UND,11B031,,1
0018,H4316,01,9000,,1.000,SISTEMA DE AFERESIS MOD. MCS+ 9000 HAEMONETICS,UND,11D178,,1
0018,H4316,01,9000,,1.000,SISTEMA DE AFERESIS MOD. MCS+ 9000 HAEMONETICS,UND,11J473,,1
0018,H4316,01,9000,,1.000,SISTEMA DE AFERESIS MOD. MCS+ 9000 HAEMONETICS,UND,11J474,,1
0018,H4316,01,9000,,1.000,SISTEMA DE AFERESIS MOD. MCS+ 9000 HAEMONETICS,UND,11J475,,1
0018,H4316,01,9000,,1.000,SISTEMA DE AFERESIS MOD. MCS+ 9000 HAEMONETICS,UND,11M394,,1
0018,H4316,01,9000,,1.000,SISTEMA DE AFERESIS MOD. MCS+ 9000 HAEMONETICS,UND,11M395,,1
0018,H4316,01,9000,,1.000,SISTEMA DE AFERESIS MOD. MCS+ 9000 HAEMONETICS,UND,12D116,,1
0018,H4316,01,9000,,1.000,SISTEMA DE AFERESIS MOD. MCS+ 9000 HAEMONETICS,UND,12G146,,1
0018,H4316,01,9000,,1.000,SISTEMA DE AFERESIS MOD. MCS+ 9000 HAEMONETICS,UND,13B029,,1
0018,H4316,01,9000,,1.000,SISTEMA DE AFERESIS MOD. MCS+ 9000 HAEMONETICS,UND,13C311,,1
0018,H4316,01,9000,,1.000,SISTEMA DE AFERESIS MOD. MCS+ 9000 HAEMONETICS,UND,14D054,,1
0018,H4316,01,9000,,1.000,SISTEMA DE AFERESIS MOD. MCS+ 9000 HAEMONETICS,UND,14D055,,1
0018,H4316,01,9000,,1.000,SISTEMA DE AFERESIS MOD. MCS+ 9000 HAEMONETICS,UND,14D056,,1
0018,H4316,01,9000,,1.000,SISTEMA DE AFERESIS MOD. MCS+ 9000 HAEMONETICS,UND,14D060,,1
0018,H4316,01,9000,,1.000,SISTEMA DE AFERESIS MOD. MCS+ 9000 HAEMONETICS,UND,95M180U,,1
0018,H4316,01,9000,,1.000,SISTEMA DE AFERESIS MOD. MCS+ 9000 HAEMONETICS,UND,96F098U,,1
0018,H4316,01,9000,,1.000,SISTEMA DE AFERESIS MOD. MCS+ 9000 HAEMONETICS,UND,96K170U,,1
0018,H4316,01,9000,,1.000,SISTEMA DE AFERESIS MOD. MCS+ 9000 HAEMONETICS,UND,97J133,,1
0018,H4316,01,9000,,1.000,SISTEMA DE AFERESIS MOD. MCS+ 9000 HAEMONETICS,UND,97J187U-1,,1
0018,H4316,01,9000,,1.000,SISTEMA DE AFERESIS MOD. MCS+ 9000 HAEMONETICS,UND,97J226U-1,,1
0018,H4316,01,9000-E,9000-220-EW,1.000,SISTEMA DE AFERESIS MOD. MCS+ 9000 220V HAEMONETIC,UND,09B084,,1
0018,H4316,01,9000-E,9000-220-EW,1.000,SISTEMA DE AFERESIS MOD. MCS+ 9000 220V HAEMONETIC,UND,14D060,,1
0018,H4316,01,9000-E,9000-220-EW,1.000,SISTEMA DE AFERESIS MOD. MCS+ 9000 220V HAEMONETIC,UND,16K511SPG,,1
0018,H4316,01,9000-E,9000-220-EW,1.000,SISTEMA DE AFERESIS MOD. MCS+ 9000 220V HAEMONETIC,UND,16K515SPG,,1
0018,H4316,01,9000-E,9000-220-EW,1.000,SISTEMA DE AFERESIS MOD. MCS+ 9000 220V HAEMONETIC,UND,17L529SPG,,1
0018,H4316,01,9000-E,9000-220-EW,1.000,SISTEMA DE AFERESIS MOD. MCS+ 9000 220V HAEMONETIC,UND,22C228SPG,,1
0018,999,08,BR1200,BR1200LCD1,1.000,UPS SIST. DE ALIMENTACION ININTERRUMPIDA 1KVA APC,UND,4B1745P01041,,1
0020,BM1425,08,B-2950-6899,TW-103,2.000,CASETTES DE 250 SOLDADURAS P/SELLADOR BMS,UND,-,,0
0020,CP2385,08,FF-99610-30,FF-99610-30,2.000,CUBETAS DE VIDRIO  10x10 MM.  COLE PARMER,UND,-,,0
0020,C2400,03,004210,004210,200.000,FAJA SUJETADORA  ALTERNA BELT P/PLACA 2 PIEZAS COLOPLAST,UND,8988458,22/03/2027,1
0020,C2400,04,11035,11035,10.000,PLACA BASE SENSURA CLICKXPRO C/O/P/CINT.ACOP Ø 60MM  15-43MM,UND,9721520,27/01/2027,1
0020,C2400,04,11802,11802,1.000,BOLSA UROSTOMIA SENSURA 1PC  OPACA   10-76MM  COLOPLAST,UND,9721514,28/02/2027,1
0020,C2400,04,12042,12042,10.000,ANILLO MOLDEABLE  BRAVA  4.2MM  UNIDAD  COLOPLAST,UND,9727521,24/04/2027,1
0020,C2400,04,21875-5230,5230,30.000,COLECTOR  URINARIO EXTERNO CONVEEN CAT. 5230 COLOPLA,UND,10097089,06/12/2027,1
0020,C2400,04,21880-25,3903,1.000,PURILON GEL COMFEEL 25 GR. COD. 3903 COLOPLAST,UND,106927,02/02/2026,1
0020,C2400,04,39638,39638,1.000,APOSITO BIATAIN SILICONE  AG  COLOPLAST,UND,8069070,22/06/2024,1
0020,CG2590,03,F-4000-125B,NO.COD.FAB,3.000,BALON FONDO PLANO, PYREX 125 ML. CORNING,UND,-,,0
0020,CG2590,03,F-4430-500,NO.COD.FAB,5.000,MATRAZ KJELDAHL 500 ML. PYREX CORNING GLASS,UND,-,,0
0020,CG2590,03,W-2500-75,9985-75,3.000,LUNAS DE RELOJ P/LABORATORIO 75 MM. CORNING GLASS,UND,-,,0
0020,CG2590,03,W-2500-90,9985-90,50.000,LUNAS DE RELOJ P/LABORATORIO 90 MM. CORNING GLASS,UND,-,,0
0020,CM2590,03,B-2650-150M,1000-150,12.000,VASO DE PRECIPITACION FORMA BAJA 150 ML. CORNING,UND,-,,0
0020,CM2590,03,B-2650-250A,1000-250,1.000,VASO DE PRECIPITACION FORMA BAJA 250 ML. CORNING,UND,-,,0
0020,CM2590,03,B-2660-200,1060-200,118.000,VASO DE PRECIPITACION FORMA ALTA 200ML. CORNING,UND,-,,0
0020,CM2590,03,B-7662-250A,1395-250,2.000,BOTELLA GRADUADA VIDRIO TRANSP. TAPA ROSCA 250 ML,UND,-,,0
0020,CM2590,03,C-3804-15B,,1.000,TUBO DE CENTRIFUGA SIN GRADUAR CONICO 15 ML. CORN,UND,-,,0
0020,CM2590,03,C-9055-100MC,3022C-100,8.000,PROBETA GRADUADA CERTIFICADA PYREX 100ML CORNING,UND,-,,0
0020,CM2590,03,C-9055-10M,3022-10,2.000,PROBETA GRADUADA PYREX DE 10 ML. CORNING,UND,-,,0
0020,CM2590,03,C-9055-250MC,3022C-250,9.000,PROBETA GRADUADA CERTIFICADA 250ML. PYREX CORNING,UND,-,,0
0020,CM2590,03,C-9055-500MC,3022C-500,1.000,PROBETA GRADUADA CERTIFICADA 500ML. PYREX CORNING,UND,-,,0
0020,CM2590,03,C-9065-500M,3042-500,1.000,PROBETA GRADUADA LINEA ROJA 500 ML. CORNING,UND,-,,0
0020,CM2590,03,C-9066-1000M,3062-1000,1.000, PROBETA GRADUADA CLASE   A   1000ML. CORNING GLASS ,UND,-,,0
0020,CM2590,03,E-6250-2A,3840-250M,1.000,APARATO DE EXTRACCION COMPLETA 250 ML. CORNING MEX,UND,-,,0
0020,CM2590,03,F-4250-500A,4980-500,25.000,MATRAZ ERLENMEYER GRADUADO 500 ML. PYREX CORNING,UND,-,,0
0020,CM2590,03,F-4295-125M,5020-125,1.000,MATRAZ ERLENMEYER C/TAPA 125ML. BOCA ESMERILADA,UND,-,,0
0020,CM2590,03,F-4310-500M,NO.COD.FAB,18.000,MATRAZ ERLENMAYER TAPA ROSCA 500 ML. CORNING,UND,-,,0
0020,CM2590,03,F-4660-50MC,5635C-50,5.000,MATRAZ VOLUMETRICO BOCA ANCHA 50ML (5635C-50,UND,-,,0
0020,CM2590,03,F-4668-25MC,5642C-25,6.000,MATRAZ VOLUMETRICO CLASE A CERTIFICADO 25ML C/TAPA,UND,-,,0
0020,CM2590,03,F-4680-050M,55640-50,6.000, MATRAZ VOLUMETRICO CLASE   A   50 ML. BAJO ACTINICO ,UND,-,,0
0020,CM2590,03,F-4690-13,7624-13,49.000,TAPON PLASTICO CON ALETA ( 7624-13) CORNING,UND,-,,0
0020,CM2590,03,P-4185-100MC,7100C-100,15.000,PIPETA VOLUMETRICA CLASE A CERTIFICADA 100ML.CORNI,UND,-,,0
0020,CM2590,03,P-4185-15MC,7100C-15,1.000,PIPETA VOLUMETRICA CLASE A CERTIFICADA 15ML.CORNIN,UND,-,,0
0020,CM2590,03,P-4185-25MC,7100C-25,12.000,PIPETA VOLUMETRICA CLASE A CERTIFICADA 25ML.CORNIN,UND,-,,0
0020,FS3730,03,F-7360-040,03865,1.000,EMBUDO DE VIDRIO 40MM. FISHER SC.,UND,-,,0
0020,FS3730,03,FB965F,FB965F,2.000,CRISOL DE PORCELANA FORMA ALTA 40 ML CJA/6  FISHER,CJA,-,,0
0020,GF4190,03,B-7715-1,NO.COD.FAB,265.000,GOTERO DE VIDRIO 30 ML. GRAHAM FIELD,UND,-,,0
0020,GF4190,03,B-7715-4,NO.COD.FAB,145.000,GOTERO DE VIDRIO 4 OZ. GRAHAM FIELD,UND,-,,0
0020,GF4190,03,B-9765-2,NO.COD.FAB,1.000,LAMPARA DE ALCOHOL 4OZ. GRAHAM FIELD (MECHERO ALCO,UND,-,,0
0020,H4316,04,10247,10247,10.000,SOLUCION ACD FORMULA   A  x  750 ML,UND,24040516,31/03/2026,1
0020,H4316,04,980,980,9.000,KIT DE RECAMBIO PLASMA TERAPEUTICO HAEMONETICS,UND,0320046,04/03/2025,1
0020,H4316,04,994CF,994CF-CPP,1.000,KIT DE RECOLECCION DE PLAQUETAS CON FILTRO HAEMONE,UND,0222064,20/02/2025,1
0020,HB100,03,C-6560-585,585,1.000,CRONOMETRO ELECTRONICO BASICO LCD H-B,UND,-,,0
0020,KI5226,03,B-4121-02,CCS-02,2.000,CONTADOR DE CELULAS SANGUINEAS MOD. CCS02 KACIL IN,UND,-,,0
0020,LC5580,03,B-2650-600K,1935000,1.000,VASO  DE 600 ML. BOROSILICATO MARCA KIMAX,UND,-,,0
0020,MN6114,03,F-2540-6X,NO.COD.FAB,1.000,PAPEL FILTRO 12.5 CM #MN640M=(# 40) PK/100 MACHERE,UND,-,,0
0020,MN6114,03,F-2708-3XX,NO.COD.FAB,1.000,PAPEL FILTRO MN619=(#5) 58x58 CM. UNIDAD MACHEREY,UND,-,,0
0020,MB6750,03,P-5069-5230,94052300,1.000,PUNTAS C/FILTRO FINNTIP 200ul PK/96 P/MICROPIPETA,UND,-,,0
0020,NC6940,03,B-7515-0500,2104-0016,3.000,BOTELLA P/LABORATORIO HDPE 500ML.(2104-0016)NALGEN,UND,-,,0
0020,NC6940,03,B-7591-500,7211-0500,1.000, TRI-CLAMP SANITARIO 1   CONECTOR P/BIDON NALGENE ,UND,-,,0
0020,NC6940,03,B-7892-1000,2402-1000,11.000,PIZETA PLASTICA LDPE x 1000ML. NALGENE,UND,-,,0
0020,NC6940,03,C-3845-050,334940,1.000,TUBO CONICO P/CENTRIFUGA 50ML. C/TAPA (334940 NUNC,UND,-,,0
0020,NC6940,03,F-4750-075,156472,100.000,FRASCO P/CULTIVO 75CM2 C/TAPA (156472) NUNC,UND,-,,0
0020,NC6940,03,F-7460-004,4260-0040,1.000,EMBUDO BAJA DENSIDAD LDPE 4PULG.(4260-0040)NALGENE,UND,-,,0
0020,PC7485,04,68015-96,ELD96LYL,2.000,FILTRO INTRAVENOSO ELD96LYL 0.2 um MICROBORE PALL,UND,23-535,31/01/2028,1
0020,PC7485,04,68015-96,ELD96LYL,7.000,FILTRO INTRAVENOSO ELD96LYL 0.2 um MICROBORE PALL,UND,22-156,31/07/2027,1
0020,PC7485,08,68020-AQ14,AQ14F1SA,16.000,FILTRO DE AGUA AQUASAFE P/CAÐO PALL,UND,-,,0
0020,PC7485,03,68025-CVK1,CVK1/2M,5.000,CONECTOR CVK1/2M 1/2 ml AQF EN LINEA PALL,UND,-,,0
0020,PC7485,03,68025-SHO1,SHO1/2MNR,4.000,CONECTOR DE FLUJO RESTRICTO SHO1/2MNR PALL,UND,-,,0
0020,PC7485,03,68026-CVK1,CVK1/2FM,5.000,CONECTOR CVK1/2FM 1/2 FM AQF EN LINEA PALL,UND,-,,0
0020,PC7485,08,791-08,,2.000,BOLSA P/SANGRE CORDON UMBILICAL MARCA PALL,UND,-,,0
0020,RR8465,04,2050-0,2050,2.000,OTOSCOPIO/OFTALMOSCOPIO 2.7V/XL2.5V  C/MANGO TIPO C,UND,-,,0
0020,RR8465,08,30482-059,123,1.000,BRAZALETE VELCRO 2 TUBOS, ADULTO OBESO RIESTER,UND,-,,0
0020,RR8465,04,31010,NO.COD.FAB,2.000,LINTERNA FORTELUX N P/DIAGNOSTICO MEDICO RUD RIEST,UND,-,,0
0020,RR8465,08,31-10607,10607,1.000,FOCO DE XENON PARA OTOSCOPIO DE 3.5V RIESTER,UND,-,,0
0020,RR8465,08,31-10681,10681,1.000,BATERIA RECARGABLE 2.5V. RUD RIESTER,UND,-,,0
0020,RR8465,04,4031-03,4031-03,1.000,ESTETOSCOPIO DUPLEX ADULTO AZUL ALUMINIO  RIESTER,UND,-,,0
0020,RR8465,04,5070,,12.000,LINTERNA   RI-PEN   RUD RIESTER,UND,-,,0
0020,TE4940,08,88882121,88882121,2.000,ADAPTADOR PARA FRASCOS  THERMO,UND,-,,0
0020,TE4940,08,C-1475-3504,75003504,1.000,ADAPTADOR DE TUBOS 4x14ML P/CENTRIFUGA THERMO,UND,-,,0
0020,TE4940,08,C-1475-3803,75003803,1.000,ADAPTADORES CONICOS SET/4 DE 50ML.P/SORVALL ST16,UND,-,,0
0020,IE4940,08,C-1460-664,11210664,2.000,TAPAS PARA BUCKETS PK/4 P/MOD. CL10 THERMO IEC,UND,-,,0
0020,IE4940,08,C-1460-673,11210673,3.000,ADAPTADORES 7x5 ML. PK/4 P/CENTRIFUGA CL10 IEC,UND,-,,0
0020,999,08,BD2420,BD2420,4.000, ROLLO POSICIONADOR VERSATIL 5x17x4   P/MESA. KENKAR ,UND,-,,0
0020,999,03,C-3860-002,60-0002,1.000,MICRO TUBOS P/CENTRIFUGA 2 ML. PLASTICO BIOLOGIX,UND,-,,0
